school_id,term_code,term_name,subject,course_number,crn,section_number,title,credits,credits_min,credits_max,credits_raw,instructional_method,campus,capacity,enrolled,waitlist_capacity,waitlist_count,cross_list_group,cross_list_capacity,cross_list_enrolled,meetings,instructors,extraction_failures,source_url,retrieved_at,last_confirmed_at
cocc,202540,Fall 2025 (View Only),AH,111,40859,03,Medical Terminology,3.0,3.0,3.0,3,Online,Online,30,27,30,0,,,,none - Online  Lecture,Michael Baker (primary),,https://reg-prod.cocc.edu/StudentRegistrationSsb/ssb/searchResults/searchResults?txt_term=202540&startDatepicker=&endDatepicker=&uniqueSessionId=dg7fbb9355f165&pageOffset=0&pageMaxSize=500&sortColumn=subjectDescription&sortDirection=asc,2026-09-12T16:02:10.8265560+00:00,2026-09-12T17:34:56.2888100+00:00
cocc,202540,Fall 2025 (View Only),APR,100,40869,02,Trade Skills Fundamentals,4.0,4.0,4.0,4,Hybrid,Redmond Campus,13,12,13,0,,,,S 0800-1700 Redmond Technology Ed Center 113 Lecture/Lab ; S 0800-1700 Redmond Technology Ed Center 113 Lecture/Lab ; S 0800-1700 Redmond Technology Ed Center 113 Lecture/Lab ; S 0800-1700 Redmond Technology Ed Center 113 Lecture/Lab ; none - Online  Lecture/Lab,Rachel Stark (primary),,https://reg-prod.cocc.edu/StudentRegistrationSsb/ssb/searchResults/searchResults?txt_term=202540&startDatepicker=&endDatepicker=&uniqueSessionId=dg7fbb9355f165&pageOffset=0&pageMaxSize=500&sortColumn=subjectDescription&sortDirection=asc,2026-09-12T16:02:10.8265560+00:00,2026-09-12T17:34:56.2888100+00:00
cocc,202540,Fall 2025 (View Only),AUT,101,40077,02,Basic Electricity-Automotive,2.0,2.0,2.0,2,In-Person,Bend Campus,12,9,12,0,,,,MTWR 0745-1335 Ponderosa Hall 0106 Lab,Lanny Gallion (primary),,https://reg-prod.cocc.edu/StudentRegistrationSsb/ssb/searchResults/searchResults?txt_term=202540&startDatepicker=&endDatepicker=&uniqueSessionId=dg7fbb9355f165&pageOffset=0&pageMaxSize=500&sortColumn=subjectDescription&sortDirection=asc,2026-09-12T16:02:10.8265560+00:00,2026-09-12T17:34:56.2888100+00:00
cocc,202540,Fall 2025 (View Only),AUT,101,40078,03,Basic Electricity-Automotive,2.0,2.0,2.0,2,In-Person,Bend Campus,12,7,12,0,,,,MTWR 0745-1335 Ponderosa Hall 0106 Lab,Lanny Gallion (primary),,https://reg-prod.cocc.edu/StudentRegistrationSsb/ssb/searchResults/searchResults?txt_term=202540&startDatepicker=&endDatepicker=&uniqueSessionId=dg7fbb9355f165&pageOffset=0&pageMaxSize=500&sortColumn=subjectDescription&sortDirection=asc,2026-09-12T16:02:10.8265560+00:00,2026-09-12T17:34:56.2888100+00:00
cocc,202540,Fall 2025 (View Only),AUT,106,40081,01,Automotive Program Orientation,1.0,1.0,1.0,1,In-Person,Bend Campus,38,38,38,0,,,,MTW 1400-1710 Ponderosa Hall 0102 Lecture,Jared Green ; Jim Siekkinen (primary),,https://reg-prod.cocc.edu/StudentRegistrationSsb/ssb/searchResults/searchResults?txt_term=202540&startDatepicker=&endDatepicker=&uniqueSessionId=dg7fbb9355f165&pageOffset=0&pageMaxSize=500&sortColumn=subjectDescription&sortDirection=asc,2026-09-12T16:02:10.8265560+00:00,2026-09-12T17:34:56.2888100+00:00
cocc,202540,Fall 2025 (View Only),AUT,110,40101,04,Small Gas Engines,3.0,3.0,3.0,3,Hybrid,Bend Campus,12,11,12,0,,,,MTWR 0745-1335 Ponderosa Hall 0107 Lab ; none - Online  Lab,Chuck Arnold (primary),,https://reg-prod.cocc.edu/StudentRegistrationSsb/ssb/searchResults/searchResults?txt_term=202540&startDatepicker=&endDatepicker=&uniqueSessionId=dg7fbb9355f165&pageOffset=0&pageMaxSize=500&sortColumn=subjectDescription&sortDirection=asc,2026-09-12T16:02:10.8265560+00:00,2026-09-12T17:34:56.2888100+00:00
cocc,202540,Fall 2025 (View Only),AV,112,40123,01,Technically Advanced Aircraft,3.0,3.0,3.0,3,In-Person,Bend Campus,35,12,35,0,,,,F 1000-1150 Grandview Hall 0110 Lecture ; none - Bend Airport  Lecture/Lab,Steve Crowe (primary),,https://reg-prod.cocc.edu/StudentRegistrationSsb/ssb/searchResults/searchResults?txt_term=202540&startDatepicker=&endDatepicker=&uniqueSessionId=dg7fbb9355f165&pageOffset=0&pageMaxSize=500&sortColumn=subjectDescription&sortDirection=asc,2026-09-12T16:02:10.8265560+00:00,2026-09-12T17:34:56.2888100+00:00
cocc,202540,Fall 2025 (View Only),AV,115,40108,01,Private Pilot-Helicopter,5.0,5.0,5.0,5,In-Person,Bend Campus,36,21,36,0,,,,MW 1500-1720 Health Careers Center 0140 Lecture ; M 1515-1715 Health Careers Center 0140 Final Exam,Walter Lasecki (primary),,https://reg-prod.cocc.edu/StudentRegistrationSsb/ssb/searchResults/searchResults?txt_term=202540&startDatepicker=&endDatepicker=&uniqueSessionId=dg7fbb9355f165&pageOffset=0&pageMaxSize=500&sortColumn=subjectDescription&sortDirection=asc,2026-09-12T16:02:10.8265560+00:00,2026-09-12T17:34:56.2888100+00:00
cocc,202540,Fall 2025 (View Only),AV,222A,40125,01,Pvt Pilot I Airplane Flt Lab,1.0,1.0,1.0,1,In-Person,Bend Campus,30,18,30,0,,,,none - Bend Airport  Lab,Lisa Shipman ; Kamilla Farkas (primary),,https://reg-prod.cocc.edu/StudentRegistrationSsb/ssb/searchResults/searchResults?txt_term=202540&startDatepicker=&endDatepicker=&uniqueSessionId=dg7fbb9355f165&pageOffset=0&pageMaxSize=500&sortColumn=subjectDescription&sortDirection=asc,2026-09-12T16:02:10.8265560+00:00,2026-09-12T17:34:56.2888100+00:00
cocc,202540,Fall 2025 (View Only),AV,222G,40131,01,Comm Pilot II Airplane Flt Lab,1.0,1.0,1.0,1,In-Person,Bend Campus,30,13,30,0,,,,none - Bend Airport  Lab,Lisa Shipman ; Kamilla Farkas (primary),,https://reg-prod.cocc.edu/StudentRegistrationSsb/ssb/searchResults/searchResults?txt_term=202540&startDatepicker=&endDatepicker=&uniqueSessionId=dg7fbb9355f165&pageOffset=0&pageMaxSize=500&sortColumn=subjectDescription&sortDirection=asc,2026-09-12T16:02:10.8265560+00:00,2026-09-12T17:34:56.2888100+00:00
cocc,202540,Fall 2025 (View Only),AV,227E,40141,01,Inst Pilot II Heli Flt Lab,1.0,1.0,1.0,1,In-Person,Bend Campus,30,3,30,0,,,,none - Bend Airport  Lab,Lisa Shipman ; Steve Crowe (primary),,https://reg-prod.cocc.edu/StudentRegistrationSsb/ssb/searchResults/searchResults?txt_term=202540&startDatepicker=&endDatepicker=&uniqueSessionId=dg7fbb9355f165&pageOffset=0&pageMaxSize=500&sortColumn=subjectDescription&sortDirection=asc,2026-09-12T16:02:10.8265560+00:00,2026-09-12T17:34:56.2888100+00:00
cocc,202540,Fall 2025 (View Only),AV,235,40117,01,Human Factors,4.0,4.0,4.0,4,In-Person,Bend Campus,36,27,36,0,,,,TR 0800-0950 Cascades Hall 0118 Lecture ; T 0800-1000 Cascades Hall 0118 Final Exam,Steve Crowe (primary),,https://reg-prod.cocc.edu/StudentRegistrationSsb/ssb/searchResults/searchResults?txt_term=202540&startDatepicker=&endDatepicker=&uniqueSessionId=dg7fbb9355f165&pageOffset=0&pageMaxSize=500&sortColumn=subjectDescription&sortDirection=asc,2026-09-12T16:02:10.8265560+00:00,2026-09-12T17:34:56.2888100+00:00
cocc,202540,Fall 2025 (View Only),BA,101Z,40158,03,Introduction to Business,4.0,4.0,4.0,4,In-Person,Bend Campus,28,28,28,0,,,,MW 1300-1450 Cascades Hall 0246 Lecture ; M 1300-1500 Cascades Hall 0246 Final Exam,Steven VanRoekel (primary),,https://reg-prod.cocc.edu/StudentRegistrationSsb/ssb/searchResults/searchResults?txt_term=202540&startDatepicker=&endDatepicker=&uniqueSessionId=dg7fbb9355f165&pageOffset=0&pageMaxSize=500&sortColumn=subjectDescription&sortDirection=asc,2026-09-12T16:02:10.8265560+00:00,2026-09-12T17:34:56.2888100+00:00
cocc,202540,Fall 2025 (View Only),BA,101Z,40173,06,Introduction to Business,4.0,4.0,4.0,4,Online,Online,28,24,28,0,,,,none - Online  Lecture,Darien Estes (primary),,https://reg-prod.cocc.edu/StudentRegistrationSsb/ssb/searchResults/searchResults?txt_term=202540&startDatepicker=&endDatepicker=&uniqueSessionId=dg7fbb9355f165&pageOffset=0&pageMaxSize=500&sortColumn=subjectDescription&sortDirection=asc,2026-09-12T16:02:10.8265560+00:00,2026-09-12T17:34:56.2888100+00:00
cocc,202540,Fall 2025 (View Only),BA,214,40169,03,Business Communications,3.0,3.0,3.0,3,In-Person,Bend Campus,28,18,28,0,,,,TR 1000-1120 Grandview Hall 0112 Lecture ; T 1015-1215 Grandview Hall 0112 Final Exam,Holly Hutchins (primary),,https://reg-prod.cocc.edu/StudentRegistrationSsb/ssb/searchResults/searchResults?txt_term=202540&startDatepicker=&endDatepicker=&uniqueSessionId=dg7fbb9355f165&pageOffset=0&pageMaxSize=500&sortColumn=subjectDescription&sortDirection=asc,2026-09-12T16:02:10.8265560+00:00,2026-09-12T17:34:56.2888100+00:00
cocc,202540,Fall 2025 (View Only),BA,214,40187,01,Business Communications,3.0,3.0,3.0,3,Online,Online,28,25,28,0,,,,none - Online  Lecture,Michael Hansen (primary),,https://reg-prod.cocc.edu/StudentRegistrationSsb/ssb/searchResults/searchResults?txt_term=202540&startDatepicker=&endDatepicker=&uniqueSessionId=dg7fbb9355f165&pageOffset=0&pageMaxSize=500&sortColumn=subjectDescription&sortDirection=asc,2026-09-12T16:02:10.8265560+00:00,2026-09-12T17:34:56.2888100+00:00
cocc,202540,Fall 2025 (View Only),BI,105,40770,02,Biology for Health Sciences,4.0,4.0,4.0,4,Online,Online,24,20,24,0,,,,none - Online  Lecture,Marilyn Waller-Niewold (primary),,https://reg-prod.cocc.edu/StudentRegistrationSsb/ssb/searchResults/searchResults?txt_term=202540&startDatepicker=&endDatepicker=&uniqueSessionId=dg7fbb9355f165&pageOffset=0&pageMaxSize=500&sortColumn=subjectDescription&sortDirection=asc,2026-09-12T16:02:10.8265560+00:00,2026-09-12T17:34:56.2888100+00:00
cocc,202540,Fall 2025 (View Only),BI,232,40762,01,Human Anatomy & Physiology II,4.0,4.0,4.0,4,Online,Online,24,21,24,0,,,,none - Online  Lab ; none - Online  Lecture,Jess Miller (primary),,https://reg-prod.cocc.edu/StudentRegistrationSsb/ssb/searchResults/searchResults?txt_term=202540&startDatepicker=&endDatepicker=&uniqueSessionId=dg7fbb9355f165&pageOffset=0&pageMaxSize=500&sortColumn=subjectDescription&sortDirection=asc,2026-09-12T16:02:10.8265560+00:00,2026-09-12T17:34:56.2888100+00:00
cocc,202540,Fall 2025 (View Only),CH,221Z,40742,01,General Chemistry I,4.0,4.0,4.0,4,Hybrid,Bend Campus,24,21,24,0,,,,T 0900-0950 Middleton Science Center 0220 Lecture ; T 1015-1215 Middleton Science Center 0220 Final Exam ; none - Online  Lecture,Stephanie Christau (primary),,https://reg-prod.cocc.edu/StudentRegistrationSsb/ssb/searchResults/searchResults?txt_term=202540&startDatepicker=&endDatepicker=&uniqueSessionId=dg7fbb9355f165&pageOffset=0&pageMaxSize=500&sortColumn=subjectDescription&sortDirection=asc,2026-09-12T16:02:10.8265560+00:00,2026-09-12T17:34:56.2888100+00:00
cocc,202540,Fall 2025 (View Only),CIS,125V,40257,01,Visio,4.0,4.0,4.0,4,Online,Online,28,4,28,0,,,,none - Online  Combination Lecture/Lab,Sean Palagyi (primary),,https://reg-prod.cocc.edu/StudentRegistrationSsb/ssb/searchResults/searchResults?txt_term=202540&startDatepicker=&endDatepicker=&uniqueSessionId=dg7fbb9355f165&pageOffset=0&pageMaxSize=500&sortColumn=subjectDescription&sortDirection=asc,2026-09-12T16:02:10.8265560+00:00,2026-09-12T17:34:56.2888100+00:00
cocc,202540,Fall 2025 (View Only),CIS,131,40258,01,Software Applications,4.0,4.0,4.0,4,Online,Online,28,21,28,0,,,,none - Online  Combination Lecture/Lab,Lew Cousineau (primary),,https://reg-prod.cocc.edu/StudentRegistrationSsb/ssb/searchResults/searchResults?txt_term=202540&startDatepicker=&endDatepicker=&uniqueSessionId=dg7fbb9355f165&pageOffset=0&pageMaxSize=500&sortColumn=subjectDescription&sortDirection=asc,2026-09-12T16:02:10.8265560+00:00,2026-09-12T17:34:56.2888100+00:00
cocc,202540,Fall 2025 (View Only),CIS,283CA,40784,01,Cybersecurity Analyst,4.0,4.0,4.0,4,Online,Online,2,2,2,0,,,,none - Online  Combination Lecture/Lab,Carson Haury (primary),,https://reg-prod.cocc.edu/StudentRegistrationSsb/ssb/searchResults/searchResults?txt_term=202540&startDatepicker=&endDatepicker=&uniqueSessionId=dg7fbb9355f165&pageOffset=0&pageMaxSize=500&sortColumn=subjectDescription&sortDirection=asc,2026-09-12T16:02:10.8265560+00:00,2026-09-12T17:34:56.2888100+00:00
cocc,202540,Fall 2025 (View Only),CJ,100,40274,05,Intro to Criminal Justice,3.0,3.0,3.0,3,Hybrid,Redmond Campus,30,5,30,0,,,,W 1500-1620 Redmond Building 3 309 Lecture ; W 1515-1715 Redmond Building 3 309 Final Exam ; none - Online  Lecture,Steve Campbell (primary),,https://reg-prod.cocc.edu/StudentRegistrationSsb/ssb/searchResults/searchResults?txt_term=202540&startDatepicker=&endDatepicker=&uniqueSessionId=dg7fbb9355f165&pageOffset=0&pageMaxSize=500&sortColumn=subjectDescription&sortDirection=asc,2026-09-12T16:02:10.8265560+00:00,2026-09-12T17:34:56.2888100+00:00
cocc,202540,Fall 2025 (View Only),CJ,234,40281,01,The World of Violent Criminals,3.0,3.0,3.0,3,Online,Online,30,20,30,0,,,,none - Online  Lecture,Masayo Halpin (primary),,https://reg-prod.cocc.edu/StudentRegistrationSsb/ssb/searchResults/searchResults?txt_term=202540&startDatepicker=&endDatepicker=&uniqueSessionId=dg7fbb9355f165&pageOffset=0&pageMaxSize=500&sortColumn=subjectDescription&sortDirection=asc,2026-09-12T16:02:10.8265560+00:00,2026-09-12T17:34:56.2888100+00:00
cocc,202540,Fall 2025 (View Only),COMM,111Z,40219,03,Public Speaking,4.0,4.0,4.0,4,In-Person,Redmond Campus,25,20,25,0,,,,MW 1300-1450 Redmond Building 3 309 Lecture ; M 1300-1500 Redmond Building 3 309 Final Exam,Kevin Merritt (primary),,https://reg-prod.cocc.edu/StudentRegistrationSsb/ssb/searchResults/searchResults?txt_term=202540&startDatepicker=&endDatepicker=&uniqueSessionId=dg7fbb9355f165&pageOffset=0&pageMaxSize=500&sortColumn=subjectDescription&sortDirection=asc,2026-09-12T16:02:10.8265560+00:00,2026-09-12T17:34:56.2888100+00:00
cocc,202540,Fall 2025 (View Only),CUL,101,40205,01,Introduction to Culinary Arts,4.0,4.0,4.0,4,In-Person,Bend Campus,16,16,16,0,,,,MT 0800-1150 Jungers Culinary Center 117 Lecture/Lab ; M 0800-1000 Jungers Culinary Center 117 Final Exam,Dom Shorthouse (primary),,https://reg-prod.cocc.edu/StudentRegistrationSsb/ssb/searchResults/searchResults?txt_term=202540&startDatepicker=&endDatepicker=&uniqueSessionId=dg7fbb9355f165&pageOffset=0&pageMaxSize=500&sortColumn=subjectDescription&sortDirection=asc,2026-09-12T16:02:10.8265560+00:00,2026-09-12T17:34:56.2888100+00:00
cocc,202540,Fall 2025 (View Only),CUL,110,40209,01,Culinary Foundations I,4.0,4.0,4.0,4,In-Person,Bend Campus,16,16,16,0,,,,RF 0800-1150 Jungers Culinary Center 119 Lecture/Lab ; R 0800-1000 Jungers Culinary Center 119 Final Exam,Molly Markland (primary),,https://reg-prod.cocc.edu/StudentRegistrationSsb/ssb/searchResults/searchResults?txt_term=202540&startDatepicker=&endDatepicker=&uniqueSessionId=dg7fbb9355f165&pageOffset=0&pageMaxSize=500&sortColumn=subjectDescription&sortDirection=asc,2026-09-12T16:02:10.8265560+00:00,2026-09-12T17:34:56.2888100+00:00
cocc,202540,Fall 2025 (View Only),CUL,110,40210,02,Culinary Foundations I,4.0,4.0,4.0,4,In-Person,Bend Campus,16,17,16,0,,,,RF 1300-1650 Jungers Culinary Center 119 Lecture/Lab ; R 1300-1500 Jungers Culinary Center 119 Final Exam,Molly Markland (primary),,https://reg-prod.cocc.edu/StudentRegistrationSsb/ssb/searchResults/searchResults?txt_term=202540&startDatepicker=&endDatepicker=&uniqueSessionId=dg7fbb9355f165&pageOffset=0&pageMaxSize=500&sortColumn=subjectDescription&sortDirection=asc,2026-09-12T16:02:10.8265560+00:00,2026-09-12T17:34:56.2888100+00:00
cocc,202540,Fall 2025 (View Only),DSGN,104,40074,01,UX Design Principles,4.0,4.0,4.0,4,Hybrid,Bend Campus,15,8,15,0,,,,W 1300-1500 Ponderosa Hall 0204 Final Exam ; W 1300-1450 Ponderosa Hall 0204 Lecture ; none - Online  Lecture,Lindsey Latiolais (primary),,https://reg-prod.cocc.edu/StudentRegistrationSsb/ssb/searchResults/searchResults?txt_term=202540&startDatepicker=&endDatepicker=&uniqueSessionId=dg7fbb9355f165&pageOffset=0&pageMaxSize=500&sortColumn=subjectDescription&sortDirection=asc,2026-09-12T16:02:10.8265560+00:00,2026-09-12T17:34:56.2888100+00:00
cocc,202540,Fall 2025 (View Only),ED,200,40294,01,Introduction to Education,3.0,3.0,3.0,3,Hybrid,Bend Campus,24,25,24,0,,,,T 1000-1150 Modoc Hall 0220 Lecture ; T 1015-1215 Modoc Hall 0220 Final Exam ; none - Online  Lecture,Sara Henson (primary),,https://reg-prod.cocc.edu/StudentRegistrationSsb/ssb/searchResults/searchResults?txt_term=202540&startDatepicker=&endDatepicker=&uniqueSessionId=dg7fbb9355f165&pageOffset=0&pageMaxSize=500&sortColumn=subjectDescription&sortDirection=asc,2026-09-12T16:02:10.8265560+00:00,2026-09-12T17:34:56.2888100+00:00
cocc,202540,Fall 2025 (View Only),EMT,195,40310,01,Crisis Intervention for EMS,3.0,3.0,3.0,3,In-Person,Bend Campus,30,25,30,0,,,,W 1300-1550 Cascades Hall 0114 Lecture ; W 1300-1500 Cascades Hall 0114 Final Exam,Rodney VanOrsdol (primary),,https://reg-prod.cocc.edu/StudentRegistrationSsb/ssb/searchResults/searchResults?txt_term=202540&startDatepicker=&endDatepicker=&uniqueSessionId=dg7fbb9355f165&pageOffset=0&pageMaxSize=500&sortColumn=subjectDescription&sortDirection=asc,2026-09-12T16:02:10.8265560+00:00,2026-09-12T17:34:56.2888100+00:00
cocc,202540,Fall 2025 (View Only),ENG,106Z,40607,01,Introduction to Poetry,4.0,4.0,4.0,4,In-Person,Prineville Campus,22,2,22,0,,,,MW 1800-1950 Prineville Campus 130 Lecture ; M 1800-2000 Prineville Campus 130 Final Exam,Bill Buck (primary),,https://reg-prod.cocc.edu/StudentRegistrationSsb/ssb/searchResults/searchResults?txt_term=202540&startDatepicker=&endDatepicker=&uniqueSessionId=dg7fbb9355f165&pageOffset=0&pageMaxSize=500&sortColumn=subjectDescription&sortDirection=asc,2026-09-12T16:02:10.8265560+00:00,2026-09-12T17:34:56.2888100+00:00
cocc,202540,Fall 2025 (View Only),ES,101,40534,01,Intro to Ethnic Studies,4.0,4.0,4.0,4,Online,Online,30,11,30,0,,,,none - Online  Lecture,Gabriann Hall (primary),,https://reg-prod.cocc.edu/StudentRegistrationSsb/ssb/searchResults/searchResults?txt_term=202540&startDatepicker=&endDatepicker=&uniqueSessionId=dg7fbb9355f165&pageOffset=0&pageMaxSize=500&sortColumn=subjectDescription&sortDirection=asc,2026-09-12T16:02:10.8265560+00:00,2026-09-12T17:34:56.2888100+00:00
cocc,202540,Fall 2025 (View Only),ES,211,40535,01,Intro Native Amer Studies,4.0,4.0,4.0,4,Online,Online,30,11,30,0,,,,none - Online  Lecture,Gabriann Hall (primary),,https://reg-prod.cocc.edu/StudentRegistrationSsb/ssb/searchResults/searchResults?txt_term=202540&startDatepicker=&endDatepicker=&uniqueSessionId=dg7fbb9355f165&pageOffset=0&pageMaxSize=500&sortColumn=subjectDescription&sortDirection=asc,2026-09-12T16:02:10.8265560+00:00,2026-09-12T17:34:56.2888100+00:00
cocc,202540,Fall 2025 (View Only),FIRE,110,40817,02,Bldg Const. for Fire Personnel,3.0,3.0,3.0,3,Online,Online,24,26,24,0,,,,none - Online  Lecture,Marc Proctor (primary),,https://reg-prod.cocc.edu/StudentRegistrationSsb/ssb/searchResults/searchResults?txt_term=202540&startDatepicker=&endDatepicker=&uniqueSessionId=dg7fbb9355f165&pageOffset=0&pageMaxSize=500&sortColumn=subjectDescription&sortDirection=asc,2026-09-12T16:02:10.8265560+00:00,2026-09-12T17:34:56.2888100+00:00
cocc,202540,Fall 2025 (View Only),FIRE,264,40324,01,Leadership Dev in Fire Serv,3.0,3.0,3.0,3,Online,Online,30,29,10,0,,,,none - Online  Lecture,Paula Simone (primary),,https://reg-prod.cocc.edu/StudentRegistrationSsb/ssb/searchResults/searchResults?txt_term=202540&startDatepicker=&endDatepicker=&uniqueSessionId=dg7fbb9355f165&pageOffset=0&pageMaxSize=500&sortColumn=subjectDescription&sortDirection=asc,2026-09-12T16:02:10.8265560+00:00,2026-09-12T17:34:56.2888100+00:00
cocc,202540,Fall 2025 (View Only),HHP,212A,40556,02,AHA BLS Provider CPR,1.0,1.0,1.0,1,In-Person,Redmond Campus,12,8,12,0,,,,F 0800-1750 Redmond Building 3 306 Lecture,Lara D'Orvilliers (primary),,https://reg-prod.cocc.edu/StudentRegistrationSsb/ssb/searchResults/searchResults?txt_term=202540&startDatepicker=&endDatepicker=&uniqueSessionId=dg7fbb9355f165&pageOffset=0&pageMaxSize=500&sortColumn=subjectDescription&sortDirection=asc,2026-09-12T16:02:10.8265560+00:00,2026-09-12T17:34:56.2888100+00:00
cocc,202540,Fall 2025 (View Only),HHP,242,40561,02,Stress Management,3.0,3.0,3.0,3,In-Person,Bend Campus,24,22,24,0,,,,TR 1000-1120 Mazama 0205 Lecture,Becky Heinrick (primary),,https://reg-prod.cocc.edu/StudentRegistrationSsb/ssb/searchResults/searchResults?txt_term=202540&startDatepicker=&endDatepicker=&uniqueSessionId=dg7fbb9355f165&pageOffset=0&pageMaxSize=500&sortColumn=subjectDescription&sortDirection=asc,2026-09-12T16:02:10.8265560+00:00,2026-09-12T17:34:56.2888100+00:00
cocc,202540,Fall 2025 (View Only),HHP,270,40594,01,Sport and Exercise Psychology,3.0,3.0,3.0,3,Online,Online,24,21,24,0,,,,none - Online  Lecture,Jennifer Cruickshank (primary),,https://reg-prod.cocc.edu/StudentRegistrationSsb/ssb/searchResults/searchResults?txt_term=202540&startDatepicker=&endDatepicker=&uniqueSessionId=dg7fbb9355f165&pageOffset=0&pageMaxSize=500&sortColumn=subjectDescription&sortDirection=asc,2026-09-12T16:02:10.8265560+00:00,2026-09-12T17:34:56.2888100+00:00
cocc,202540,Fall 2025 (View Only),HHPA,199,40583,01,Pickleball III,,1.0,4.0,1 TO 4,In-Person,Bend Campus,10,10,10,0,,,,TR 1500-1620 Mazama CTS Activity,Graham Ketner (primary),,https://reg-prod.cocc.edu/StudentRegistrationSsb/ssb/searchResults/searchResults?txt_term=202540&startDatepicker=&endDatepicker=&uniqueSessionId=dg7fbb9355f165&pageOffset=0&pageMaxSize=500&sortColumn=subjectDescription&sortDirection=asc,2026-09-12T16:02:10.8265560+00:00,2026-09-12T17:34:56.2888100+00:00
cocc,202540,Fall 2025 (View Only),HIM,210,40340,01,Legal Aspects of Health Care,4.0,4.0,4.0,4,Online,Online,28,13,28,0,,,,none - Online  Combination Lecture/Lab,Mandalynn Marcus ; Christi Lemire (primary),,https://reg-prod.cocc.edu/StudentRegistrationSsb/ssb/searchResults/searchResults?txt_term=202540&startDatepicker=&endDatepicker=&uniqueSessionId=dg7fbb9355f165&pageOffset=0&pageMaxSize=500&sortColumn=subjectDescription&sortDirection=asc,2026-09-12T16:02:10.8265560+00:00,2026-09-12T17:34:56.2888100+00:00
cocc,202540,Fall 2025 (View Only),MA,110,40409,02,Intro to Clinical Med Assist,8.0,8.0,8.0,8,Hybrid,Bend Campus,8,11,0,0,,,,W 0800-1150 Health Careers Center 0290 Lab ; M 1300-1450 Health Careers Center 0290 Lab ; M 1300-1500 Health Careers Center 0260 Final Exam ; T 1300-1550 Health Careers Center 0260 Lecture ; none - Online  Lecture,Marilyn Waller-Niewold (primary) ; Bonita Criswell,,https://reg-prod.cocc.edu/StudentRegistrationSsb/ssb/searchResults/searchResults?txt_term=202540&startDatepicker=&endDatepicker=&uniqueSessionId=dg7fbb9355f165&pageOffset=500&pageMaxSize=500&sortColumn=subjectDescription&sortDirection=asc,2026-09-12T16:02:12.8946260+00:00,2026-09-12T17:34:56.2888100+00:00
cocc,202540,Fall 2025 (View Only),MFG,110,40679,01,Manufacturing Processes I,4.0,4.0,4.0,4,In-Person,Redmond Campus,12,12,12,0,,,,TR 1200-1250 Redmond Building 3 309 Lecture ; TR 1300-1550 Redmond Building 3 321 Lab,Nigel Allen (primary),,https://reg-prod.cocc.edu/StudentRegistrationSsb/ssb/searchResults/searchResults?txt_term=202540&startDatepicker=&endDatepicker=&uniqueSessionId=dg7fbb9355f165&pageOffset=0&pageMaxSize=500&sortColumn=subjectDescription&sortDirection=asc,2026-09-12T16:02:10.8265560+00:00,2026-09-12T17:34:56.2888100+00:00
cocc,202540,Fall 2025 (View Only),MFG,264,40687,01,Automated Cutting,3.0,3.0,3.0,3,In-Person,Redmond Campus,5,9,5,0,,,,TR 0800-1120 Redmond Building 3 317 Combination Lecture/Lab,Nigel Allen (primary),,https://reg-prod.cocc.edu/StudentRegistrationSsb/ssb/searchResults/searchResults?txt_term=202540&startDatepicker=&endDatepicker=&uniqueSessionId=dg7fbb9355f165&pageOffset=500&pageMaxSize=500&sortColumn=subjectDescription&sortDirection=asc,2026-09-12T16:02:12.8946260+00:00,2026-09-12T17:34:56.2888100+00:00
cocc,202540,Fall 2025 (View Only),MTH,060,40362,02,Beginning Algebra,4.0,4.0,4.0,4,In-Person,Bend Campus,25,21,25,0,,,,MW 1800-1950 Grandview Hall 0234 Lecture ; M 1800-2000 Grandview Hall 0234 Final Exam,Cynthia Lofts (primary),,https://reg-prod.cocc.edu/StudentRegistrationSsb/ssb/searchResults/searchResults?txt_term=202540&startDatepicker=&endDatepicker=&uniqueSessionId=dg7fbb9355f165&pageOffset=500&pageMaxSize=500&sortColumn=subjectDescription&sortDirection=asc,2026-09-12T16:02:12.8946260+00:00,2026-09-12T17:34:56.2888100+00:00
cocc,202540,Fall 2025 (View Only),MTH,060,40364,04,Beginning Algebra,4.0,4.0,4.0,4,In-Person,Redmond Campus,25,12,25,0,,,,MW 0800-0950 Redmond Technology Ed Center 138 Lecture ; M 0800-1000 Redmond Technology Ed Center 138 Final Exam,Patricia Hammer (primary),,https://reg-prod.cocc.edu/StudentRegistrationSsb/ssb/searchResults/searchResults?txt_term=202540&startDatepicker=&endDatepicker=&uniqueSessionId=dg7fbb9355f165&pageOffset=500&pageMaxSize=500&sortColumn=subjectDescription&sortDirection=asc,2026-09-12T16:02:12.8946260+00:00,2026-09-12T17:34:56.2888100+00:00
cocc,202540,Fall 2025 (View Only),MTH,111Z,40387,01,Precalculus I: Functions,4.0,4.0,4.0,4,In-Person,Bend Campus,28,26,28,0,,,,MW 1000-1150 Health Careers Center 0230 Lecture ; W 1015-1215 Health Careers Center 0230 Final Exam,Maud Comboul (primary),,https://reg-prod.cocc.edu/StudentRegistrationSsb/ssb/searchResults/searchResults?txt_term=202540&startDatepicker=&endDatepicker=&uniqueSessionId=dg7fbb9355f165&pageOffset=500&pageMaxSize=500&sortColumn=subjectDescription&sortDirection=asc,2026-09-12T16:02:12.8946260+00:00,2026-09-12T17:34:56.2888100+00:00
cocc,202540,Fall 2025 (View Only),MTH,112Z,40394,01,Precalculus II: Trigonometry,4.0,4.0,4.0,4,In-Person,Bend Campus,35,25,35,0,,,,MW 0800-0950 Grandview Hall 0110 Lecture ; M 0800-1000 Grandview Hall 0110 Final Exam,Julie Schmidt (primary),,https://reg-prod.cocc.edu/StudentRegistrationSsb/ssb/searchResults/searchResults?txt_term=202540&startDatepicker=&endDatepicker=&uniqueSessionId=dg7fbb9355f165&pageOffset=500&pageMaxSize=500&sortColumn=subjectDescription&sortDirection=asc,2026-09-12T16:02:12.8946260+00:00,2026-09-12T17:34:56.2888100+00:00
cocc,202540,Fall 2025 (View Only),MTH,211,40397,02,Fund of Elementary Math I,4.0,4.0,4.0,4,In-Person,Bend Campus,32,15,32,0,,,,TR 1300-1450 Grandview Hall 0220 Lecture ; T 1300-1500 Grandview Hall 0220 Final Exam,Kristy Gilmore (primary),,https://reg-prod.cocc.edu/StudentRegistrationSsb/ssb/searchResults/searchResults?txt_term=202540&startDatepicker=&endDatepicker=&uniqueSessionId=dg7fbb9355f165&pageOffset=500&pageMaxSize=500&sortColumn=subjectDescription&sortDirection=asc,2026-09-12T16:02:12.8946260+00:00,2026-09-12T17:34:56.2888100+00:00
cocc,202540,Fall 2025 (View Only),MTH,256,40404,01,Applied Differential Equations,4.0,4.0,4.0,4,In-Person,Bend Campus,35,17,35,0,,,,MWF 0800-0950 Jefferson Hall 0105 Combination Lecture/Lab ; M 0800-1000 Jefferson Hall 0105 Final Exam,Rebecca Ramos (primary),,https://reg-prod.cocc.edu/StudentRegistrationSsb/ssb/searchResults/searchResults?txt_term=202540&startDatepicker=&endDatepicker=&uniqueSessionId=dg7fbb9355f165&pageOffset=500&pageMaxSize=500&sortColumn=subjectDescription&sortDirection=asc,2026-09-12T16:02:12.8946260+00:00,2026-09-12T17:34:56.2888100+00:00
cocc,202540,Fall 2025 (View Only),OL,111,40445,01,Intro to Outdoor Leadership,3.0,3.0,3.0,3,In-Person,Bend Campus,24,6,24,0,,,,W 0800-1050 Field  Lecture,Tim Peterson (primary),,https://reg-prod.cocc.edu/StudentRegistrationSsb/ssb/searchResults/searchResults?txt_term=202540&startDatepicker=&endDatepicker=&uniqueSessionId=dg7fbb9355f165&pageOffset=500&pageMaxSize=500&sortColumn=subjectDescription&sortDirection=asc,2026-09-12T16:02:12.8946260+00:00,2026-09-12T17:34:56.2888100+00:00
cocc,202540,Fall 2025 (View Only),OL,255,40444,01,Outdoor Living Skills,5.0,5.0,5.0,5,In-Person,Bend Campus,14,6,14,0,,,,T 0800-1150 Mazama 0120 Combination Lecture/Lab ; T 1015-1215 Mazama 0120 Final Exam,Lara D'Orvilliers (primary),,https://reg-prod.cocc.edu/StudentRegistrationSsb/ssb/searchResults/searchResults?txt_term=202540&startDatepicker=&endDatepicker=&uniqueSessionId=dg7fbb9355f165&pageOffset=500&pageMaxSize=500&sortColumn=subjectDescription&sortDirection=asc,2026-09-12T16:02:12.8946260+00:00,2026-09-12T17:34:56.2888100+00:00
cocc,202540,Fall 2025 (View Only),PHE,299,40780,01,Environmental Public Health,,1.0,4.0,1 TO 4,Hybrid,Bend Campus,12,4,12,0,,,,T 1000-1050 Deschutes Hall 0009 Lecture ; T 1015-1215 Deschutes Hall 0009 Final Exam ; none - Online  Lecture,Michael Baker (primary),,https://reg-prod.cocc.edu/StudentRegistrationSsb/ssb/searchResults/searchResults?txt_term=202540&startDatepicker=&endDatepicker=&uniqueSessionId=dg7fbb9355f165&pageOffset=500&pageMaxSize=500&sortColumn=subjectDescription&sortDirection=asc,2026-09-12T16:02:12.8946260+00:00,2026-09-12T17:34:56.2888100+00:00
cocc,202540,Fall 2025 (View Only),PSY,201Z,40492,07,Introduction to Psychology I,4.0,4.0,4.0,4,Online,Online,30,26,30,0,,,,none - Online  Lecture,Carly Pomeroy (primary),,https://reg-prod.cocc.edu/StudentRegistrationSsb/ssb/searchResults/searchResults?txt_term=202540&startDatepicker=&endDatepicker=&uniqueSessionId=dg7fbb9355f165&pageOffset=500&pageMaxSize=500&sortColumn=subjectDescription&sortDirection=asc,2026-09-12T16:02:12.8946260+00:00,2026-09-12T17:34:56.2888100+00:00
cocc,202540,Fall 2025 (View Only),SOC,204Z,40864,04,Introduction to Sociology,4.0,4.0,4.0,4,Online,Online,30,25,30,0,,,,none - Online  Lecture,Ken Ruettgers (primary),,https://reg-prod.cocc.edu/StudentRegistrationSsb/ssb/searchResults/searchResults?txt_term=202540&startDatepicker=&endDatepicker=&uniqueSessionId=dg7fbb9355f165&pageOffset=500&pageMaxSize=500&sortColumn=subjectDescription&sortDirection=asc,2026-09-12T16:02:12.8946260+00:00,2026-09-12T17:34:56.2888100+00:00
cocc,202540,Fall 2025 (View Only),STAT,243Z,40405,01,Elementary Statistics I,4.0,4.0,4.0,4,In-Person,Bend Campus,32,16,32,0,,,,MW 1300-1450 Grandview Hall 0220 Lecture ; M 1300-1500 Grandview Hall 0220 Final Exam,Monte Cheney (primary),,https://reg-prod.cocc.edu/StudentRegistrationSsb/ssb/searchResults/searchResults?txt_term=202540&startDatepicker=&endDatepicker=&uniqueSessionId=dg7fbb9355f165&pageOffset=500&pageMaxSize=500&sortColumn=subjectDescription&sortDirection=asc,2026-09-12T16:02:12.8946260+00:00,2026-09-12T17:34:56.2888100+00:00
cocc,202540,Fall 2025 (View Only),SUS,101,40787,01,Introduction to Sustainability,4.0,4.0,4.0,4,In-Person,Bend Campus,24,16,24,0,,,,MW 1500-1650 Mazama 0222 Lecture,Owen Murphy (primary),,https://reg-prod.cocc.edu/StudentRegistrationSsb/ssb/searchResults/searchResults?txt_term=202540&startDatepicker=&endDatepicker=&uniqueSessionId=dg7fbb9355f165&pageOffset=500&pageMaxSize=500&sortColumn=subjectDescription&sortDirection=asc,2026-09-12T16:02:12.8946260+00:00,2026-09-12T17:34:56.2888100+00:00
cocc,202540,Fall 2025 (View Only),VT,203,40507,01,Large Animal Nursing,4.0,4.0,4.0,4,In-Person,Redmond Campus,9,9,0,0,,,,R 0900-1150 Redmond Vet Tech 100 Lab ; MW 0930-1050 Redmond Vet Tech 100 Lecture ; W 1015-1215 Redmond Vet Tech 100 Final Exam,Cierra Buer (primary) ; Daisy Altamirano,,https://reg-prod.cocc.edu/StudentRegistrationSsb/ssb/searchResults/searchResults?txt_term=202540&startDatepicker=&endDatepicker=&uniqueSessionId=dg7fbb9355f165&pageOffset=500&pageMaxSize=500&sortColumn=subjectDescription&sortDirection=asc,2026-09-12T16:02:12.8946260+00:00,2026-09-12T17:34:56.2888100+00:00
cocc,202540,Fall 2025 (View Only),WR,098,40624,03,Writing Seminar,2.0,2.0,2.0,2,In-Person,Bend Campus,10,10,10,0,,,,TR 0900-0950 Ochoco Hall 0136 Lecture,Anthony Rosso (primary),,https://reg-prod.cocc.edu/StudentRegistrationSsb/ssb/searchResults/searchResults?txt_term=202540&startDatepicker=&endDatepicker=&uniqueSessionId=dg7fbb9355f165&pageOffset=500&pageMaxSize=500&sortColumn=subjectDescription&sortDirection=asc,2026-09-12T16:02:12.8946260+00:00,2026-09-12T17:34:56.2888100+00:00
cocc,202540,Fall 2025 (View Only),WR,121Z,40630,01,Composition I,4.0,4.0,4.0,4,In-Person,Bend Campus,10,10,10,0,,,,MW 0800-0950 Ochoco Hall 0142 Lecture ; M 0800-1000 Ochoco Hall 0142 Final Exam,Eileen Sather (primary),,https://reg-prod.cocc.edu/StudentRegistrationSsb/ssb/searchResults/searchResults?txt_term=202540&startDatepicker=&endDatepicker=&uniqueSessionId=dg7fbb9355f165&pageOffset=500&pageMaxSize=500&sortColumn=subjectDescription&sortDirection=asc,2026-09-12T16:02:12.8946260+00:00,2026-09-12T17:34:56.2888100+00:00
cocc,202540,Fall 2025 (View Only),WR,121Z,40640,11,Composition I,4.0,4.0,4.0,4,In-Person,Bend Campus,16,14,16,0,,,,TR 1500-1650 Ochoco Hall 0142 Lecture ; T 1515-1715 Ochoco Hall 0142 Final Exam,Kelly Jaquiss-Pofahl (primary),,https://reg-prod.cocc.edu/StudentRegistrationSsb/ssb/searchResults/searchResults?txt_term=202540&startDatepicker=&endDatepicker=&uniqueSessionId=dg7fbb9355f165&pageOffset=500&pageMaxSize=500&sortColumn=subjectDescription&sortDirection=asc,2026-09-12T16:02:12.8946260+00:00,2026-09-12T17:34:56.2888100+00:00
cocc,202540,Fall 2025 (View Only),WR,121Z,40646,17,Composition I,4.0,4.0,4.0,4,In-Person,Redmond Campus,16,15,16,0,,,,MW 1000-1150 Redmond Technology Ed Center 135 Lecture ; W 1015-1215 Redmond Technology Ed Center 135 Final Exam,Kristin Dorsey (primary),,https://reg-prod.cocc.edu/StudentRegistrationSsb/ssb/searchResults/searchResults?txt_term=202540&startDatepicker=&endDatepicker=&uniqueSessionId=dg7fbb9355f165&pageOffset=500&pageMaxSize=500&sortColumn=subjectDescription&sortDirection=asc,2026-09-12T16:02:12.8946260+00:00,2026-09-12T17:34:56.2888100+00:00
cocc,202610,Winter 2026 (View Only),AH,115,10005,01,Cultural Responsiveness in HS,3.0,3.0,3.0,3,Online,Online,30,23,30,0,,,,none - Online  Lecture,Gabriann Hall (primary),,https://reg-prod.cocc.edu/StudentRegistrationSsb/ssb/searchResults/searchResults?txt_term=202610&startDatepicker=&endDatepicker=&uniqueSessionId=dgf91fb7cf2d04&pageOffset=0&pageMaxSize=500&sortColumn=subjectDescription&sortDirection=asc,2026-09-12T16:01:59.7228020+00:00,2026-09-12T17:34:45.0686990+00:00
cocc,202610,Winter 2026 (View Only),ART,110,10068,01,Beginning Graphic Design,4.0,4.0,4.0,4,In-Person,Bend Campus,15,13,15,0,,,,MW 0900-1120 Ponderosa Hall 0205 Combination Lecture/Lab ; M 1015-1215 Ponderosa Hall 0205 Final Exam,Venus Nguyen (primary),,https://reg-prod.cocc.edu/StudentRegistrationSsb/ssb/searchResults/searchResults?txt_term=202610&startDatepicker=&endDatepicker=&uniqueSessionId=dgf91fb7cf2d04&pageOffset=0&pageMaxSize=500&sortColumn=subjectDescription&sortDirection=asc,2026-09-12T16:01:59.7228020+00:00,2026-09-12T17:34:45.0686990+00:00
cocc,202610,Winter 2026 (View Only),ART,131,10095,02,Beginning Drawing,4.0,4.0,4.0,4,Online,Online,15,15,15,0,,,,none - Online  Combination Lecture/Lab,Neya McCracken (primary),,https://reg-prod.cocc.edu/StudentRegistrationSsb/ssb/searchResults/searchResults?txt_term=202610&startDatepicker=&endDatepicker=&uniqueSessionId=dgf91fb7cf2d04&pageOffset=0&pageMaxSize=500&sortColumn=subjectDescription&sortDirection=asc,2026-09-12T16:01:59.7228020+00:00,2026-09-12T17:34:45.0686990+00:00
cocc,202610,Winter 2026 (View Only),ART,141,10076,01,Vector Art Illustration,4.0,4.0,4.0,4,Online,Online,15,13,15,0,,,,none - Combination Lecture/Lab,Mindy Mendenhall (primary),,https://reg-prod.cocc.edu/StudentRegistrationSsb/ssb/searchResults/searchResults?txt_term=202610&startDatepicker=&endDatepicker=&uniqueSessionId=dgf91fb7cf2d04&pageOffset=0&pageMaxSize=500&sortColumn=subjectDescription&sortDirection=asc,2026-09-12T16:01:59.7228020+00:00,2026-09-12T17:34:45.0686990+00:00
cocc,202610,Winter 2026 (View Only),ART,165,10078,01,Videography: Basics,4.0,4.0,4.0,4,In-Person,Bend Campus,15,12,15,0,,,,TR 1200-1420 Ponderosa Hall 0205 Combination Lecture/Lab ; T 1300-1500 Ponderosa Hall 0205 Final Exam,Sai Washburn (primary),,https://reg-prod.cocc.edu/StudentRegistrationSsb/ssb/searchResults/searchResults?txt_term=202610&startDatepicker=&endDatepicker=&uniqueSessionId=dgf91fb7cf2d04&pageOffset=0&pageMaxSize=500&sortColumn=subjectDescription&sortDirection=asc,2026-09-12T16:01:59.7228020+00:00,2026-09-12T17:34:45.0686990+00:00
cocc,202610,Winter 2026 (View Only),AUT,102,10113,01,Automotive Electric I,4.0,4.0,4.0,4,In-Person,Bend Campus,27,27,27,0,,,,MTWR 0745-1235 Ponderosa Hall 0102 Combination Lecture/Lab,Stephen Shelton (primary),,https://reg-prod.cocc.edu/StudentRegistrationSsb/ssb/searchResults/searchResults?txt_term=202610&startDatepicker=&endDatepicker=&uniqueSessionId=dgf91fb7cf2d04&pageOffset=0&pageMaxSize=500&sortColumn=subjectDescription&sortDirection=asc,2026-09-12T16:01:59.7228020+00:00,2026-09-12T17:34:45.0686990+00:00
cocc,202610,Winter 2026 (View Only),AUT,211,10131,01,ASE Test Prep I,1.0,1.0,1.0,1,In-Person,Bend Campus,25,1,25,0,,,,none - Lab,James Veverka (primary),,https://reg-prod.cocc.edu/StudentRegistrationSsb/ssb/searchResults/searchResults?txt_term=202610&startDatepicker=&endDatepicker=&uniqueSessionId=dgf91fb7cf2d04&pageOffset=0&pageMaxSize=500&sortColumn=subjectDescription&sortDirection=asc,2026-09-12T16:01:59.7228020+00:00,2026-09-12T17:34:45.0686990+00:00
cocc,202610,Winter 2026 (View Only),AV,222G,10164,01,Comm Pilot II Airplane Flt Lab,1.0,1.0,1.0,1,In-Person,Bend Campus,30,11,30,0,,,,none - Bend Airport  Lab,Lisa Shipman ; Kamilla Farkas (primary),,https://reg-prod.cocc.edu/StudentRegistrationSsb/ssb/searchResults/searchResults?txt_term=202610&startDatepicker=&endDatepicker=&uniqueSessionId=dgf91fb7cf2d04&pageOffset=0&pageMaxSize=500&sortColumn=subjectDescription&sortDirection=asc,2026-09-12T16:01:59.7228020+00:00,2026-09-12T17:34:45.0686990+00:00
cocc,202610,Winter 2026 (View Only),AV,227C,10172,01,Pvt Pilot III Heli Flt Lab,1.0,1.0,1.0,1,In-Person,Bend Campus,30,10,30,0,,,,none - Bend Airport  Lab,Lisa Shipman ; Steve Crowe (primary),,https://reg-prod.cocc.edu/StudentRegistrationSsb/ssb/searchResults/searchResults?txt_term=202610&startDatepicker=&endDatepicker=&uniqueSessionId=dgf91fb7cf2d04&pageOffset=0&pageMaxSize=500&sortColumn=subjectDescription&sortDirection=asc,2026-09-12T16:01:59.7228020+00:00,2026-09-12T17:34:45.0686990+00:00
cocc,202610,Winter 2026 (View Only),AV,246,10151,01,Aviation Safety,4.0,4.0,4.0,4,In-Person,Bend Campus,32,12,32,0,,,,TR 1000-1150 Cascades Hall 0118 Lecture ; T 1015-1215 Cascades Hall 0118 Final Exam,Steve Crowe (primary),,https://reg-prod.cocc.edu/StudentRegistrationSsb/ssb/searchResults/searchResults?txt_term=202610&startDatepicker=&endDatepicker=&uniqueSessionId=dgf91fb7cf2d04&pageOffset=0&pageMaxSize=500&sortColumn=subjectDescription&sortDirection=asc,2026-09-12T16:01:59.7228020+00:00,2026-09-12T17:34:45.0686990+00:00
cocc,202610,Winter 2026 (View Only),BA,206,10209,02,Management Fundamentals I,4.0,4.0,4.0,4,Online,Online,28,27,28,0,,,,none - Online  Lecture,Theresa Freihoefer (primary),,https://reg-prod.cocc.edu/StudentRegistrationSsb/ssb/searchResults/searchResults?txt_term=202610&startDatepicker=&endDatepicker=&uniqueSessionId=dgf91fb7cf2d04&pageOffset=0&pageMaxSize=500&sortColumn=subjectDescription&sortDirection=asc,2026-09-12T16:01:59.7228020+00:00,2026-09-12T17:34:45.0686990+00:00
cocc,202610,Winter 2026 (View Only),BAK,220,10239,02,Wedding Celebration Cakes,4.0,4.0,4.0,4,Hybrid,Bend Campus,12,11,12,0,,,,T 1200-1750 Jungers Culinary Center 116 Lecture/Lab ; none - Online  Lecture/Lab,Penny Fraker (primary),,https://reg-prod.cocc.edu/StudentRegistrationSsb/ssb/searchResults/searchResults?txt_term=202610&startDatepicker=&endDatepicker=&uniqueSessionId=dgf91fb7cf2d04&pageOffset=0&pageMaxSize=500&sortColumn=subjectDescription&sortDirection=asc,2026-09-12T16:01:59.7228020+00:00,2026-09-12T17:34:45.0686990+00:00
cocc,202610,Winter 2026 (View Only),BI,102,10663,02,General Biology: Evolution,4.0,4.0,4.0,4,In-Person,Bend Campus,24,18,24,0,,,,TR 1300-1420 Middleton Science Center 0170 Lecture ; T 1300-1500 Middleton Science Center 0170 Final Exam ; R 1430-1720 Middleton Science Center 0170 Lab,Steven Foldi (primary),,https://reg-prod.cocc.edu/StudentRegistrationSsb/ssb/searchResults/searchResults?txt_term=202610&startDatepicker=&endDatepicker=&uniqueSessionId=dgf91fb7cf2d04&pageOffset=0&pageMaxSize=500&sortColumn=subjectDescription&sortDirection=asc,2026-09-12T16:01:59.7228020+00:00,2026-09-12T17:34:45.0686990+00:00
cocc,202610,Winter 2026 (View Only),BI,232,10673,13,Human Anatomy & Physiology II,4.0,4.0,4.0,4,In-Person,Bend Campus,24,17,24,0,,,,M 0800-1000 Middleton Science Center 0230 Final Exam ; MW 0830-0950 Middleton Science Center 0230 Lecture ; W 1000-1250 Middleton Science Center 0150 Lab,Sandra Broeren (primary),,https://reg-prod.cocc.edu/StudentRegistrationSsb/ssb/searchResults/searchResults?txt_term=202610&startDatepicker=&endDatepicker=&uniqueSessionId=dgf91fb7cf2d04&pageOffset=0&pageMaxSize=500&sortColumn=subjectDescription&sortDirection=asc,2026-09-12T16:01:59.7228020+00:00,2026-09-12T17:34:45.0686990+00:00
cocc,202610,Winter 2026 (View Only),CH,104,10704,03,Introduction to Chemistry I,5.0,5.0,5.0,5,Hybrid,Bend Campus,24,23,24,0,,,,M 0900-0950 Middleton Science Center 0220 Lecture ; M 1000-1250 Middleton Science Center 0270 Lab ; M 1015-1215 Middleton Science Center 0160 Final Exam ; none - Online  Lecture,Nissa Garcia Ivers (primary),,https://reg-prod.cocc.edu/StudentRegistrationSsb/ssb/searchResults/searchResults?txt_term=202610&startDatepicker=&endDatepicker=&uniqueSessionId=dgf91fb7cf2d04&pageOffset=0&pageMaxSize=500&sortColumn=subjectDescription&sortDirection=asc,2026-09-12T16:01:59.7228020+00:00,2026-09-12T17:34:45.0686990+00:00
cocc,202610,Winter 2026 (View Only),CH,227Z,10677,02,General Chemistry I Lab,1.0,1.0,1.0,1,In-Person,Bend Campus,24,17,24,0,,,,F 1000-1250 Middleton Science Center 0270 Lab,Logan Aisling (primary),,https://reg-prod.cocc.edu/StudentRegistrationSsb/ssb/searchResults/searchResults?txt_term=202610&startDatepicker=&endDatepicker=&uniqueSessionId=dgf91fb7cf2d04&pageOffset=0&pageMaxSize=500&sortColumn=subjectDescription&sortDirection=asc,2026-09-12T16:01:59.7228020+00:00,2026-09-12T17:34:45.0686990+00:00
cocc,202610,Winter 2026 (View Only),CHN,202,10029,01,2nd Yr Mandarin Chinese II,4.0,4.0,4.0,4,Hybrid,Bend Campus,20,8,20,0,,,,TR 1000-1120 Health Careers Center 0190 Lecture ; none - Online  Lecture,Lin Hong (primary),,https://reg-prod.cocc.edu/StudentRegistrationSsb/ssb/searchResults/searchResults?txt_term=202610&startDatepicker=&endDatepicker=&uniqueSessionId=dgf91fb7cf2d04&pageOffset=0&pageMaxSize=500&sortColumn=subjectDescription&sortDirection=asc,2026-09-12T16:01:59.7228020+00:00,2026-09-12T17:34:45.0686990+00:00
cocc,202610,Winter 2026 (View Only),CIS,120,10273,02,Computer Concepts,4.0,4.0,4.0,4,Hybrid,Redmond Campus,27,4,27,0,,,,MW 1000-1150 Redmond Building 1 128 Combination Lecture/Lab ; M 1015-1215 Redmond Building 1 128 Final Exam ; none - Online  Combination Lecture/Lab,Eric Artzt (primary),,https://reg-prod.cocc.edu/StudentRegistrationSsb/ssb/searchResults/searchResults?txt_term=202610&startDatepicker=&endDatepicker=&uniqueSessionId=dgf91fb7cf2d04&pageOffset=0&pageMaxSize=500&sortColumn=subjectDescription&sortDirection=asc,2026-09-12T16:01:59.7228020+00:00,2026-09-12T17:34:45.0686990+00:00
cocc,202610,Winter 2026 (View Only),CIS,244,10297,01,Information Systems Analysis,4.0,4.0,4.0,4,Online,Online,28,22,28,0,,,,none - Online  Combination Lecture/Lab,Eric Magidson (primary),,https://reg-prod.cocc.edu/StudentRegistrationSsb/ssb/searchResults/searchResults?txt_term=202610&startDatepicker=&endDatepicker=&uniqueSessionId=dgf91fb7cf2d04&pageOffset=0&pageMaxSize=500&sortColumn=subjectDescription&sortDirection=asc,2026-09-12T16:01:59.7228020+00:00,2026-09-12T17:34:45.0686990+00:00
cocc,202610,Winter 2026 (View Only),CJ,100,10309,02,Intro to Criminal Justice,3.0,3.0,3.0,3,Online,Online,30,25,30,0,,,,none - Online  Lecture,Erick Supplee (primary),,https://reg-prod.cocc.edu/StudentRegistrationSsb/ssb/searchResults/searchResults?txt_term=202610&startDatepicker=&endDatepicker=&uniqueSessionId=dgf91fb7cf2d04&pageOffset=0&pageMaxSize=500&sortColumn=subjectDescription&sortDirection=asc,2026-09-12T16:01:59.7228020+00:00,2026-09-12T17:34:45.0686990+00:00
cocc,202610,Winter 2026 (View Only),CJ,100,10936,09,Intro to Criminal Justice,3.0,3.0,3.0,3,Hybrid,Madras Campus,30,4,30,0,,,,M 1800-2000 Madras Campus 114 Final Exam ; M 1800-1920 Madras Campus 114 Lecture ; none - Online  Lecture,Brad Johnston (primary),,https://reg-prod.cocc.edu/StudentRegistrationSsb/ssb/searchResults/searchResults?txt_term=202610&startDatepicker=&endDatepicker=&uniqueSessionId=dgf91fb7cf2d04&pageOffset=0&pageMaxSize=500&sortColumn=subjectDescription&sortDirection=asc,2026-09-12T16:01:59.7228020+00:00,2026-09-12T17:34:45.0686990+00:00
cocc,202610,Winter 2026 (View Only),COMM,218Z,10266,08,Interpersonal Communication,4.0,4.0,4.0,4,Online,Online,20,20,20,0,,,,none - Online  Lecture,Justin Borowsky (primary),,https://reg-prod.cocc.edu/StudentRegistrationSsb/ssb/searchResults/searchResults?txt_term=202610&startDatepicker=&endDatepicker=&uniqueSessionId=dgf91fb7cf2d04&pageOffset=0&pageMaxSize=500&sortColumn=subjectDescription&sortDirection=asc,2026-09-12T16:01:59.7228020+00:00,2026-09-12T17:34:45.0686990+00:00
cocc,202610,Winter 2026 (View Only),ED,250,10336,01,Adv Curr Dev & Tch Meth in ECE,4.0,4.0,4.0,4,Online,Online,20,14,20,0,,,,none - Field  Practicum ; none - Online  Lecture,Angie Cole (primary),,https://reg-prod.cocc.edu/StudentRegistrationSsb/ssb/searchResults/searchResults?txt_term=202610&startDatepicker=&endDatepicker=&uniqueSessionId=dgf91fb7cf2d04&pageOffset=0&pageMaxSize=500&sortColumn=subjectDescription&sortDirection=asc,2026-09-12T16:01:59.7228020+00:00,2026-09-12T17:34:45.0686990+00:00
cocc,202610,Winter 2026 (View Only),EMT,170,10371,01,EMS Comm/Doc,2.0,2.0,2.0,2,In-Person,Bend Campus,24,16,10,0,,,,R 0800-1000 Cascades Hall 0115 Final Exam ; R 0800-0950 Cascades Hall 0115 Lecture,Michael Greene (primary),,https://reg-prod.cocc.edu/StudentRegistrationSsb/ssb/searchResults/searchResults?txt_term=202610&startDatepicker=&endDatepicker=&uniqueSessionId=dgf91fb7cf2d04&pageOffset=0&pageMaxSize=500&sortColumn=subjectDescription&sortDirection=asc,2026-09-12T16:01:59.7228020+00:00,2026-09-12T17:34:45.0686990+00:00
cocc,202610,Winter 2026 (View Only),ENG,221,10445,01,Intro to Children's Literature,4.0,4.0,4.0,4,In-Person,Bend Campus,35,11,35,0,,,,MW 1300-1450 Modoc Hall 0102 Lecture ; M 1300-1500 Modoc Hall 0102 Final Exam,Kristin Dorsey (primary),,https://reg-prod.cocc.edu/StudentRegistrationSsb/ssb/searchResults/searchResults?txt_term=202610&startDatepicker=&endDatepicker=&uniqueSessionId=dgf91fb7cf2d04&pageOffset=0&pageMaxSize=500&sortColumn=subjectDescription&sortDirection=asc,2026-09-12T16:01:59.7228020+00:00,2026-09-12T17:34:45.0686990+00:00
cocc,202610,Winter 2026 (View Only),ES,201,10031,01,Inventing Ethnic America,4.0,4.0,4.0,4,Online,Online,30,10,30,0,,,,none - Online  Lecture,Gabriann Hall (primary),,https://reg-prod.cocc.edu/StudentRegistrationSsb/ssb/searchResults/searchResults?txt_term=202610&startDatepicker=&endDatepicker=&uniqueSessionId=dgf91fb7cf2d04&pageOffset=0&pageMaxSize=500&sortColumn=subjectDescription&sortDirection=asc,2026-09-12T16:01:59.7228020+00:00,2026-09-12T17:34:45.0686990+00:00
cocc,202610,Winter 2026 (View Only),FIRE,199,10355,01,Public Services Hiring process,,1.0,8.0,1 TO 8,In-Person,Bend Campus,24,22,10,0,,,,T 1500-1650 Ponderosa Hall 0204 Lecture,Ryan Gregor (primary),,https://reg-prod.cocc.edu/StudentRegistrationSsb/ssb/searchResults/searchResults?txt_term=202610&startDatepicker=&endDatepicker=&uniqueSessionId=dgf91fb7cf2d04&pageOffset=0&pageMaxSize=500&sortColumn=subjectDescription&sortDirection=asc,2026-09-12T16:01:59.7228020+00:00,2026-09-12T17:34:45.0686990+00:00
cocc,202610,Winter 2026 (View Only),FIRE,210S,10799,01,Structure Fire Investigation,2.0,2.0,2.0,2,In-Person,Redmond Campus,24,18,10,0,,,,W 1800-2000 Redmond Building 3 305 Final Exam ; W 1800-2150 Redmond Building 3 305 Lecture/Lab,Thomas Mooney (primary),,https://reg-prod.cocc.edu/StudentRegistrationSsb/ssb/searchResults/searchResults?txt_term=202610&startDatepicker=&endDatepicker=&uniqueSessionId=dgf91fb7cf2d04&pageOffset=0&pageMaxSize=500&sortColumn=subjectDescription&sortDirection=asc,2026-09-12T16:01:59.7228020+00:00,2026-09-12T17:34:45.0686990+00:00
cocc,202610,Winter 2026 (View Only),FOR,241B,11001,01,Dendrology,3.0,3.0,3.0,3,In-Person,Bend Campus,24,10,24,0,,,,TR 0900-1020 Cascades Hall 0201 Lecture ; T 1015-1215 Cascades Hall 0201 Final Exam,Rebecca Franklin (primary),,https://reg-prod.cocc.edu/StudentRegistrationSsb/ssb/searchResults/searchResults?txt_term=202610&startDatepicker=&endDatepicker=&uniqueSessionId=dgf91fb7cf2d04&pageOffset=0&pageMaxSize=500&sortColumn=subjectDescription&sortDirection=asc,2026-09-12T16:01:59.7228020+00:00,2026-09-12T17:34:45.0686990+00:00
cocc,202610,Winter 2026 (View Only),GEOG,101,10739,01,Intro Geospatial Science & GIS,4.0,4.0,4.0,4,Hybrid,Redmond Campus,18,12,18,0,,,,M 1600-1750 Redmond Technology Ed Center 137 Combination Lecture/Lab ; none - Online  Combination Lecture/Lab,Heather Sauerland (primary),,https://reg-prod.cocc.edu/StudentRegistrationSsb/ssb/searchResults/searchResults?txt_term=202610&startDatepicker=&endDatepicker=&uniqueSessionId=dgf91fb7cf2d04&pageOffset=0&pageMaxSize=500&sortColumn=subjectDescription&sortDirection=asc,2026-09-12T16:01:59.7228020+00:00,2026-09-12T17:34:45.0686990+00:00
cocc,202610,Winter 2026 (View Only),HD,100CS,10633,03,College Success,3.0,3.0,3.0,3,Online,Online,25,25,25,0,,,,none - Online  Lecture,Christin Shapiro (primary),,https://reg-prod.cocc.edu/StudentRegistrationSsb/ssb/searchResults/searchResults?txt_term=202610&startDatepicker=&endDatepicker=&uniqueSessionId=dgf91fb7cf2d04&pageOffset=0&pageMaxSize=500&sortColumn=subjectDescription&sortDirection=asc,2026-09-12T16:01:59.7228020+00:00,2026-09-12T17:34:45.0686990+00:00
cocc,202610,Winter 2026 (View Only),HHP,212A,10393,05,AHA BLS Provider CPR,1.0,1.0,1.0,1,In-Person,Bend Campus,7,1,7,0,,,,F 0800-1750 Mazama 0207 Lecture,Charles Larson (primary),,https://reg-prod.cocc.edu/StudentRegistrationSsb/ssb/searchResults/searchResults?txt_term=202610&startDatepicker=&endDatepicker=&uniqueSessionId=dgf91fb7cf2d04&pageOffset=0&pageMaxSize=500&sortColumn=subjectDescription&sortDirection=asc,2026-09-12T16:01:59.7228020+00:00,2026-09-12T17:34:45.0686990+00:00
cocc,202610,Winter 2026 (View Only),HHPA,145,10405,01,Pickleball I,1.0,1.0,1.0,1,In-Person,Bend Campus,10,11,10,0,,,,TR 1000-1120 Mazama GYM Activity,Graham Ketner (primary),,https://reg-prod.cocc.edu/StudentRegistrationSsb/ssb/searchResults/searchResults?txt_term=202610&startDatepicker=&endDatepicker=&uniqueSessionId=dgf91fb7cf2d04&pageOffset=0&pageMaxSize=500&sortColumn=subjectDescription&sortDirection=asc,2026-09-12T16:01:59.7228020+00:00,2026-09-12T17:34:45.0686990+00:00
cocc,202610,Winter 2026 (View Only),HIM,250,10439,01,Health Info Technologies,4.0,4.0,4.0,4,Online,Online,28,8,28,0,,,,none - Online  Combination Lecture/Lab,Christi Lemire (primary),,https://reg-prod.cocc.edu/StudentRegistrationSsb/ssb/searchResults/searchResults?txt_term=202610&startDatepicker=&endDatepicker=&uniqueSessionId=dgf91fb7cf2d04&pageOffset=0&pageMaxSize=500&sortColumn=subjectDescription&sortDirection=asc,2026-09-12T16:01:59.7228020+00:00,2026-09-12T17:34:45.0686990+00:00
cocc,202610,Winter 2026 (View Only),LMT,118,10508,02,Kinesiology: Massage Ther II,4.0,4.0,4.0,4,In-Person,Bend Campus,20,20,20,0,,,,MW 1800-2050 Health Careers Center 0160 Combination Lecture/Lab ; M 1800-2000 Health Careers Center 0230 Final Exam,Kristan Banks (primary),,https://reg-prod.cocc.edu/StudentRegistrationSsb/ssb/searchResults/searchResults?txt_term=202610&startDatepicker=&endDatepicker=&uniqueSessionId=dgf91fb7cf2d04&pageOffset=500&pageMaxSize=500&sortColumn=subjectDescription&sortDirection=asc,2026-09-12T16:02:01.7091220+00:00,2026-09-12T17:34:45.0686990+00:00
cocc,202610,Winter 2026 (View Only),MA,121,10788,02,Admin Med Assist,3.0,3.0,3.0,3,Hybrid,Madras Campus,8,6,0,0,,,,M 1015-1215 Madras Campus 2 211 Final Exam ; M 1100-1250 Madras Campus 2 211 Lecture/Lab ; none - Online  Lecture,Mandalynn Marcus (primary) ; Jill Ridling,,https://reg-prod.cocc.edu/StudentRegistrationSsb/ssb/searchResults/searchResults?txt_term=202610&startDatepicker=&endDatepicker=&uniqueSessionId=dgf91fb7cf2d04&pageOffset=500&pageMaxSize=500&sortColumn=subjectDescription&sortDirection=asc,2026-09-12T16:02:01.7091220+00:00,2026-09-12T17:34:45.0686990+00:00
cocc,202610,Winter 2026 (View Only),MTH,015,10809,04,Basic Mathematics,4.0,4.0,4.0,4,In-Person,Bend Campus,25,13,25,0,,,,MW 1500-1650 Grandview Hall 0220 Lecture ; M 1515-1715 Grandview Hall 0220 Final Exam,Monte Cheney (primary),,https://reg-prod.cocc.edu/StudentRegistrationSsb/ssb/searchResults/searchResults?txt_term=202610&startDatepicker=&endDatepicker=&uniqueSessionId=dgf91fb7cf2d04&pageOffset=500&pageMaxSize=500&sortColumn=subjectDescription&sortDirection=asc,2026-09-12T16:02:01.7091220+00:00,2026-09-12T17:34:45.0686990+00:00
cocc,202610,Winter 2026 (View Only),MTH,095,10530,04,Intermediate Algebra,4.0,4.0,4.0,4,In-Person,Bend Campus,25,23,25,0,,,,TR 1300-1450 Grandview Hall 0234 Lecture ; T 1300-1500 Grandview Hall 0234 Final Exam,Michelle Butcher (primary),,https://reg-prod.cocc.edu/StudentRegistrationSsb/ssb/searchResults/searchResults?txt_term=202610&startDatepicker=&endDatepicker=&uniqueSessionId=dgf91fb7cf2d04&pageOffset=500&pageMaxSize=500&sortColumn=subjectDescription&sortDirection=asc,2026-09-12T16:02:01.7091220+00:00,2026-09-12T17:34:45.0686990+00:00
cocc,202610,Winter 2026 (View Only),MTH,095,10812,05,Intermediate Algebra,4.0,4.0,4.0,4,In-Person,Bend Campus,25,21,25,0,,,,MW 1300-1450 Grandview Hall 0114 Lecture ; M 1300-1500 Grandview Hall 0114 Final Exam,Steven Schramm (primary),,https://reg-prod.cocc.edu/StudentRegistrationSsb/ssb/searchResults/searchResults?txt_term=202610&startDatepicker=&endDatepicker=&uniqueSessionId=dgf91fb7cf2d04&pageOffset=500&pageMaxSize=500&sortColumn=subjectDescription&sortDirection=asc,2026-09-12T16:02:01.7091220+00:00,2026-09-12T17:34:45.0686990+00:00
cocc,202610,Winter 2026 (View Only),MTH,102,10536,02,Applied Technical Mathematics,4.0,4.0,4.0,4,In-Person,Redmond Campus,30,19,30,0,,,,TR 1800-1950 Redmond Building 1 142 Lecture ; T 1800-2000 Redmond Building 1 142 Final Exam,Monte Cheney (primary),,https://reg-prod.cocc.edu/StudentRegistrationSsb/ssb/searchResults/searchResults?txt_term=202610&startDatepicker=&endDatepicker=&uniqueSessionId=dgf91fb7cf2d04&pageOffset=500&pageMaxSize=500&sortColumn=subjectDescription&sortDirection=asc,2026-09-12T16:02:01.7091220+00:00,2026-09-12T17:34:45.0686990+00:00
cocc,202610,Winter 2026 (View Only),MUS,101,10590,01,Music Fundamentals,3.0,3.0,3.0,3,In-Person,Bend Campus,30,6,30,0,,,,MW 1000-1120 Pence Hall 0228 Lecture ; M 1015-1215 Pence Hall 0228 Final Exam,James Knox (primary),,https://reg-prod.cocc.edu/StudentRegistrationSsb/ssb/searchResults/searchResults?txt_term=202610&startDatepicker=&endDatepicker=&uniqueSessionId=dgf91fb7cf2d04&pageOffset=500&pageMaxSize=500&sortColumn=subjectDescription&sortDirection=asc,2026-09-12T16:02:01.7091220+00:00,2026-09-12T17:34:45.0686990+00:00
cocc,202610,Winter 2026 (View Only),OL,194AC,10571,01,Avalanche Level II,2.0,2.0,2.0,2,In-Person,Bend Campus,6,3,6,0,,,,U 0800-1430 Field  Lecture/Lab ; R 1800-2110 Mazama 0120 Lecture,Kevin Grove (primary) ; Brad Martin,,https://reg-prod.cocc.edu/StudentRegistrationSsb/ssb/searchResults/searchResults?txt_term=202610&startDatepicker=&endDatepicker=&uniqueSessionId=dgf91fb7cf2d04&pageOffset=500&pageMaxSize=500&sortColumn=subjectDescription&sortDirection=asc,2026-09-12T16:02:01.7091220+00:00,2026-09-12T17:34:45.0686990+00:00
cocc,202610,Winter 2026 (View Only),PHE,281,10650,02,Practicum-HP/Public Health,1.0,1.0,1.0,1,In-Person,Bend Campus,2,2,2,0,,,,none - Practicum,Sarah Baron (primary),,https://reg-prod.cocc.edu/StudentRegistrationSsb/ssb/searchResults/searchResults?txt_term=202610&startDatepicker=&endDatepicker=&uniqueSessionId=dgf91fb7cf2d04&pageOffset=500&pageMaxSize=500&sortColumn=subjectDescription&sortDirection=asc,2026-09-12T16:02:01.7091220+00:00,2026-09-12T17:34:45.0686990+00:00
cocc,202610,Winter 2026 (View Only),PSY,201Z,10619,02,Introduction to Psychology I,4.0,4.0,4.0,4,In-Person,Bend Campus,30,29,30,0,,,,TR 1300-1450 Modoc Hall 0105 Lecture ; T 1300-1500 Modoc Hall 0105 Final Exam,Jared Miller (primary),,https://reg-prod.cocc.edu/StudentRegistrationSsb/ssb/searchResults/searchResults?txt_term=202610&startDatepicker=&endDatepicker=&uniqueSessionId=dgf91fb7cf2d04&pageOffset=500&pageMaxSize=500&sortColumn=subjectDescription&sortDirection=asc,2026-09-12T16:02:01.7091220+00:00,2026-09-12T17:34:45.0686990+00:00
cocc,202610,Winter 2026 (View Only),SPAN,202,10048,01,2nd Year Spanish II,4.0,4.0,4.0,4,Hybrid,Remote Delivery,20,9,20,0,,,,MW 1000-1130 Meetings scheduled remotely  Lecture ; none - Online  Lecture,Joshua Evans (primary),,https://reg-prod.cocc.edu/StudentRegistrationSsb/ssb/searchResults/searchResults?txt_term=202610&startDatepicker=&endDatepicker=&uniqueSessionId=dgf91fb7cf2d04&pageOffset=500&pageMaxSize=500&sortColumn=subjectDescription&sortDirection=asc,2026-09-12T16:02:01.7091220+00:00,2026-09-12T17:34:45.0686990+00:00
cocc,202610,Winter 2026 (View Only),WR,065,10455,03,Rhetoric/Critical Thinking II,4.0,4.0,4.0,4,In-Person,Madras Campus,19,8,19,0,,,,TR 1300-1450 Madras Campus 120 Lecture,Sheri Jordan (primary),,https://reg-prod.cocc.edu/StudentRegistrationSsb/ssb/searchResults/searchResults?txt_term=202610&startDatepicker=&endDatepicker=&uniqueSessionId=dgf91fb7cf2d04&pageOffset=500&pageMaxSize=500&sortColumn=subjectDescription&sortDirection=asc,2026-09-12T16:02:01.7091220+00:00,2026-09-12T17:34:45.0686990+00:00
cocc,202620,Spring 2026 (View Only),ANTH,234,20014,01,Biological Anthropology,4.0,4.0,4.0,4,In-Person,Bend Campus,24,21,24,0,,,,MW 1300-1550 Ochoco Hall 0140 Combination Lecture/Lab ; M 1300-1500 Ochoco Hall 0140 Final Exam,Michel Waller (primary),,https://reg-prod.cocc.edu/StudentRegistrationSsb/ssb/searchResults/searchResults?txt_term=202620&startDatepicker=&endDatepicker=&uniqueSessionId=dg0985b53d045f&pageOffset=0&pageMaxSize=500&sortColumn=subjectDescription&sortDirection=asc,2026-09-12T16:01:48.7228730+00:00,2026-09-12T17:34:34.0661870+00:00
cocc,202620,Spring 2026 (View Only),ART,101,21047,01,Intro to the Visual Arts,4.0,4.0,4.0,4,In-Person,Bend Campus,24,20,24,0,,,,T 1300-1650 Modoc Hall 0104 Lecture ; T 1300-1500 Modoc Hall 0104 Final Exam,Steven Bachtel (primary),,https://reg-prod.cocc.edu/StudentRegistrationSsb/ssb/searchResults/searchResults?txt_term=202620&startDatepicker=&endDatepicker=&uniqueSessionId=dg0985b53d045f&pageOffset=0&pageMaxSize=500&sortColumn=subjectDescription&sortDirection=asc,2026-09-12T16:01:48.7228730+00:00,2026-09-12T17:34:34.0661870+00:00
cocc,202620,Spring 2026 (View Only),ART,115,20063,02,Basic Design: 2-D,4.0,4.0,4.0,4,Hybrid,Bend Campus,15,15,15,0,,,,F 0900-1120 Pence Hall 0105 Combination Lecture/Lab ; F 1015-1215 Pence Hall 0105 Final Exam ; none - Online  Combination Lecture/Lab,Neya McCracken (primary),,https://reg-prod.cocc.edu/StudentRegistrationSsb/ssb/searchResults/searchResults?txt_term=202620&startDatepicker=&endDatepicker=&uniqueSessionId=dg0985b53d045f&pageOffset=0&pageMaxSize=500&sortColumn=subjectDescription&sortDirection=asc,2026-09-12T16:01:48.7228730+00:00,2026-09-12T17:34:34.0661870+00:00
cocc,202620,Spring 2026 (View Only),ART,116,21090,02,Basic Design: Color,4.0,4.0,4.0,4,Online,Online,15,10,15,0,,,,none - Online  Combination Lecture/Lab,Lindsey Latiolais (primary),,https://reg-prod.cocc.edu/StudentRegistrationSsb/ssb/searchResults/searchResults?txt_term=202620&startDatepicker=&endDatepicker=&uniqueSessionId=dg0985b53d045f&pageOffset=0&pageMaxSize=500&sortColumn=subjectDescription&sortDirection=asc,2026-09-12T16:01:48.7228730+00:00,2026-09-12T17:34:34.0661870+00:00
cocc,202620,Spring 2026 (View Only),ART,122,20065,01,Ceramics: Intro Wheel Throwing,4.0,4.0,4.0,4,In-Person,Bend Campus,12,12,12,0,,,,MW 1500-1720 Pence Hall 0226 Combination Lecture/Lab ; M 1515-1715 Pence Hall 0226 Final Exam,Moe Carolin-Anderson (primary),,https://reg-prod.cocc.edu/StudentRegistrationSsb/ssb/searchResults/searchResults?txt_term=202620&startDatepicker=&endDatepicker=&uniqueSessionId=dg0985b53d045f&pageOffset=0&pageMaxSize=500&sortColumn=subjectDescription&sortDirection=asc,2026-09-12T16:01:48.7228730+00:00,2026-09-12T17:34:34.0661870+00:00
cocc,202620,Spring 2026 (View Only),AUT,260,20132,01,Diesel Performance II,4.0,4.0,4.0,4,In-Person,Redmond Campus,18,4,18,0,,,,MW 1700-2050 Redmond Technology Ed Center 116 Combination Lecture/Lab,Stephen Shelton (primary),,https://reg-prod.cocc.edu/StudentRegistrationSsb/ssb/searchResults/searchResults?txt_term=202620&startDatepicker=&endDatepicker=&uniqueSessionId=dg0985b53d045f&pageOffset=0&pageMaxSize=500&sortColumn=subjectDescription&sortDirection=asc,2026-09-12T16:01:48.7228730+00:00,2026-09-12T17:34:34.0661870+00:00
cocc,202620,Spring 2026 (View Only),AV,201,20145,01,Airport Management,3.0,3.0,3.0,3,In-Person,Bend Campus,32,26,32,0,,,,MW 1500-1620 Cascades Hall 0117 Lecture ; M 1515-1715 Cascades Hall 0117 Final Exam,John Miller (primary),,https://reg-prod.cocc.edu/StudentRegistrationSsb/ssb/searchResults/searchResults?txt_term=202620&startDatepicker=&endDatepicker=&uniqueSessionId=dg0985b53d045f&pageOffset=0&pageMaxSize=500&sortColumn=subjectDescription&sortDirection=asc,2026-09-12T16:01:48.7228730+00:00,2026-09-12T17:34:34.0661870+00:00
cocc,202620,Spring 2026 (View Only),AV,227G,20175,01,Comm Pilot II Heli Flt Lab,1.0,1.0,1.0,1,In-Person,Bend Campus,30,3,30,0,,,,none - Bend Airport  Lab,Lisa Shipman ; Steve Crowe (primary),,https://reg-prod.cocc.edu/StudentRegistrationSsb/ssb/searchResults/searchResults?txt_term=202620&startDatepicker=&endDatepicker=&uniqueSessionId=dg0985b53d045f&pageOffset=0&pageMaxSize=500&sortColumn=subjectDescription&sortDirection=asc,2026-09-12T16:01:48.7228730+00:00,2026-09-12T17:34:34.0661870+00:00
cocc,202620,Spring 2026 (View Only),BA,113,20192,03,Applied Accounting III,3.0,3.0,3.0,3,In-Person,Redmond Campus,28,5,28,0,,,,MW 1300-1420 Redmond Technology Ed Center 135 Lecture ; M 1300-1500 Redmond Technology Ed Center 135 Final Exam,Vaughan Briggs (primary),,https://reg-prod.cocc.edu/StudentRegistrationSsb/ssb/searchResults/searchResults?txt_term=202620&startDatepicker=&endDatepicker=&uniqueSessionId=dg0985b53d045f&pageOffset=0&pageMaxSize=500&sortColumn=subjectDescription&sortDirection=asc,2026-09-12T16:01:48.7228730+00:00,2026-09-12T17:34:34.0661870+00:00
cocc,202620,Spring 2026 (View Only),BA,218,20215,02,Personal Finance,4.0,4.0,4.0,4,Online,Online,28,29,28,0,,,,none - Online  Lecture,Vaughan Briggs (primary),,https://reg-prod.cocc.edu/StudentRegistrationSsb/ssb/searchResults/searchResults?txt_term=202620&startDatepicker=&endDatepicker=&uniqueSessionId=dg0985b53d045f&pageOffset=0&pageMaxSize=500&sortColumn=subjectDescription&sortDirection=asc,2026-09-12T16:01:48.7228730+00:00,2026-09-12T17:34:34.0661870+00:00
cocc,202620,Spring 2026 (View Only),BA,229,20220,01,QuickBooks,3.0,3.0,3.0,3,Online,Online,28,18,28,0,,,,none - Online  Combination Lecture/Lab,Thomas Frank (primary),,https://reg-prod.cocc.edu/StudentRegistrationSsb/ssb/searchResults/searchResults?txt_term=202620&startDatepicker=&endDatepicker=&uniqueSessionId=dg0985b53d045f&pageOffset=0&pageMaxSize=500&sortColumn=subjectDescription&sortDirection=asc,2026-09-12T16:01:48.7228730+00:00,2026-09-12T17:34:34.0661870+00:00
cocc,202620,Spring 2026 (View Only),BH,260,20183,01,Counseling Theories,4.0,4.0,4.0,4,In-Person,Bend Campus,24,20,24,0,,,,MW 0800-0950 Modoc Hall 0101 Lecture ; M 0800-1000 Modoc Hall 0101 Final Exam,Leah Allen (primary),,https://reg-prod.cocc.edu/StudentRegistrationSsb/ssb/searchResults/searchResults?txt_term=202620&startDatepicker=&endDatepicker=&uniqueSessionId=dg0985b53d045f&pageOffset=0&pageMaxSize=500&sortColumn=subjectDescription&sortDirection=asc,2026-09-12T16:01:48.7228730+00:00,2026-09-12T17:34:34.0661870+00:00
cocc,202620,Spring 2026 (View Only),BI,232,20738,03,Human Anatomy & Physiology II,4.0,4.0,4.0,4,Online,Online,24,17,24,0,,,,none - Online  Lab ; none - Online  Lecture,Kiara Cordes (primary),,https://reg-prod.cocc.edu/StudentRegistrationSsb/ssb/searchResults/searchResults?txt_term=202620&startDatepicker=&endDatepicker=&uniqueSessionId=dg0985b53d045f&pageOffset=0&pageMaxSize=500&sortColumn=subjectDescription&sortDirection=asc,2026-09-12T16:01:48.7228730+00:00,2026-09-12T17:34:34.0661870+00:00
cocc,202620,Spring 2026 (View Only),CIS,120,20275,02,Computer Concepts,4.0,4.0,4.0,4,Hybrid,Redmond Campus,27,4,27,0,,,,MW 1000-1150 Redmond Building 1 128 Combination Lecture/Lab ; M 1015-1215 Redmond Building 1 128 Final Exam ; none - Online  Combination Lecture/Lab,Ben Young (primary),,https://reg-prod.cocc.edu/StudentRegistrationSsb/ssb/searchResults/searchResults?txt_term=202620&startDatepicker=&endDatepicker=&uniqueSessionId=dg0985b53d045f&pageOffset=0&pageMaxSize=500&sortColumn=subjectDescription&sortDirection=asc,2026-09-12T16:01:48.7228730+00:00,2026-09-12T17:34:34.0661870+00:00
cocc,202620,Spring 2026 (View Only),CJ,234,20313,01,The World of Violent Criminals,3.0,3.0,3.0,3,Online,Online,30,30,10,0,,,,none - Online  Lecture,Masayo Halpin (primary),,https://reg-prod.cocc.edu/StudentRegistrationSsb/ssb/searchResults/searchResults?txt_term=202620&startDatepicker=&endDatepicker=&uniqueSessionId=dg0985b53d045f&pageOffset=0&pageMaxSize=500&sortColumn=subjectDescription&sortDirection=asc,2026-09-12T16:01:48.7228730+00:00,2026-09-12T17:34:34.0661870+00:00
cocc,202620,Spring 2026 (View Only),COMM,218Z,20259,08,Interpersonal Communication,4.0,4.0,4.0,4,In-Person,Bend Campus,20,21,20,0,,,,TR 1300-1450 Deschutes Hall 0009 Lecture ; T 1300-1500 Deschutes Hall 0009 Final Exam,Nikki Truscelli (primary),,https://reg-prod.cocc.edu/StudentRegistrationSsb/ssb/searchResults/searchResults?txt_term=202620&startDatepicker=&endDatepicker=&uniqueSessionId=dg0985b53d045f&pageOffset=0&pageMaxSize=500&sortColumn=subjectDescription&sortDirection=asc,2026-09-12T16:01:48.7228730+00:00,2026-09-12T17:34:34.0661870+00:00
cocc,202620,Spring 2026 (View Only),CUL,203,20246,01,Food Truck Operations,4.0,4.0,4.0,4,In-Person,Bend Campus,10,6,10,0,,,,MT 0900-1250 Jungers Culinary Center 119 Lecture/Lab,Lori Walls (primary),,https://reg-prod.cocc.edu/StudentRegistrationSsb/ssb/searchResults/searchResults?txt_term=202620&startDatepicker=&endDatepicker=&uniqueSessionId=dg0985b53d045f&pageOffset=0&pageMaxSize=500&sortColumn=subjectDescription&sortDirection=asc,2026-09-12T16:01:48.7228730+00:00,2026-09-12T17:34:34.0661870+00:00
cocc,202620,Spring 2026 (View Only),DA,160,20321,01,Oral Medicine,3.0,3.0,3.0,3,Online,Online,24,19,0,0,,,,none - Online  Lecture,Jamasa Graham (primary),,https://reg-prod.cocc.edu/StudentRegistrationSsb/ssb/searchResults/searchResults?txt_term=202620&startDatepicker=&endDatepicker=&uniqueSessionId=dg0985b53d045f&pageOffset=0&pageMaxSize=500&sortColumn=subjectDescription&sortDirection=asc,2026-09-12T16:01:48.7228730+00:00,2026-09-12T17:34:34.0661870+00:00
cocc,202620,Spring 2026 (View Only),ENG,221,20445,01,Intro to Children's Literature,4.0,4.0,4.0,4,Hybrid,Madras Campus,32,3,32,0,,,,R 1500-1650 Madras Campus 116 Lecture,Sheri Jordan (primary),,https://reg-prod.cocc.edu/StudentRegistrationSsb/ssb/searchResults/searchResults?txt_term=202620&startDatepicker=&endDatepicker=&uniqueSessionId=dg0985b53d045f&pageOffset=0&pageMaxSize=500&sortColumn=subjectDescription&sortDirection=asc,2026-09-12T16:01:48.7228730+00:00,2026-09-12T17:34:34.0661870+00:00
cocc,202620,Spring 2026 (View Only),FIRE,114,20368,01,Fire Codes and Ordinances,3.0,3.0,3.0,3,Online,Online,24,21,10,0,,,,none - Online  Lecture,Marc Proctor (primary),,https://reg-prod.cocc.edu/StudentRegistrationSsb/ssb/searchResults/searchResults?txt_term=202620&startDatepicker=&endDatepicker=&uniqueSessionId=dg0985b53d045f&pageOffset=0&pageMaxSize=500&sortColumn=subjectDescription&sortDirection=asc,2026-09-12T16:01:48.7228730+00:00,2026-09-12T17:34:34.0661870+00:00
cocc,202620,Spring 2026 (View Only),FN,225,20721,02,Human Nutrition,4.0,4.0,4.0,4,Online,Online,30,26,30,0,,,,none - Online  Lecture,Rachel Shedden (primary),,https://reg-prod.cocc.edu/StudentRegistrationSsb/ssb/searchResults/searchResults?txt_term=202620&startDatepicker=&endDatepicker=&uniqueSessionId=dg0985b53d045f&pageOffset=0&pageMaxSize=500&sortColumn=subjectDescription&sortDirection=asc,2026-09-12T16:01:48.7228730+00:00,2026-09-12T17:34:34.0661870+00:00
cocc,202620,Spring 2026 (View Only),G,163,20703,01,"Rivers, Lakes and Springs",4.0,4.0,4.0,4,In-Person,Bend Campus,24,25,24,0,,,,F 0900-1050 Middleton Science Center 0250 Lecture ; F 1015-1215 Middleton Science Center 0250 Final Exam ; F 1100-1720 Middleton Science Center 0250 Lab,Elizabeth Rhodes (primary),,https://reg-prod.cocc.edu/StudentRegistrationSsb/ssb/searchResults/searchResults?txt_term=202620&startDatepicker=&endDatepicker=&uniqueSessionId=dg0985b53d045f&pageOffset=0&pageMaxSize=500&sortColumn=subjectDescription&sortDirection=asc,2026-09-12T16:01:48.7228730+00:00,2026-09-12T17:34:34.0661870+00:00
cocc,202620,Spring 2026 (View Only),GEOG,266,20009,01,ArcGIS,4.0,4.0,4.0,4,Online,Online,25,17,25,0,,,,none - Online  Combination Lecture/Lab,Patrick Kennelly (primary),,https://reg-prod.cocc.edu/StudentRegistrationSsb/ssb/searchResults/searchResults?txt_term=202620&startDatepicker=&endDatepicker=&uniqueSessionId=dg0985b53d045f&pageOffset=0&pageMaxSize=500&sortColumn=subjectDescription&sortDirection=asc,2026-09-12T16:01:48.7228730+00:00,2026-09-12T17:34:34.0661870+00:00
cocc,202620,Spring 2026 (View Only),GEOG,280,21070,01,Co-op Work Experience GIS,,1.0,3.0,1 TO 3,In-Person,Bend Campus,5,4,5,0,,,,none - Field  Practicum,Patrick Kennelly (primary),,https://reg-prod.cocc.edu/StudentRegistrationSsb/ssb/searchResults/searchResults?txt_term=202620&startDatepicker=&endDatepicker=&uniqueSessionId=dg0985b53d045f&pageOffset=0&pageMaxSize=500&sortColumn=subjectDescription&sortDirection=asc,2026-09-12T16:01:48.7228730+00:00,2026-09-12T17:34:34.0661870+00:00
cocc,202620,Spring 2026 (View Only),HD,100CS,20631,02,College Success,3.0,3.0,3.0,3,Online,Online,25,23,25,0,,,,none - Online  Lecture,Christin Shapiro (primary),,https://reg-prod.cocc.edu/StudentRegistrationSsb/ssb/searchResults/searchResults?txt_term=202620&startDatepicker=&endDatepicker=&uniqueSessionId=dg0985b53d045f&pageOffset=0&pageMaxSize=500&sortColumn=subjectDescription&sortDirection=asc,2026-09-12T16:01:48.7228730+00:00,2026-09-12T17:34:34.0661870+00:00
cocc,202620,Spring 2026 (View Only),HHP,131,20391,01,Intro Exercise/Sport Science,3.0,3.0,3.0,3,In-Person,Bend Campus,24,23,24,0,,,,MW 1300-1420 Mazama 0220 Lecture ; M 1300-1500 Mazama 0220 Final Exam,Jennifer Cruickshank (primary),,https://reg-prod.cocc.edu/StudentRegistrationSsb/ssb/searchResults/searchResults?txt_term=202620&startDatepicker=&endDatepicker=&uniqueSessionId=dg0985b53d045f&pageOffset=0&pageMaxSize=500&sortColumn=subjectDescription&sortDirection=asc,2026-09-12T16:01:48.7228730+00:00,2026-09-12T17:34:34.0661870+00:00
cocc,202620,Spring 2026 (View Only),HHPA,134,20406,01,Circuit Training,1.0,1.0,1.0,1,In-Person,Bend Campus,20,16,20,0,,,,TR 1000-1120 Mazama MPRM Activity ; T 1015-1215 Mazama MPRM Final Exam,Jen Powell (primary),,https://reg-prod.cocc.edu/StudentRegistrationSsb/ssb/searchResults/searchResults?txt_term=202620&startDatepicker=&endDatepicker=&uniqueSessionId=dg0985b53d045f&pageOffset=0&pageMaxSize=500&sortColumn=subjectDescription&sortDirection=asc,2026-09-12T16:01:48.7228730+00:00,2026-09-12T17:34:34.0661870+00:00
cocc,202620,Spring 2026 (View Only),HHPA,140,20409,01,Basketball,1.0,1.0,1.0,1,In-Person,Bend Campus,30,14,30,0,,,,MW 1300-1420 Mazama GYM Activity ; M 1300-1500 Mazama GYM Final Exam,Morgan Smith (primary),,https://reg-prod.cocc.edu/StudentRegistrationSsb/ssb/searchResults/searchResults?txt_term=202620&startDatepicker=&endDatepicker=&uniqueSessionId=dg0985b53d045f&pageOffset=0&pageMaxSize=500&sortColumn=subjectDescription&sortDirection=asc,2026-09-12T16:01:48.7228730+00:00,2026-09-12T17:34:34.0661870+00:00
cocc,202620,Spring 2026 (View Only),HHPA,151,20415,01,Pickleball II,1.0,1.0,1.0,1,In-Person,Bend Campus,10,11,10,0,,,,TR 1300-1420 Mazama CTS Activity,Graham Ketner (primary),,https://reg-prod.cocc.edu/StudentRegistrationSsb/ssb/searchResults/searchResults?txt_term=202620&startDatepicker=&endDatepicker=&uniqueSessionId=dg0985b53d045f&pageOffset=0&pageMaxSize=500&sortColumn=subjectDescription&sortDirection=asc,2026-09-12T16:01:48.7228730+00:00,2026-09-12T17:34:34.0661870+00:00
cocc,202620,Spring 2026 (View Only),HIM,140,20002,01,Healthcare Statistics,4.0,4.0,4.0,4,Online,Online,28,24,28,0,,,,none - Online  Combination Lecture/Lab,Christi Lemire (primary),,https://reg-prod.cocc.edu/StudentRegistrationSsb/ssb/searchResults/searchResults?txt_term=202620&startDatepicker=&endDatepicker=&uniqueSessionId=dg0985b53d045f&pageOffset=0&pageMaxSize=500&sortColumn=subjectDescription&sortDirection=asc,2026-09-12T16:01:48.7228730+00:00,2026-09-12T17:34:34.0661870+00:00
cocc,202620,Spring 2026 (View Only),LMT,130,20496,01,Massage Fundamentals,2.0,2.0,2.0,2,In-Person,Bend Campus,20,22,20,0,,,,T 1800-2000 Health Careers Center 0170 Final Exam ; T 2000-2150 Health Careers Center 0170 Lecture,Alissa Locke (primary),,https://reg-prod.cocc.edu/StudentRegistrationSsb/ssb/searchResults/searchResults?txt_term=202620&startDatepicker=&endDatepicker=&uniqueSessionId=dg0985b53d045f&pageOffset=0&pageMaxSize=500&sortColumn=subjectDescription&sortDirection=asc,2026-09-12T16:01:48.7228730+00:00,2026-09-12T17:34:34.0661870+00:00
cocc,202620,Spring 2026 (View Only),MFG,103,20654,01,Welding Technology I,4.0,4.0,4.0,4,In-Person,Redmond Campus,14,12,14,0,,,,MW 0800-0850 Redmond Building 3 305 Lecture ; MW 0900-1150 Redmond Building 3 322 Lab,Rosie Day (primary),,https://reg-prod.cocc.edu/StudentRegistrationSsb/ssb/searchResults/searchResults?txt_term=202620&startDatepicker=&endDatepicker=&uniqueSessionId=dg0985b53d045f&pageOffset=0&pageMaxSize=500&sortColumn=subjectDescription&sortDirection=asc,2026-09-12T16:01:48.7228730+00:00,2026-09-12T17:34:34.0661870+00:00
cocc,202620,Spring 2026 (View Only),MFG,280,20666,01,CWE Manufacturing,,1.0,4.0,1 TO 4,In-Person,Redmond Campus,5,5,5,0,,,,none - Field  Practicum,Matthew Collier (primary) ; Amy Ward,,https://reg-prod.cocc.edu/StudentRegistrationSsb/ssb/searchResults/searchResults?txt_term=202620&startDatepicker=&endDatepicker=&uniqueSessionId=dg0985b53d045f&pageOffset=0&pageMaxSize=500&sortColumn=subjectDescription&sortDirection=asc,2026-09-12T16:01:48.7228730+00:00,2026-09-12T17:34:34.0661870+00:00
cocc,202620,Spring 2026 (View Only),MTH,095,20783,06,Intermediate Algebra,4.0,4.0,4.0,4,In-Person,Madras Campus,25,10,25,0,,,,TR 1500-1650 Madras Campus 114 Lecture ; T 1515-1715 Madras Campus 114 Final Exam,Monte Cheney (primary),,https://reg-prod.cocc.edu/StudentRegistrationSsb/ssb/searchResults/searchResults?txt_term=202620&startDatepicker=&endDatepicker=&uniqueSessionId=dg0985b53d045f&pageOffset=500&pageMaxSize=500&sortColumn=subjectDescription&sortDirection=asc,2026-09-12T16:01:50.5521650+00:00,2026-09-12T17:34:34.0661870+00:00
cocc,202620,Spring 2026 (View Only),MTH,098,20524,02,Math Literacy,4.0,4.0,4.0,4,In-Person,Bend Campus,25,18,25,0,,,,TR 1300-1450 Grandview Hall 0234 Lecture ; T 1300-1500 Grandview Hall 0234 Final Exam,Julie Schmidt (primary),,https://reg-prod.cocc.edu/StudentRegistrationSsb/ssb/searchResults/searchResults?txt_term=202620&startDatepicker=&endDatepicker=&uniqueSessionId=dg0985b53d045f&pageOffset=500&pageMaxSize=500&sortColumn=subjectDescription&sortDirection=asc,2026-09-12T16:01:50.5521650+00:00,2026-09-12T17:34:34.0661870+00:00
cocc,202620,Spring 2026 (View Only),MUS,137,20572,01,Class Guitar I,2.0,2.0,2.0,2,In-Person,Bend Campus,15,12,15,0,,,,MW 1500-1550 Pence Hall 0228 Lecture ; M 1515-1715 Pence Hall 0228 Final Exam,Dillon Schneider (primary),,https://reg-prod.cocc.edu/StudentRegistrationSsb/ssb/searchResults/searchResults?txt_term=202620&startDatepicker=&endDatepicker=&uniqueSessionId=dg0985b53d045f&pageOffset=500&pageMaxSize=500&sortColumn=subjectDescription&sortDirection=asc,2026-09-12T16:01:50.5521650+00:00,2026-09-12T17:34:34.0661870+00:00
cocc,202620,Spring 2026 (View Only),MUS,183,20576,01,Vocal Jazz Choir,1.0,1.0,1.0,1,In-Person,Bend Campus,20,19,20,0,,,,M 1800-2050 Pence Hall 0228 Major Ensemble Music,James Knox (primary),,https://reg-prod.cocc.edu/StudentRegistrationSsb/ssb/searchResults/searchResults?txt_term=202620&startDatepicker=&endDatepicker=&uniqueSessionId=dg0985b53d045f&pageOffset=500&pageMaxSize=500&sortColumn=subjectDescription&sortDirection=asc,2026-09-12T16:01:50.5521650+00:00,2026-09-12T17:34:34.0661870+00:00
cocc,202620,Spring 2026 (View Only),NUR,108,20749,01,Nursing III,11.0,11.0,11.0,11,In-Person,Bend Campus,56,52,0,0,,,,WR 0700-1400 St. Charles Hospital  Clinical ; MT 0800-1100 Health Careers Center 0330 Lecture ; M 0800-1000 Final Exam ; F 1000-1600 St. Charles Hospital  Clinical ; MT 1300-1430 Health Careers Center 0360 Lab,Angela Streeter ; Becki Doden ; Amy Wheary ; Melissia Brinker ; Susan Miller ; Megan Michell ; Melinda Gesuale ; Amanda Brown ; Whitney Martin ; Breah Bollom ; Carmen Ingulli ; Amy Shapen (primary) ; Kimberly Thomas ; Natalia Suits ; Elise Shearer ; Michelle Ostenberg ; Brenna Cole ; Jessica Thurman ; Bri Rowe ; Taryn Abbott,,https://reg-prod.cocc.edu/StudentRegistrationSsb/ssb/searchResults/searchResults?txt_term=202620&startDatepicker=&endDatepicker=&uniqueSessionId=dg0985b53d045f&pageOffset=500&pageMaxSize=500&sortColumn=subjectDescription&sortDirection=asc,2026-09-12T16:01:50.5521650+00:00,2026-09-12T17:34:34.0661870+00:00
cocc,202620,Spring 2026 (View Only),OL,171,20791,01,OL Technical Skills,2.0,2.0,2.0,2,In-Person,Bend Campus,6,5,6,0,,,,F 1000-1630 Mazama 0120 Lecture/Lab,Brad Martin (primary),,https://reg-prod.cocc.edu/StudentRegistrationSsb/ssb/searchResults/searchResults?txt_term=202620&startDatepicker=&endDatepicker=&uniqueSessionId=dg0985b53d045f&pageOffset=500&pageMaxSize=500&sortColumn=subjectDescription&sortDirection=asc,2026-09-12T16:01:50.5521650+00:00,2026-09-12T17:34:34.0661870+00:00
cocc,202620,Spring 2026 (View Only),OL,244,20587,01,Psych. of Risk & Adventure,3.0,3.0,3.0,3,In-Person,Bend Campus,28,26,28,0,,,,MW 0800-0920 Mazama 0122 Lecture ; M 0800-1000 Mazama 0122 Final Exam,Tim Peterson (primary),,https://reg-prod.cocc.edu/StudentRegistrationSsb/ssb/searchResults/searchResults?txt_term=202620&startDatepicker=&endDatepicker=&uniqueSessionId=dg0985b53d045f&pageOffset=500&pageMaxSize=500&sortColumn=subjectDescription&sortDirection=asc,2026-09-12T16:01:50.5521650+00:00,2026-09-12T17:34:34.0661870+00:00
cocc,202620,Spring 2026 (View Only),PSY,201Z,20614,02,Introduction to Psychology I,4.0,4.0,4.0,4,In-Person,Bend Campus,30,23,30,0,,,,TR 1300-1450 Modoc Hall 0102 Lecture ; T 1300-1500 Modoc Hall 0102 Final Exam,Ari Wixwat (primary),,https://reg-prod.cocc.edu/StudentRegistrationSsb/ssb/searchResults/searchResults?txt_term=202620&startDatepicker=&endDatepicker=&uniqueSessionId=dg0985b53d045f&pageOffset=500&pageMaxSize=500&sortColumn=subjectDescription&sortDirection=asc,2026-09-12T16:01:50.5521650+00:00,2026-09-12T17:34:34.0661870+00:00
cocc,202620,Spring 2026 (View Only),PSY,202Z,21040,14,Introduction to Psychology II,4.0,4.0,4.0,4,In-Person,Bend Campus,30,25,30,0,,,,MW 1300-1450 Jefferson Hall 0105 Lecture ; M 1300-1500 Jefferson Hall 0105 Final Exam,Suci Sonnier (primary),,https://reg-prod.cocc.edu/StudentRegistrationSsb/ssb/searchResults/searchResults?txt_term=202620&startDatepicker=&endDatepicker=&uniqueSessionId=dg0985b53d045f&pageOffset=500&pageMaxSize=500&sortColumn=subjectDescription&sortDirection=asc,2026-09-12T16:01:50.5521650+00:00,2026-09-12T17:34:34.0661870+00:00
cocc,202620,Spring 2026 (View Only),PSY,215,20622,03,Developmental Psychology,4.0,4.0,4.0,4,In-Person,Madras Campus,30,12,30,0,,,,TR 1500-1650 Madras Campus 115 Lecture ; T 1515-1715 Madras Campus 115 Final Exam,Rebecca Walker-Sands (primary),,https://reg-prod.cocc.edu/StudentRegistrationSsb/ssb/searchResults/searchResults?txt_term=202620&startDatepicker=&endDatepicker=&uniqueSessionId=dg0985b53d045f&pageOffset=500&pageMaxSize=500&sortColumn=subjectDescription&sortDirection=asc,2026-09-12T16:01:50.5521650+00:00,2026-09-12T17:34:34.0661870+00:00
cocc,202620,Spring 2026 (View Only),VT,112,20645,02,Adv Small Animal Nursing,4.0,4.0,4.0,4,In-Person,Redmond Campus,8,7,0,0,,,,MW 0830-0950 Redmond Vet Tech 100 Lecture ; F 1015-1215 Redmond Vet Tech 100 Final Exam ; R 1200-1450 Redmond Vet Tech 100 Lab,Cierra Buer ; Beth Palmer (primary) ; Daisy Altamirano,,https://reg-prod.cocc.edu/StudentRegistrationSsb/ssb/searchResults/searchResults?txt_term=202620&startDatepicker=&endDatepicker=&uniqueSessionId=dg0985b53d045f&pageOffset=500&pageMaxSize=500&sortColumn=subjectDescription&sortDirection=asc,2026-09-12T16:01:50.5521650+00:00,2026-09-12T17:34:34.0661870+00:00
cocc,202620,Spring 2026 (View Only),WR,121Z,20491,11,Composition I,4.0,4.0,4.0,4,In-Person,Remote Delivery,10,7,10,0,,,,TR 1500-1650 Meetings scheduled remotely  Lecture,Kelly Jaquiss-Pofahl (primary),,https://reg-prod.cocc.edu/StudentRegistrationSsb/ssb/searchResults/searchResults?txt_term=202620&startDatepicker=&endDatepicker=&uniqueSessionId=dg0985b53d045f&pageOffset=500&pageMaxSize=500&sortColumn=subjectDescription&sortDirection=asc,2026-09-12T16:01:50.5521650+00:00,2026-09-12T17:34:34.0661870+00:00
cocc,202620,Spring 2026 (View Only),WR,121Z,21027,25,Composition I,4.0,4.0,4.0,4,In-Person,Redmond Campus,25,3,25,0,,,,TR 1300-1450 Redmond Building 3 306 Lecture ; T 1300-1500 Redmond Building 3 306 Final Exam,Kristin Dorsey (primary),,https://reg-prod.cocc.edu/StudentRegistrationSsb/ssb/searchResults/searchResults?txt_term=202620&startDatepicker=&endDatepicker=&uniqueSessionId=dg0985b53d045f&pageOffset=500&pageMaxSize=500&sortColumn=subjectDescription&sortDirection=asc,2026-09-12T16:01:50.5521650+00:00,2026-09-12T17:34:34.0661870+00:00
cocc,202620,Spring 2026 (View Only),WR,227Z,20483,01,Technical Writing,4.0,4.0,4.0,4,Hybrid,Bend Campus,26,17,26,0,,,,T 1000-1150 Ochoco Hall 0142 Lecture ; none - Online  Lecture,Malinda Williams (primary),,https://reg-prod.cocc.edu/StudentRegistrationSsb/ssb/searchResults/searchResults?txt_term=202620&startDatepicker=&endDatepicker=&uniqueSessionId=dg0985b53d045f&pageOffset=500&pageMaxSize=500&sortColumn=subjectDescription&sortDirection=asc,2026-09-12T16:01:50.5521650+00:00,2026-09-12T17:34:34.0661870+00:00
cocc,202620,Spring 2026 (View Only),WR,240,20487,01,Creative Writing: Nonfiction,4.0,4.0,4.0,4,In-Person,Prineville Campus,22,3,22,0,,,,MW 1000-1150 Prineville Campus 111 Lecture,Christopher Hazlett (primary),,https://reg-prod.cocc.edu/StudentRegistrationSsb/ssb/searchResults/searchResults?txt_term=202620&startDatepicker=&endDatepicker=&uniqueSessionId=dg0985b53d045f&pageOffset=500&pageMaxSize=500&sortColumn=subjectDescription&sortDirection=asc,2026-09-12T16:01:50.5521650+00:00,2026-09-12T17:34:34.0661870+00:00
cocc,202620,Spring 2026 (View Only),WR,299,20489,01,Adv Creative Writing-Publ,,1.0,4.0,1 TO 4,In-Person,Bend Campus,15,6,15,0,,,,MW 1300-1450 Ochoco Hall 0221 Lecture,Eileen Sather (primary),,https://reg-prod.cocc.edu/StudentRegistrationSsb/ssb/searchResults/searchResults?txt_term=202620&startDatepicker=&endDatepicker=&uniqueSessionId=dg0985b53d045f&pageOffset=500&pageMaxSize=500&sortColumn=subjectDescription&sortDirection=asc,2026-09-12T16:01:50.5521650+00:00,2026-09-12T17:34:34.0661870+00:00
cocc,202630,Summer 2026 (View Only),AV,250,30061,01,CFI - Airplane,5.0,5.0,5.0,5,In-Person,Bend Campus,32,5,32,0,04,32,7,TR 1530-1750 Cascades Hall 0117 Lecture,Kamilla Farkas (primary),,https://reg-prod.cocc.edu/StudentRegistrationSsb/ssb/searchResults/searchResults?txt_term=202630&startDatepicker=&endDatepicker=&uniqueSessionId=dg7bf8e606d89f&pageOffset=0&pageMaxSize=500&sortColumn=subjectDescription&sortDirection=asc,2026-09-12T16:01:38.8858020+00:00,2026-09-12T17:34:22.6256870+00:00
cocc,202630,Summer 2026 (View Only),BA,218,30243,02,Personal Finance,4.0,4.0,4.0,4,Online,Online,28,19,28,0,,,,none - Online  Lecture,Jennifer Gould (primary),,https://reg-prod.cocc.edu/StudentRegistrationSsb/ssb/searchResults/searchResults?txt_term=202630&startDatepicker=&endDatepicker=&uniqueSessionId=dg7bf8e606d89f&pageOffset=0&pageMaxSize=500&sortColumn=subjectDescription&sortDirection=asc,2026-09-12T16:01:38.8858020+00:00,2026-09-12T17:34:22.6256870+00:00
cocc,202630,Summer 2026 (View Only),BI,231,30197,01,Human Anatomy and Physiology I,4.0,4.0,4.0,4,Online,Online,24,23,24,0,,,,none - Online  Lecture ; none - Online  Lab,Kiara Cordes (primary),,https://reg-prod.cocc.edu/StudentRegistrationSsb/ssb/searchResults/searchResults?txt_term=202630&startDatepicker=&endDatepicker=&uniqueSessionId=dg7bf8e606d89f&pageOffset=0&pageMaxSize=500&sortColumn=subjectDescription&sortDirection=asc,2026-09-12T16:01:38.8858020+00:00,2026-09-12T17:34:22.6256870+00:00
cocc,202630,Summer 2026 (View Only),COMM,218Z,30024,01,Interpersonal Communication,4.0,4.0,4.0,4,Online,Online,20,19,20,0,,,,none - Online  Lecture,Anne Zmyslinski-Seelig (primary),,https://reg-prod.cocc.edu/StudentRegistrationSsb/ssb/searchResults/searchResults?txt_term=202630&startDatepicker=&endDatepicker=&uniqueSessionId=dg7bf8e606d89f&pageOffset=0&pageMaxSize=500&sortColumn=subjectDescription&sortDirection=asc,2026-09-12T16:01:38.8858020+00:00,2026-09-12T17:34:22.6256870+00:00
cocc,202630,Summer 2026 (View Only),ED,269,30220,01,Overview of Special Ed,3.0,3.0,3.0,3,In-Person,Bend Campus,20,17,20,0,,,,T 1800-1950 Modoc Hall 0220 Lecture ; none - Field  Practicum,Luis Navez (primary),,https://reg-prod.cocc.edu/StudentRegistrationSsb/ssb/searchResults/searchResults?txt_term=202630&startDatepicker=&endDatepicker=&uniqueSessionId=dg7bf8e606d89f&pageOffset=0&pageMaxSize=500&sortColumn=subjectDescription&sortDirection=asc,2026-09-12T16:01:38.8858020+00:00,2026-09-12T17:34:22.6256870+00:00
cocc,202630,Summer 2026 (View Only),HHP,242,30158,01,Stress Management,3.0,3.0,3.0,3,Online,Online,24,21,24,0,,,,none - Online  Lecture,Daniel Montoya (primary),,https://reg-prod.cocc.edu/StudentRegistrationSsb/ssb/searchResults/searchResults?txt_term=202630&startDatepicker=&endDatepicker=&uniqueSessionId=dg7bf8e606d89f&pageOffset=0&pageMaxSize=500&sortColumn=subjectDescription&sortDirection=asc,2026-09-12T16:01:38.8858020+00:00,2026-09-12T17:34:22.6256870+00:00
cocc,202630,Summer 2026 (View Only),HHP,252,30170,02,First Aid & BLS Provider CPR,3.0,3.0,3.0,3,Hybrid,Bend Campus,12,11,12,0,,,,FS 0800-1550 Mazama 0207 Lecture ; none - Online  Lecture,Ryan Ballinger (primary),,https://reg-prod.cocc.edu/StudentRegistrationSsb/ssb/searchResults/searchResults?txt_term=202630&startDatepicker=&endDatepicker=&uniqueSessionId=dg7bf8e606d89f&pageOffset=0&pageMaxSize=500&sortColumn=subjectDescription&sortDirection=asc,2026-09-12T16:01:38.8858020+00:00,2026-09-12T17:34:22.6256870+00:00
cocc,202630,Summer 2026 (View Only),HHPA,151,30166,01,Pickleball II,1.0,1.0,1.0,1,In-Person,Bend Campus,10,6,10,0,,,,TR 1000-1120 Mazama CTS Activity,Graham Ketner (primary),,https://reg-prod.cocc.edu/StudentRegistrationSsb/ssb/searchResults/searchResults?txt_term=202630&startDatepicker=&endDatepicker=&uniqueSessionId=dg7bf8e606d89f&pageOffset=0&pageMaxSize=500&sortColumn=subjectDescription&sortDirection=asc,2026-09-12T16:01:38.8858020+00:00,2026-09-12T17:34:22.6256870+00:00
cocc,202630,Summer 2026 (View Only),MUS,203,30137,01,Intro to Music: World Music,3.0,3.0,3.0,3,Online,Online,30,13,30,0,,,,none - Online  Lecture,Travis Allen (primary),,https://reg-prod.cocc.edu/StudentRegistrationSsb/ssb/searchResults/searchResults?txt_term=202630&startDatepicker=&endDatepicker=&uniqueSessionId=dg7bf8e606d89f&pageOffset=0&pageMaxSize=500&sortColumn=subjectDescription&sortDirection=asc,2026-09-12T16:01:38.8858020+00:00,2026-09-12T17:34:22.6256870+00:00
cocc,202640,Fall 2026,ANTH,102,40511,01,Archaeology,4.0,4.0,4.0,4,In-Person,Bend Campus,24,24,24,1,,,,TR 1300-1450 Ochoco Hall 0140 Lecture,Michel Waller (primary),,https://reg-prod.cocc.edu/StudentRegistrationSsb/ssb/searchResults/searchResults?txt_term=202640&startDatepicker=&endDatepicker=&uniqueSessionId=dgd811bb7abd56&pageOffset=0&pageMaxSize=500&sortColumn=subjectDescription&sortDirection=asc,2026-09-12T16:01:31.3138800+00:00,2026-09-12T17:34:16.6099470+00:00
cocc,202640,Fall 2026,ANTH,103,40522,02,Cultural Anthropology,4.0,4.0,4.0,4,Online,Online,30,30,30,3,,,,none - Online  Lecture,Amy Harper (primary),,https://reg-prod.cocc.edu/StudentRegistrationSsb/ssb/searchResults/searchResults?txt_term=202640&startDatepicker=&endDatepicker=&uniqueSessionId=dgd811bb7abd56&pageOffset=0&pageMaxSize=500&sortColumn=subjectDescription&sortDirection=asc,2026-09-12T16:01:31.3138800+00:00,2026-09-12T17:34:16.6099470+00:00
cocc,202640,Fall 2026,ART,131,40101,01,Beginning Drawing,4.0,4.0,4.0,4,In-Person,Bend Campus,15,15,15,1,,,,MW 1500-1720 Pence Hall 0105 Combination Lecture/Lab,Julie Anderson (primary),,https://reg-prod.cocc.edu/StudentRegistrationSsb/ssb/searchResults/searchResults?txt_term=202640&startDatepicker=&endDatepicker=&uniqueSessionId=dgd811bb7abd56&pageOffset=0&pageMaxSize=500&sortColumn=subjectDescription&sortDirection=asc,2026-09-12T16:01:31.3138800+00:00,2026-09-12T17:34:16.6099470+00:00
cocc,202640,Fall 2026,AUT,202,40698,04,Manual Drive Trains I,3.0,3.0,3.0,3,Hybrid,Bend Campus,45,25,45,0,,,,MTWR 0745-1335 Ponderosa Hall 0107 Lab ; none - Online  Lab,Chuck Arnold (primary),,https://reg-prod.cocc.edu/StudentRegistrationSsb/ssb/searchResults/searchResults?txt_term=202640&startDatepicker=&endDatepicker=&uniqueSessionId=dgd811bb7abd56&pageOffset=0&pageMaxSize=500&sortColumn=subjectDescription&sortDirection=asc,2026-09-12T16:01:31.3138800+00:00,2026-09-12T17:34:16.6099470+00:00
cocc,202640,Fall 2026,AUT,270,40683,01,Auto Controller Systems I,4.0,4.0,4.0,4,In-Person,Redmond Campus,18,5,18,0,,,,TR 0745-1135 Redmond Technology Ed Center 116 Combination Lecture/Lab,Jim Siekkinen (primary),,https://reg-prod.cocc.edu/StudentRegistrationSsb/ssb/searchResults/searchResults?txt_term=202640&startDatepicker=&endDatepicker=&uniqueSessionId=dgd811bb7abd56&pageOffset=0&pageMaxSize=500&sortColumn=subjectDescription&sortDirection=asc,2026-09-12T16:01:31.3138800+00:00,2026-09-12T17:34:16.6099470+00:00
cocc,202640,Fall 2026,AV,104,40133,01,Intro to Airplane Systems,4.0,4.0,4.0,4,In-Person,Bend Campus,32,11,32,0,,,,TR 1800-1950 Cascades Hall 0117 Lecture,Syd Hendricks (primary),,https://reg-prod.cocc.edu/StudentRegistrationSsb/ssb/searchResults/searchResults?txt_term=202640&startDatepicker=&endDatepicker=&uniqueSessionId=dgd811bb7abd56&pageOffset=0&pageMaxSize=500&sortColumn=subjectDescription&sortDirection=asc,2026-09-12T16:01:31.3138800+00:00,2026-09-12T17:34:16.6099470+00:00
cocc,202640,Fall 2026,BA,261,40211,01,Consumer Behavior,4.0,4.0,4.0,4,Online,Online,28,17,28,0,,,,none - Online  Lecture,Darien Estes (primary),,https://reg-prod.cocc.edu/StudentRegistrationSsb/ssb/searchResults/searchResults?txt_term=202640&startDatepicker=&endDatepicker=&uniqueSessionId=dgd811bb7abd56&pageOffset=0&pageMaxSize=500&sortColumn=subjectDescription&sortDirection=asc,2026-09-12T16:01:31.3138800+00:00,2026-09-12T17:34:16.6099470+00:00
cocc,202640,Fall 2026,BH,293,40221,01,Practicum in Human Service III,4.0,4.0,4.0,4,In-Person,Bend Campus,12,4,12,0,05,12,12,M 1300-1450 Modoc Hall 0101 Lecture ; M 1300-1450 Modoc Hall 0101 Lecture ; M 1300-1450 Modoc Hall 0101 Lecture ; M 1300-1450 Modoc Hall 0101 Lecture ; M 1300-1450 Modoc Hall 0101 Lecture ; none - Field  Practicum,Sean Roberts (primary),,https://reg-prod.cocc.edu/StudentRegistrationSsb/ssb/searchResults/searchResults?txt_term=202640&startDatepicker=&endDatepicker=&uniqueSessionId=dgd811bb7abd56&pageOffset=0&pageMaxSize=500&sortColumn=subjectDescription&sortDirection=asc,2026-09-12T16:01:31.3138800+00:00,2026-09-12T17:34:16.6099470+00:00
cocc,202640,Fall 2026,BI,102,40233,01,General Biology: Evolution,4.0,4.0,4.0,4,Hybrid,Bend Campus,24,12,24,0,,,,R 1300-1550 Middleton Science Center 0160 Lab ; none - Online  Lecture,Merideth Humphries (primary),,https://reg-prod.cocc.edu/StudentRegistrationSsb/ssb/searchResults/searchResults?txt_term=202640&startDatepicker=&endDatepicker=&uniqueSessionId=dgd811bb7abd56&pageOffset=0&pageMaxSize=500&sortColumn=subjectDescription&sortDirection=asc,2026-09-12T16:01:31.3138800+00:00,2026-09-12T17:34:16.6099470+00:00
cocc,202640,Fall 2026,BI,223Z,40224,01,Principles of Bio: Eco & Evol,5.0,5.0,5.0,5,In-Person,Bend Campus,24,24,24,4,,,,MW 1000-1150 Middleton Science Center 0170 Lecture ; T 1000-1250 Middleton Science Center 0170 Lab,Steven Foldi (primary),,https://reg-prod.cocc.edu/StudentRegistrationSsb/ssb/searchResults/searchResults?txt_term=202640&startDatepicker=&endDatepicker=&uniqueSessionId=dgd811bb7abd56&pageOffset=0&pageMaxSize=500&sortColumn=subjectDescription&sortDirection=asc,2026-09-12T16:01:31.3138800+00:00,2026-09-12T17:34:16.6099470+00:00
cocc,202640,Fall 2026,BI,232Z,40265,03,Human Anatomy & Physiology II,4.0,4.0,4.0,4,Online,Online,24,24,24,7,,,,none - Online  Lab ; none - Online  Lecture,Jess Miller (primary),,https://reg-prod.cocc.edu/StudentRegistrationSsb/ssb/searchResults/searchResults?txt_term=202640&startDatepicker=&endDatepicker=&uniqueSessionId=dgd811bb7abd56&pageOffset=0&pageMaxSize=500&sortColumn=subjectDescription&sortDirection=asc,2026-09-12T16:01:31.3138800+00:00,2026-09-12T17:34:16.6099470+00:00
cocc,202640,Fall 2026,CIS,140,40897,02,A+ Essentials I,4.0,4.0,4.0,4,Online,Online,28,8,28,0,,,,none - Online  Combination Lecture/Lab,Tim Olson (primary),,https://reg-prod.cocc.edu/StudentRegistrationSsb/ssb/searchResults/searchResults?txt_term=202640&startDatepicker=&endDatepicker=&uniqueSessionId=dgd811bb7abd56&pageOffset=0&pageMaxSize=500&sortColumn=subjectDescription&sortDirection=asc,2026-09-12T16:01:31.3138800+00:00,2026-09-12T17:34:16.6099470+00:00
cocc,202640,Fall 2026,CJ,100,40558,05,Intro to Criminal Justice,3.0,3.0,3.0,3,Hybrid,Redmond Campus,25,7,25,0,,,,W 1500-1620 Redmond Building 3 312 Lecture ; none - Online  Lecture,Steve Campbell (primary),,https://reg-prod.cocc.edu/StudentRegistrationSsb/ssb/searchResults/searchResults?txt_term=202640&startDatepicker=&endDatepicker=&uniqueSessionId=dgd811bb7abd56&pageOffset=0&pageMaxSize=500&sortColumn=subjectDescription&sortDirection=asc,2026-09-12T16:01:31.3138800+00:00,2026-09-12T17:34:16.6099470+00:00
cocc,202640,Fall 2026,CJ,110,40549,01,Law Enforcement,3.0,3.0,3.0,3,In-Person,Bend Campus,25,6,25,0,,,,MW 1800-1920 Modoc Hall 0222 Lecture,Stephen Lopez (primary),,https://reg-prod.cocc.edu/StudentRegistrationSsb/ssb/searchResults/searchResults?txt_term=202640&startDatepicker=&endDatepicker=&uniqueSessionId=dgd811bb7abd56&pageOffset=0&pageMaxSize=500&sortColumn=subjectDescription&sortDirection=asc,2026-09-12T16:01:31.3138800+00:00,2026-09-12T17:34:16.6099470+00:00
cocc,202640,Fall 2026,CJ,199,40843,03,Intro to Firearms,,1.0,4.0,1 TO 4,In-Person,Other Locations - In-District,25,4,25,0,,,,F 1000-1500 Other - See class information  Lecture ; F 1000-1500 Other - See class information  Lecture,Pete DeLaOssa (primary),,https://reg-prod.cocc.edu/StudentRegistrationSsb/ssb/searchResults/searchResults?txt_term=202640&startDatepicker=&endDatepicker=&uniqueSessionId=dgd811bb7abd56&pageOffset=0&pageMaxSize=500&sortColumn=subjectDescription&sortDirection=asc,2026-09-12T16:01:31.3138800+00:00,2026-09-12T17:34:16.6099470+00:00
cocc,202640,Fall 2026,CUL,220,40888,02,International Cuisine,4.0,4.0,4.0,4,Hybrid,Bend Campus,14,6,14,0,,,,F 0800-1350 Jungers Culinary Center 117 Lecture/Lab ; none - Online  Lecture/Lab,Brian Kerr (primary),,https://reg-prod.cocc.edu/StudentRegistrationSsb/ssb/searchResults/searchResults?txt_term=202640&startDatepicker=&endDatepicker=&uniqueSessionId=dgd811bb7abd56&pageOffset=0&pageMaxSize=500&sortColumn=subjectDescription&sortDirection=asc,2026-09-12T16:01:31.3138800+00:00,2026-09-12T17:34:16.6099470+00:00
cocc,202640,Fall 2026,CUL,230,40845,03,Nutrition & Healthy Cooking,3.0,3.0,3.0,3,Hybrid,Bend Campus,14,9,14,0,,,,R 0800-1150 Jungers Culinary Center 117 Lecture/Lab ; none - Online  Lecture/Lab,Sarah Witt (primary),,https://reg-prod.cocc.edu/StudentRegistrationSsb/ssb/searchResults/searchResults?txt_term=202640&startDatepicker=&endDatepicker=&uniqueSessionId=dgd811bb7abd56&pageOffset=0&pageMaxSize=500&sortColumn=subjectDescription&sortDirection=asc,2026-09-12T16:01:31.3138800+00:00,2026-09-12T17:34:16.6099470+00:00
cocc,202640,Fall 2026,ED,140,40333,01,Introduction to ECE,4.0,4.0,4.0,4,Online,Online,20,13,20,0,,,,none - Field  Practicum ; none - Online  Lecture,Stephanie Boni (primary),,https://reg-prod.cocc.edu/StudentRegistrationSsb/ssb/searchResults/searchResults?txt_term=202640&startDatepicker=&endDatepicker=&uniqueSessionId=dgd811bb7abd56&pageOffset=0&pageMaxSize=500&sortColumn=subjectDescription&sortDirection=asc,2026-09-12T16:01:31.3138800+00:00,2026-09-12T17:34:16.6099470+00:00
cocc,202640,Fall 2026,ED,150,40335,01,Enviro & Curric in ECE,4.0,4.0,4.0,4,Online,Online,20,14,20,0,,,,none - Field  Practicum ; none - Online  Lecture,Angie Cole (primary),,https://reg-prod.cocc.edu/StudentRegistrationSsb/ssb/searchResults/searchResults?txt_term=202640&startDatepicker=&endDatepicker=&uniqueSessionId=dgd811bb7abd56&pageOffset=0&pageMaxSize=500&sortColumn=subjectDescription&sortDirection=asc,2026-09-12T16:01:31.3138800+00:00,2026-09-12T17:34:16.6099470+00:00
cocc,202640,Fall 2026,ED,152,40337,01,"Family, School, Com. Relations",3.0,3.0,3.0,3,Online,Online,20,20,20,4,,,,none - Field  Practicum ; none - Online  Lecture,Amy Howell (primary),,https://reg-prod.cocc.edu/StudentRegistrationSsb/ssb/searchResults/searchResults?txt_term=202640&startDatepicker=&endDatepicker=&uniqueSessionId=dgd811bb7abd56&pageOffset=0&pageMaxSize=500&sortColumn=subjectDescription&sortDirection=asc,2026-09-12T16:01:31.3138800+00:00,2026-09-12T17:34:16.6099470+00:00
cocc,202640,Fall 2026,ED,265,40330,01,Children at Risk,3.0,3.0,3.0,3,Hybrid,Bend Campus,24,13,24,0,,,,W 1000-1150 Modoc Hall 0220 Lecture ; none - Online  Lecture,Rebecca Walker-Sands ; Amy Howell (primary) ; Roxie Supplee,,https://reg-prod.cocc.edu/StudentRegistrationSsb/ssb/searchResults/searchResults?txt_term=202640&startDatepicker=&endDatepicker=&uniqueSessionId=dgd811bb7abd56&pageOffset=0&pageMaxSize=500&sortColumn=subjectDescription&sortDirection=asc,2026-09-12T16:01:31.3138800+00:00,2026-09-12T17:34:16.6099470+00:00
cocc,202640,Fall 2026,FIRE,103,40577,02,Public Safety & College Succes,2.0,2.0,2.0,2,In-Person,Bend Campus,25,25,25,9,,,,T 0800-0950 Ponderosa Hall 0101 Lecture,Paula Simone (primary),,https://reg-prod.cocc.edu/StudentRegistrationSsb/ssb/searchResults/searchResults?txt_term=202640&startDatepicker=&endDatepicker=&uniqueSessionId=dgd811bb7abd56&pageOffset=0&pageMaxSize=500&sortColumn=subjectDescription&sortDirection=asc,2026-09-12T16:01:31.3138800+00:00,2026-09-12T17:34:16.6099470+00:00
cocc,202640,Fall 2026,FN,225,40246,02,Human Nutrition,4.0,4.0,4.0,4,Online,Online,30,30,30,6,,,,none - Online  Lecture,Marilyn Waller-Niewold (primary),,https://reg-prod.cocc.edu/StudentRegistrationSsb/ssb/searchResults/searchResults?txt_term=202640&startDatepicker=&endDatepicker=&uniqueSessionId=dgd811bb7abd56&pageOffset=0&pageMaxSize=500&sortColumn=subjectDescription&sortDirection=asc,2026-09-12T16:01:31.3138800+00:00,2026-09-12T17:34:16.6099470+00:00
cocc,202640,Fall 2026,FOR,111,40850,01,Forestry Perspectives,4.0,4.0,4.0,4,In-Person,Bend Campus,20,4,20,0,,,,MW 0800-0920 Cascades Hall 0248 Lecture ; M 1300-1550 Cascades Hall 0202 Lab,,,https://reg-prod.cocc.edu/StudentRegistrationSsb/ssb/searchResults/searchResults?txt_term=202640&startDatepicker=&endDatepicker=&uniqueSessionId=dgd811bb7abd56&pageOffset=0&pageMaxSize=500&sortColumn=subjectDescription&sortDirection=asc,2026-09-12T16:01:31.3138800+00:00,2026-09-12T17:34:16.6099470+00:00
cocc,202640,Fall 2026,G,162CV,40356,01,Cascade Volcanoes,4.0,4.0,4.0,4,In-Person,Bend Campus,24,24,24,0,,,,F 0900-1050 Middleton Science Center 0250 Lecture ; F 1100-1720 Middleton Science Center 0250 Lab,Elizabeth Rhodes (primary),,https://reg-prod.cocc.edu/StudentRegistrationSsb/ssb/searchResults/searchResults?txt_term=202640&startDatepicker=&endDatepicker=&uniqueSessionId=dgd811bb7abd56&pageOffset=0&pageMaxSize=500&sortColumn=subjectDescription&sortDirection=asc,2026-09-12T16:01:31.3138800+00:00,2026-09-12T17:34:16.6099470+00:00
cocc,202640,Fall 2026,G,162CV,40373,02,Cascade Volcanoes,4.0,4.0,4.0,4,Hybrid,Remote Delivery,24,8,24,0,,,,W 1800-1950 Meetings scheduled remotely  Lecture ; none - Online  Lab,Hal DeShow (primary),,https://reg-prod.cocc.edu/StudentRegistrationSsb/ssb/searchResults/searchResults?txt_term=202640&startDatepicker=&endDatepicker=&uniqueSessionId=dgd811bb7abd56&pageOffset=0&pageMaxSize=500&sortColumn=subjectDescription&sortDirection=asc,2026-09-12T16:01:31.3138800+00:00,2026-09-12T17:34:16.6099470+00:00
cocc,202640,Fall 2026,G,168,40357,01,Field Geo: Research,1.0,1.0,1.0,1,In-Person,Bend Campus,10,2,10,0,,,,none - Field  Lab,Hal DeShow (primary),,https://reg-prod.cocc.edu/StudentRegistrationSsb/ssb/searchResults/searchResults?txt_term=202640&startDatepicker=&endDatepicker=&uniqueSessionId=dgd811bb7abd56&pageOffset=0&pageMaxSize=500&sortColumn=subjectDescription&sortDirection=asc,2026-09-12T16:01:31.3138800+00:00,2026-09-12T17:34:16.6099470+00:00
cocc,202640,Fall 2026,HHP,295,40664,02,Health and Fitness,3.0,3.0,3.0,3,Online,Online,24,24,24,3,,,,none - Online  Lecture,Ryan Ballinger (primary),,https://reg-prod.cocc.edu/StudentRegistrationSsb/ssb/searchResults/searchResults?txt_term=202640&startDatepicker=&endDatepicker=&uniqueSessionId=dgd811bb7abd56&pageOffset=0&pageMaxSize=500&sortColumn=subjectDescription&sortDirection=asc,2026-09-12T16:01:31.3138800+00:00,2026-09-12T17:34:16.6099470+00:00
cocc,202640,Fall 2026,HHPA,199,40653,01,Pickleball IV,,1.0,4.0,1 TO 4,In-Person,Bend Campus,10,4,10,0,,,,TR 1500-1620 Mazama CTS Activity,Graham Ketner (primary),,https://reg-prod.cocc.edu/StudentRegistrationSsb/ssb/searchResults/searchResults?txt_term=202640&startDatepicker=&endDatepicker=&uniqueSessionId=dgd811bb7abd56&pageOffset=0&pageMaxSize=500&sortColumn=subjectDescription&sortDirection=asc,2026-09-12T16:01:31.3138800+00:00,2026-09-12T17:34:16.6099470+00:00
cocc,202640,Fall 2026,HIM,200,40381,01,Intro to Health Info Mgmt,4.0,4.0,4.0,4,Online,Online,20,15,20,0,,,,none - Online  Lecture/Lab,Christi Lemire (primary),,https://reg-prod.cocc.edu/StudentRegistrationSsb/ssb/searchResults/searchResults?txt_term=202640&startDatepicker=&endDatepicker=&uniqueSessionId=dgd811bb7abd56&pageOffset=0&pageMaxSize=500&sortColumn=subjectDescription&sortDirection=asc,2026-09-12T16:01:31.3138800+00:00,2026-09-12T17:34:16.6099470+00:00
cocc,202640,Fall 2026,HST,206,40517,01,War & Society 1914-1945,4.0,4.0,4.0,4,In-Person,Bend Campus,30,17,30,0,,,,TR 0800-0950 Modoc Hall 0102 Lecture,Murray Godfrey (primary),,https://reg-prod.cocc.edu/StudentRegistrationSsb/ssb/searchResults/searchResults?txt_term=202640&startDatepicker=&endDatepicker=&uniqueSessionId=dgd811bb7abd56&pageOffset=0&pageMaxSize=500&sortColumn=subjectDescription&sortDirection=asc,2026-09-12T16:01:31.3138800+00:00,2026-09-12T17:34:16.6099470+00:00
cocc,202640,Fall 2026,MA,110,40465,01,Intro to Clinical Med Assist,8.0,8.0,8.0,8,Hybrid,Bend Campus,5,10,5,1,,,,M 0800-0950 Health Careers Center 0290 Lab ; T 0800-1150 Health Careers Center 0290 Lab ; T 1300-1550 Health Careers Center 0260 Lecture ; none - Online  Lecture,Shannon Waller (primary) ; Marilyn Waller-Niewold ; Bonita Criswell,,https://reg-prod.cocc.edu/StudentRegistrationSsb/ssb/searchResults/searchResults?txt_term=202640&startDatepicker=&endDatepicker=&uniqueSessionId=dgd811bb7abd56&pageOffset=500&pageMaxSize=500&sortColumn=subjectDescription&sortDirection=asc,2026-09-12T16:01:32.9039700+00:00,2026-09-12T17:34:16.6099470+00:00
cocc,202640,Fall 2026,MFG,105,40778,01,Intro to GMAW/FCAW,4.0,4.0,4.0,4,In-Person,Redmond Campus,13,12,13,0,,,,MW 1600-1650 Redmond Building 3 305 Lecture ; MW 1700-1950 Redmond Building 3 322 Lab,Joseph Leonard ; Rosie Day (primary),,https://reg-prod.cocc.edu/StudentRegistrationSsb/ssb/searchResults/searchResults?txt_term=202640&startDatepicker=&endDatepicker=&uniqueSessionId=dgd811bb7abd56&pageOffset=0&pageMaxSize=500&sortColumn=subjectDescription&sortDirection=asc,2026-09-12T16:01:31.3138800+00:00,2026-09-12T17:34:16.6099470+00:00
cocc,202640,Fall 2026,MFG,119,40794,01,MFG Design/Drafting Techniques,4.0,4.0,4.0,4,Hybrid,Redmond Campus,18,12,18,0,,,,MW 1200-1450 Redmond Technology Ed Center 218 Lab ; none - Online  Lecture,Thomas Johnson (primary),,https://reg-prod.cocc.edu/StudentRegistrationSsb/ssb/searchResults/searchResults?txt_term=202640&startDatepicker=&endDatepicker=&uniqueSessionId=dgd811bb7abd56&pageOffset=0&pageMaxSize=500&sortColumn=subjectDescription&sortDirection=asc,2026-09-12T16:01:31.3138800+00:00,2026-09-12T17:34:16.6099470+00:00
cocc,202640,Fall 2026,MFG,257,40784,01,CNC Mill I,4.0,4.0,4.0,4,In-Person,Redmond Campus,6,6,6,0,,,,MW 0800-0850 Redmond Building 3 323 Lecture ; MW 0900-1150 Redmond Building 3 323 Lab,Gabriel Franco (primary),,https://reg-prod.cocc.edu/StudentRegistrationSsb/ssb/searchResults/searchResults?txt_term=202640&startDatepicker=&endDatepicker=&uniqueSessionId=dgd811bb7abd56&pageOffset=0&pageMaxSize=500&sortColumn=subjectDescription&sortDirection=asc,2026-09-12T16:01:31.3138800+00:00,2026-09-12T17:34:16.6099470+00:00
cocc,202640,Fall 2026,MFG,272,40791,01,GMAW,4.0,4.0,4.0,4,In-Person,Redmond Campus,10,10,10,1,,,,TR 1200-1250 Redmond Building 3 312 Lecture ; TR 1300-1550 Redmond Building 3 322 Lab,Boone Tompkins (primary),,https://reg-prod.cocc.edu/StudentRegistrationSsb/ssb/searchResults/searchResults?txt_term=202640&startDatepicker=&endDatepicker=&uniqueSessionId=dgd811bb7abd56&pageOffset=0&pageMaxSize=500&sortColumn=subjectDescription&sortDirection=asc,2026-09-12T16:01:31.3138800+00:00,2026-09-12T17:34:16.6099470+00:00
cocc,202640,Fall 2026,MTH,098,40014,01,Math Literacy,4.0,4.0,4.0,4,In-Person,Redmond Campus,25,25,25,0,,,,MW 1500-1650 Redmond Technology Ed Center 127 Lecture,Jenna Arlie (primary),,https://reg-prod.cocc.edu/StudentRegistrationSsb/ssb/searchResults/searchResults?txt_term=202640&startDatepicker=&endDatepicker=&uniqueSessionId=dgd811bb7abd56&pageOffset=500&pageMaxSize=500&sortColumn=subjectDescription&sortDirection=asc,2026-09-12T16:01:32.9039700+00:00,2026-09-12T17:34:16.6099470+00:00
cocc,202640,Fall 2026,MTH,102,40018,02,Applied Technical Mathematics,4.0,4.0,4.0,4,In-Person,Bend Campus,25,20,25,0,,,,MW 0800-0950 Grandview Hall 0107 Lecture,Kristy Gilmore (primary),,https://reg-prod.cocc.edu/StudentRegistrationSsb/ssb/searchResults/searchResults?txt_term=202640&startDatepicker=&endDatepicker=&uniqueSessionId=dgd811bb7abd56&pageOffset=500&pageMaxSize=500&sortColumn=subjectDescription&sortDirection=asc,2026-09-12T16:01:32.9039700+00:00,2026-09-12T17:34:16.6099470+00:00
cocc,202640,Fall 2026,MTH,111Z,40048,09,Precalculus I: Functions,4.0,4.0,4.0,4,Online,Online,28,28,28,1,,,,none - Online  Lecture,Joe Diorio (primary),,https://reg-prod.cocc.edu/StudentRegistrationSsb/ssb/searchResults/searchResults?txt_term=202640&startDatepicker=&endDatepicker=&uniqueSessionId=dgd811bb7abd56&pageOffset=500&pageMaxSize=500&sortColumn=subjectDescription&sortDirection=asc,2026-09-12T16:01:32.9039700+00:00,2026-09-12T17:34:16.6099470+00:00
cocc,202640,Fall 2026,MUS,197,40743,01,Cascade Chorale,1.0,1.0,1.0,1,In-Person,Bend Campus,60,0,60,0,,,,T 1800-2050 Pence Hall 0228 Major Ensemble Music,James Knox (primary),,https://reg-prod.cocc.edu/StudentRegistrationSsb/ssb/searchResults/searchResults?txt_term=202640&startDatepicker=&endDatepicker=&uniqueSessionId=dgd811bb7abd56&pageOffset=500&pageMaxSize=500&sortColumn=subjectDescription&sortDirection=asc,2026-09-12T16:01:32.9039700+00:00,2026-09-12T17:34:16.6099470+00:00
cocc,202640,Fall 2026,OL,255,40592,01,Outdoor Living Skills,5.0,5.0,5.0,5,In-Person,Bend Campus,14,8,14,0,,,,T 0800-1150 Mazama 0120 Combination Lecture/Lab,Lara D'Orvilliers (primary),,https://reg-prod.cocc.edu/StudentRegistrationSsb/ssb/searchResults/searchResults?txt_term=202640&startDatepicker=&endDatepicker=&uniqueSessionId=dgd811bb7abd56&pageOffset=500&pageMaxSize=500&sortColumn=subjectDescription&sortDirection=asc,2026-09-12T16:01:32.9039700+00:00,2026-09-12T17:34:16.6099470+00:00
cocc,202640,Fall 2026,PSY,213,40502,01,Intro to Physio Psychology,4.0,4.0,4.0,4,Hybrid,Bend Campus,24,24,24,1,,,,W 1300-1550 Modoc Hall 0104 Lab ; none - Online  Lecture,Rebecca Walker-Sands (primary),,https://reg-prod.cocc.edu/StudentRegistrationSsb/ssb/searchResults/searchResults?txt_term=202640&startDatepicker=&endDatepicker=&uniqueSessionId=dgd811bb7abd56&pageOffset=500&pageMaxSize=500&sortColumn=subjectDescription&sortDirection=asc,2026-09-12T16:01:32.9039700+00:00,2026-09-12T17:34:16.6099470+00:00
cocc,202640,Fall 2026,SPAN,101Z,40544,03,First-year Spanish I,4.0,4.0,4.0,4,Hybrid,Bend Campus,20,20,20,3,,,,TR 1300-1420 Deschutes Hall 0007 Lecture ; none - Online  Lecture,Jessica Bollinger (primary),,https://reg-prod.cocc.edu/StudentRegistrationSsb/ssb/searchResults/searchResults?txt_term=202640&startDatepicker=&endDatepicker=&uniqueSessionId=dgd811bb7abd56&pageOffset=500&pageMaxSize=500&sortColumn=subjectDescription&sortDirection=asc,2026-09-12T16:01:32.9039700+00:00,2026-09-12T17:34:16.6099470+00:00
cocc,202640,Fall 2026,STAT,243Z,40045,02,Elementary Statistics I,4.0,4.0,4.0,4,In-Person,Bend Campus,28,23,28,0,,,,TR 1500-1650 Grandview Hall 0235 Lecture,Maud Comboul (primary),,https://reg-prod.cocc.edu/StudentRegistrationSsb/ssb/searchResults/searchResults?txt_term=202640&startDatepicker=&endDatepicker=&uniqueSessionId=dgd811bb7abd56&pageOffset=500&pageMaxSize=500&sortColumn=subjectDescription&sortDirection=asc,2026-09-12T16:01:32.9039700+00:00,2026-09-12T17:34:16.6099470+00:00
cocc,202640,Fall 2026,TA,141,40831,01,Acting I,3.0,3.0,3.0,3,In-Person,Bend Campus,20,17,20,0,,,,TR 1500-1620 Pioneer Hall 0201 Lecture,Tyler Keyes (primary),,https://reg-prod.cocc.edu/StudentRegistrationSsb/ssb/searchResults/searchResults?txt_term=202640&startDatepicker=&endDatepicker=&uniqueSessionId=dgd811bb7abd56&pageOffset=500&pageMaxSize=500&sortColumn=subjectDescription&sortDirection=asc,2026-09-12T16:01:32.9039700+00:00,2026-09-12T17:34:16.6099470+00:00
cocc,202640,Fall 2026,WR,098,40405,08,Writing Seminar,2.0,2.0,2.0,2,In-Person,Redmond Campus,10,10,10,2,,,,MW 1200-1250 Redmond Technology Ed Center 136 Lecture,Christopher Hazlett (primary),,https://reg-prod.cocc.edu/StudentRegistrationSsb/ssb/searchResults/searchResults?txt_term=202640&startDatepicker=&endDatepicker=&uniqueSessionId=dgd811bb7abd56&pageOffset=500&pageMaxSize=500&sortColumn=subjectDescription&sortDirection=asc,2026-09-12T16:01:32.9039700+00:00,2026-09-12T17:34:16.6099470+00:00
cocc,202640,Fall 2026,WR,121Z,40426,28,Composition I,4.0,4.0,4.0,4,In-Person,Bend Campus,10,10,10,2,,,,TR 1500-1650 Ochoco Hall 0142 Lecture,Stephanie Andre (primary),,https://reg-prod.cocc.edu/StudentRegistrationSsb/ssb/searchResults/searchResults?txt_term=202640&startDatepicker=&endDatepicker=&uniqueSessionId=dgd811bb7abd56&pageOffset=500&pageMaxSize=500&sortColumn=subjectDescription&sortDirection=asc,2026-09-12T16:01:32.9039700+00:00,2026-09-12T17:34:16.6099470+00:00
cocc,202640,Fall 2026,WR,121Z,40440,11,Composition I,4.0,4.0,4.0,4,Online,Online,26,26,26,3,,,,none - Online  Lecture,Eileen Sather (primary),,https://reg-prod.cocc.edu/StudentRegistrationSsb/ssb/searchResults/searchResults?txt_term=202640&startDatepicker=&endDatepicker=&uniqueSessionId=dgd811bb7abd56&pageOffset=500&pageMaxSize=500&sortColumn=subjectDescription&sortDirection=asc,2026-09-12T16:01:32.9039700+00:00,2026-09-12T17:34:16.6099470+00:00
cocc,202640,Fall 2026,WR,122Z,40445,04,Composition II,4.0,4.0,4.0,4,Online,Online,26,26,26,2,,,,none - Online  Lecture,Jacob Agatucci (primary),,https://reg-prod.cocc.edu/StudentRegistrationSsb/ssb/searchResults/searchResults?txt_term=202640&startDatepicker=&endDatepicker=&uniqueSessionId=dgd811bb7abd56&pageOffset=500&pageMaxSize=500&sortColumn=subjectDescription&sortDirection=asc,2026-09-12T16:01:32.9039700+00:00,2026-09-12T17:34:16.6099470+00:00
cocc,202640,Fall 2026,WR,227Z,40451,05,Technical Writing,4.0,4.0,4.0,4,Online,Online,26,26,26,1,,,,none - Online  Lecture,Kelly Jaquiss-Pofahl (primary),,https://reg-prod.cocc.edu/StudentRegistrationSsb/ssb/searchResults/searchResults?txt_term=202640&startDatepicker=&endDatepicker=&uniqueSessionId=dgd811bb7abd56&pageOffset=500&pageMaxSize=500&sortColumn=subjectDescription&sortDirection=asc,2026-09-12T16:01:32.9039700+00:00,2026-09-12T17:34:16.6099470+00:00
cocc,202710,Winter 2027 (View Only),ART,281,10803,02,Intermediate Painting,4.0,4.0,4.0,4,In-Person,Bend Campus,15,0,15,0,,,,TR 1200-1420 Ochoco Hall 0208 Combination Lecture/Lab,Stephen Teater (primary),,https://reg-prod.cocc.edu/StudentRegistrationSsb/ssb/searchResults/searchResults?txt_term=202710&startDatepicker=&endDatepicker=&uniqueSessionId=dg25a02bd732dc&pageOffset=0&pageMaxSize=500&sortColumn=subjectDescription&sortDirection=asc,2026-09-12T16:01:21.2706820+00:00,2026-09-12T17:34:06.5667770+00:00
cocc,202710,Winter 2027 (View Only),AUT,251,10697,01,Auto Transmissions Rebuild,3.0,3.0,3.0,3,In-Person,Bend Campus,20,0,20,0,,,,MTWR 0745-1220 Ponderosa Hall 0106 Combination Lecture/Lab,Stephen Shelton (primary) ; James Veverka,,https://reg-prod.cocc.edu/StudentRegistrationSsb/ssb/searchResults/searchResults?txt_term=202710&startDatepicker=&endDatepicker=&uniqueSessionId=dg25a02bd732dc&pageOffset=0&pageMaxSize=500&sortColumn=subjectDescription&sortDirection=asc,2026-09-12T16:01:21.2706820+00:00,2026-09-12T17:34:06.5667770+00:00
cocc,202710,Winter 2027 (View Only),AV,115,10049,01,Private Pilot-Helicopter,5.0,5.0,5.0,5,In-Person,Bend Campus,32,0,32,0,,,,none - No Room Needed ROOM Lecture,,,https://reg-prod.cocc.edu/StudentRegistrationSsb/ssb/searchResults/searchResults?txt_term=202710&startDatepicker=&endDatepicker=&uniqueSessionId=dg25a02bd732dc&pageOffset=0&pageMaxSize=500&sortColumn=subjectDescription&sortDirection=asc,2026-09-12T16:01:21.2706820+00:00,2026-09-12T17:34:06.5667770+00:00
cocc,202710,Winter 2027 (View Only),AV,220,10056,01,Commercial Pilot-Airplane,4.0,4.0,4.0,4,In-Person,Bend Campus,32,0,32,0,,,,none - No Room Needed ROOM Lecture,,,https://reg-prod.cocc.edu/StudentRegistrationSsb/ssb/searchResults/searchResults?txt_term=202710&startDatepicker=&endDatepicker=&uniqueSessionId=dg25a02bd732dc&pageOffset=0&pageMaxSize=500&sortColumn=subjectDescription&sortDirection=asc,2026-09-12T16:01:21.2706820+00:00,2026-09-12T17:34:06.5667770+00:00
cocc,202710,Winter 2027 (View Only),AV,222E,10069,01,Inst Pilot II Airplane Flt Lab,1.0,1.0,1.0,1,In-Person,Bend Campus,30,0,30,0,,,,none - Bend Airport  Lab,,,https://reg-prod.cocc.edu/StudentRegistrationSsb/ssb/searchResults/searchResults?txt_term=202710&startDatepicker=&endDatepicker=&uniqueSessionId=dg25a02bd732dc&pageOffset=0&pageMaxSize=500&sortColumn=subjectDescription&sortDirection=asc,2026-09-12T16:01:21.2706820+00:00,2026-09-12T17:34:06.5667770+00:00
cocc,202710,Winter 2027 (View Only),AV,225,10057,01,Commercial Pilot-Helicopter,4.0,4.0,4.0,4,In-Person,Bend Campus,32,0,32,0,,,,none - No Room Needed ROOM Lecture,,,https://reg-prod.cocc.edu/StudentRegistrationSsb/ssb/searchResults/searchResults?txt_term=202710&startDatepicker=&endDatepicker=&uniqueSessionId=dg25a02bd732dc&pageOffset=0&pageMaxSize=500&sortColumn=subjectDescription&sortDirection=asc,2026-09-12T16:01:21.2706820+00:00,2026-09-12T17:34:06.5667770+00:00
cocc,202710,Winter 2027 (View Only),AV,227F,10081,01,Comm Pilot I Heli Flt Lab,1.0,1.0,1.0,1,In-Person,Bend Campus,30,0,30,0,,,,none - Bend Airport  Lab,,,https://reg-prod.cocc.edu/StudentRegistrationSsb/ssb/searchResults/searchResults?txt_term=202710&startDatepicker=&endDatepicker=&uniqueSessionId=dg25a02bd732dc&pageOffset=0&pageMaxSize=500&sortColumn=subjectDescription&sortDirection=asc,2026-09-12T16:01:21.2706820+00:00,2026-09-12T17:34:06.5667770+00:00
cocc,202710,Winter 2027 (View Only),BA,104,10093,01,Business Math,4.0,4.0,4.0,4,Online,Online,28,0,28,0,,,,none - Online  Lecture,Ellie Eliopulos (primary),,https://reg-prod.cocc.edu/StudentRegistrationSsb/ssb/searchResults/searchResults?txt_term=202710&startDatepicker=&endDatepicker=&uniqueSessionId=dg25a02bd732dc&pageOffset=0&pageMaxSize=500&sortColumn=subjectDescription&sortDirection=asc,2026-09-12T16:01:21.2706820+00:00,2026-09-12T17:34:06.5667770+00:00
cocc,202710,Winter 2027 (View Only),BA,214,10104,03,Business Communications,4.0,4.0,4.0,4,Online,Online,28,0,28,0,,,,none - Online  Lecture,Wayne Yeatman (primary),,https://reg-prod.cocc.edu/StudentRegistrationSsb/ssb/searchResults/searchResults?txt_term=202710&startDatepicker=&endDatepicker=&uniqueSessionId=dg25a02bd732dc&pageOffset=0&pageMaxSize=500&sortColumn=subjectDescription&sortDirection=asc,2026-09-12T16:01:21.2706820+00:00,2026-09-12T17:34:06.5667770+00:00
cocc,202710,Winter 2027 (View Only),BAK,220,10272,01,Wedding Celebration Cakes,4.0,4.0,4.0,4,Hybrid,Bend Campus,16,0,16,0,,,,W 1200-1750 Jungers Culinary Center 116 Lecture/Lab ; none - Online  Lecture/Lab,Penny Fraker (primary),,https://reg-prod.cocc.edu/StudentRegistrationSsb/ssb/searchResults/searchResults?txt_term=202710&startDatepicker=&endDatepicker=&uniqueSessionId=dg25a02bd732dc&pageOffset=0&pageMaxSize=500&sortColumn=subjectDescription&sortDirection=asc,2026-09-12T16:01:21.2706820+00:00,2026-09-12T17:34:06.5667770+00:00
cocc,202710,Winter 2027 (View Only),BAK,225,10260,01,Entremets,4.0,4.0,4.0,4,In-Person,Bend Campus,16,0,16,0,,,,MT 1600-1950 Jungers Culinary Center 116 Lecture/Lab,Brooke Harris (primary),,https://reg-prod.cocc.edu/StudentRegistrationSsb/ssb/searchResults/searchResults?txt_term=202710&startDatepicker=&endDatepicker=&uniqueSessionId=dg25a02bd732dc&pageOffset=0&pageMaxSize=500&sortColumn=subjectDescription&sortDirection=asc,2026-09-12T16:01:21.2706820+00:00,2026-09-12T17:34:06.5667770+00:00
cocc,202710,Winter 2027 (View Only),BH,206,10123,01,Group Counseling Skills,4.0,4.0,4.0,4,In-Person,Bend Campus,24,0,24,0,,,,TR 0800-0950 Modoc Hall 0101 Lecture,Michael Coe (primary),,https://reg-prod.cocc.edu/StudentRegistrationSsb/ssb/searchResults/searchResults?txt_term=202710&startDatepicker=&endDatepicker=&uniqueSessionId=dg25a02bd732dc&pageOffset=0&pageMaxSize=500&sortColumn=subjectDescription&sortDirection=asc,2026-09-12T16:01:21.2706820+00:00,2026-09-12T17:34:06.5667770+00:00
cocc,202710,Winter 2027 (View Only),BI,231Z,10651,05,Human Anatomy and Physiology I,4.0,4.0,4.0,4,In-Person,Bend Campus,24,0,24,0,,,,MW 1000-1120 Middleton Science Center 0220 Lecture ; M 1130-1420 Middleton Science Center 0150 Lab,Caitlin Kiley (primary),,https://reg-prod.cocc.edu/StudentRegistrationSsb/ssb/searchResults/searchResults?txt_term=202710&startDatepicker=&endDatepicker=&uniqueSessionId=dg25a02bd732dc&pageOffset=0&pageMaxSize=500&sortColumn=subjectDescription&sortDirection=asc,2026-09-12T16:01:21.2706820+00:00,2026-09-12T17:34:06.5667770+00:00
cocc,202710,Winter 2027 (View Only),BI,232Z,10683,02,Human Anatomy & Physiology II,4.0,4.0,4.0,4,Online,Online,24,0,24,0,,,,none - Online  Lab ; none - Online  Lecture,Alicia Steinhardt (primary),,https://reg-prod.cocc.edu/StudentRegistrationSsb/ssb/searchResults/searchResults?txt_term=202710&startDatepicker=&endDatepicker=&uniqueSessionId=dg25a02bd732dc&pageOffset=0&pageMaxSize=500&sortColumn=subjectDescription&sortDirection=asc,2026-09-12T16:01:21.2706820+00:00,2026-09-12T17:34:06.5667770+00:00
cocc,202710,Winter 2027 (View Only),CH,104Z,10245,02,Introduction to Chemistry,4.0,4.0,4.0,4,Online,Online,24,0,24,0,,,,none - Online  Lecture,Carol Higginbotham (primary),,https://reg-prod.cocc.edu/StudentRegistrationSsb/ssb/searchResults/searchResults?txt_term=202710&startDatepicker=&endDatepicker=&uniqueSessionId=dg25a02bd732dc&pageOffset=0&pageMaxSize=500&sortColumn=subjectDescription&sortDirection=asc,2026-09-12T16:01:21.2706820+00:00,2026-09-12T17:34:06.5667770+00:00
cocc,202710,Winter 2027 (View Only),CJ,253,10777,01,Corrections,4.0,4.0,4.0,4,Online,Online,25,0,25,0,,,,none - Online  Lecture,Roxie Supplee (primary),,https://reg-prod.cocc.edu/StudentRegistrationSsb/ssb/searchResults/searchResults?txt_term=202710&startDatepicker=&endDatepicker=&uniqueSessionId=dg25a02bd732dc&pageOffset=0&pageMaxSize=500&sortColumn=subjectDescription&sortDirection=asc,2026-09-12T16:01:21.2706820+00:00,2026-09-12T17:34:06.5667770+00:00
cocc,202710,Winter 2027 (View Only),COMM,218Z,10173,03,Interpersonal Communication,4.0,4.0,4.0,4,Online,Online,20,0,20,0,,,,none - Online  Lecture,Anne Zmyslinski-Seelig (primary),,https://reg-prod.cocc.edu/StudentRegistrationSsb/ssb/searchResults/searchResults?txt_term=202710&startDatepicker=&endDatepicker=&uniqueSessionId=dg25a02bd732dc&pageOffset=0&pageMaxSize=500&sortColumn=subjectDescription&sortDirection=asc,2026-09-12T16:01:21.2706820+00:00,2026-09-12T17:34:06.5667770+00:00
cocc,202710,Winter 2027 (View Only),COMM,218Z,10176,06,Interpersonal Communication,4.0,4.0,4.0,4,Online,Online,20,0,20,0,,,,none - Online  Lecture,Justin Borowsky (primary),,https://reg-prod.cocc.edu/StudentRegistrationSsb/ssb/searchResults/searchResults?txt_term=202710&startDatepicker=&endDatepicker=&uniqueSessionId=dg25a02bd732dc&pageOffset=0&pageMaxSize=500&sortColumn=subjectDescription&sortDirection=asc,2026-09-12T16:01:21.2706820+00:00,2026-09-12T17:34:06.5667770+00:00
cocc,202710,Winter 2027 (View Only),CUL,140,10265,01,Culinary Foundations II,4.0,4.0,4.0,4,In-Person,Bend Campus,16,0,16,0,,,,MT 0800-1150 Jungers Culinary Center 119 Lecture/Lab,Molly Markland (primary),,https://reg-prod.cocc.edu/StudentRegistrationSsb/ssb/searchResults/searchResults?txt_term=202710&startDatepicker=&endDatepicker=&uniqueSessionId=dg25a02bd732dc&pageOffset=0&pageMaxSize=500&sortColumn=subjectDescription&sortDirection=asc,2026-09-12T16:01:21.2706820+00:00,2026-09-12T17:34:06.5667770+00:00
cocc,202710,Winter 2027 (View Only),DA,190,10186,01,Dental Assisting Practicum I,,1.0,5.0,1 TO 5,Online,Online,24,0,0,0,,,,none - Online  Allied Health Practicum,Leslie Houston (primary),,https://reg-prod.cocc.edu/StudentRegistrationSsb/ssb/searchResults/searchResults?txt_term=202710&startDatepicker=&endDatepicker=&uniqueSessionId=dg25a02bd732dc&pageOffset=0&pageMaxSize=500&sortColumn=subjectDescription&sortDirection=asc,2026-09-12T16:01:21.2706820+00:00,2026-09-12T17:34:06.5667770+00:00
cocc,202710,Winter 2027 (View Only),EC,202Z,10534,01,Principles of Macroeconomics,4.0,4.0,4.0,4,Online,Online,25,0,25,0,,,,none - Online  Lecture,Abhay Ghiara (primary),,https://reg-prod.cocc.edu/StudentRegistrationSsb/ssb/searchResults/searchResults?txt_term=202710&startDatepicker=&endDatepicker=&uniqueSessionId=dg25a02bd732dc&pageOffset=0&pageMaxSize=500&sortColumn=subjectDescription&sortDirection=asc,2026-09-12T16:01:21.2706820+00:00,2026-09-12T17:34:06.5667770+00:00
cocc,202710,Winter 2027 (View Only),FN,225,10669,04,Human Nutrition,4.0,4.0,4.0,4,Online,Online,30,0,30,0,,,,none - Online  Lecture,Rachel Shedden (primary),,https://reg-prod.cocc.edu/StudentRegistrationSsb/ssb/searchResults/searchResults?txt_term=202710&startDatepicker=&endDatepicker=&uniqueSessionId=dg25a02bd732dc&pageOffset=0&pageMaxSize=500&sortColumn=subjectDescription&sortDirection=asc,2026-09-12T16:01:21.2706820+00:00,2026-09-12T17:34:06.5667770+00:00
cocc,202710,Winter 2027 (View Only),GEOG,211,10332,01,Cartography,4.0,4.0,4.0,4,Hybrid,Remote Delivery,25,0,25,0,,,,W 1600-1750 Meetings scheduled remotely  Combination Lecture/Lab ; none - Online  Combination Lecture/Lab,Patrick Kennelly (primary),,https://reg-prod.cocc.edu/StudentRegistrationSsb/ssb/searchResults/searchResults?txt_term=202710&startDatepicker=&endDatepicker=&uniqueSessionId=dg25a02bd732dc&pageOffset=0&pageMaxSize=500&sortColumn=subjectDescription&sortDirection=asc,2026-09-12T16:01:21.2706820+00:00,2026-09-12T17:34:06.5667770+00:00
cocc,202710,Winter 2027 (View Only),HHPA,159,10356,01,Barre Body,1.0,1.0,1.0,1,In-Person,Bend Campus,20,0,20,0,,,,TR 1000-1120 Mazama STDO Activity,Emma Thompson (primary),,https://reg-prod.cocc.edu/StudentRegistrationSsb/ssb/searchResults/searchResults?txt_term=202710&startDatepicker=&endDatepicker=&uniqueSessionId=dg25a02bd732dc&pageOffset=0&pageMaxSize=500&sortColumn=subjectDescription&sortDirection=asc,2026-09-12T16:01:21.2706820+00:00,2026-09-12T17:34:06.5667770+00:00
cocc,202710,Winter 2027 (View Only),HIM,260,10388,01,Management & Leadership in HIM,4.0,4.0,4.0,4,Online,Online,20,0,20,0,,,,none - Online  Lecture ; none - Online  Lecture/Lab,Mandalynn Marcus (primary),,https://reg-prod.cocc.edu/StudentRegistrationSsb/ssb/searchResults/searchResults?txt_term=202710&startDatepicker=&endDatepicker=&uniqueSessionId=dg25a02bd732dc&pageOffset=0&pageMaxSize=500&sortColumn=subjectDescription&sortDirection=asc,2026-09-12T16:01:21.2706820+00:00,2026-09-12T17:34:06.5667770+00:00
cocc,202710,Winter 2027 (View Only),HST,105,10591,01,Expansion of World Religions,4.0,4.0,4.0,4,Online,Online,30,0,30,0,,,,none - Online  Lecture,Jessica Hammerman (primary),,https://reg-prod.cocc.edu/StudentRegistrationSsb/ssb/searchResults/searchResults?txt_term=202710&startDatepicker=&endDatepicker=&uniqueSessionId=dg25a02bd732dc&pageOffset=0&pageMaxSize=500&sortColumn=subjectDescription&sortDirection=asc,2026-09-12T16:01:21.2706820+00:00,2026-09-12T17:34:06.5667770+00:00
cocc,202710,Winter 2027 (View Only),J,215B,10394,01,Publications Lab II,1.0,1.0,1.0,1,In-Person,Bend Campus,15,0,15,0,,,,T 1500-1750 Coats Campus Center 102 Lab,Lily McCaulou (primary),,https://reg-prod.cocc.edu/StudentRegistrationSsb/ssb/searchResults/searchResults?txt_term=202710&startDatepicker=&endDatepicker=&uniqueSessionId=dg25a02bd732dc&pageOffset=0&pageMaxSize=500&sortColumn=subjectDescription&sortDirection=asc,2026-09-12T16:01:21.2706820+00:00,2026-09-12T17:34:06.5667770+00:00
cocc,202710,Winter 2027 (View Only),MFG,202,10633,01,Metals Preparation,2.0,2.0,2.0,2,In-Person,Redmond Campus,10,0,10,0,,,,R 1200-1250 Redmond Building 3 309 Lecture ; R 1300-1550 Redmond Building 3 321 Lab,Matthew Collier (primary),,https://reg-prod.cocc.edu/StudentRegistrationSsb/ssb/searchResults/searchResults?txt_term=202710&startDatepicker=&endDatepicker=&uniqueSessionId=dg25a02bd732dc&pageOffset=0&pageMaxSize=500&sortColumn=subjectDescription&sortDirection=asc,2026-09-12T16:01:21.2706820+00:00,2026-09-12T17:34:06.5667770+00:00
cocc,202710,Winter 2027 (View Only),MFG,264,10637,01,Automated Cutting,3.0,3.0,3.0,3,In-Person,Redmond Campus,10,0,10,0,,,,MW 1300-1620 Redmond Building 3 317 Combination Lecture/Lab,Nigel Allen (primary),,https://reg-prod.cocc.edu/StudentRegistrationSsb/ssb/searchResults/searchResults?txt_term=202710&startDatepicker=&endDatepicker=&uniqueSessionId=dg25a02bd732dc&pageOffset=500&pageMaxSize=500&sortColumn=subjectDescription&sortDirection=asc,2026-09-12T16:01:22.9828190+00:00,2026-09-12T17:34:06.5667770+00:00
cocc,202710,Winter 2027 (View Only),MFG,267,10638,01,Oxygen-Fuel and Arc Cutting,4.0,4.0,4.0,4,In-Person,Redmond Campus,8,0,8,0,,,,MW 0800-0850 Redmond Building 3 322 Lecture ; MW 0900-1150 Redmond Building 3 322 Lab,Joseph Leonard (primary),,https://reg-prod.cocc.edu/StudentRegistrationSsb/ssb/searchResults/searchResults?txt_term=202710&startDatepicker=&endDatepicker=&uniqueSessionId=dg25a02bd732dc&pageOffset=500&pageMaxSize=500&sortColumn=subjectDescription&sortDirection=asc,2026-09-12T16:01:22.9828190+00:00,2026-09-12T17:34:06.5667770+00:00
cocc,202710,Winter 2027 (View Only),MUS,101,10495,02,Music Fundamentals,3.0,3.0,3.0,3,Online,Online,30,0,30,0,,,,none - Online  Lecture,Travis Allen (primary),,https://reg-prod.cocc.edu/StudentRegistrationSsb/ssb/searchResults/searchResults?txt_term=202710&startDatepicker=&endDatepicker=&uniqueSessionId=dg25a02bd732dc&pageOffset=500&pageMaxSize=500&sortColumn=subjectDescription&sortDirection=asc,2026-09-12T16:01:22.9828190+00:00,2026-09-12T17:34:06.5667770+00:00
cocc,202710,Winter 2027 (View Only),MUS,212,10493,01,Music Theory IIB,3.0,3.0,3.0,3,In-Person,Bend Campus,10,0,10,0,,,,TR 1000-1120 Pence Hall 0115 Lecture,Travis Allen (primary),,https://reg-prod.cocc.edu/StudentRegistrationSsb/ssb/searchResults/searchResults?txt_term=202710&startDatepicker=&endDatepicker=&uniqueSessionId=dg25a02bd732dc&pageOffset=500&pageMaxSize=500&sortColumn=subjectDescription&sortDirection=asc,2026-09-12T16:01:22.9828190+00:00,2026-09-12T17:34:06.5667770+00:00
cocc,202710,Winter 2027 (View Only),NUR,207,10623,01,Nursing V,10.0,10.0,10.0,10,In-Person,Bend Campus,48,0,0,0,,,,MT 0700-1500 No Room Needed ROOM Clinical ; MT 0700-1500 No Room Needed ROOM Clinical ; R 1000-1250 Health Careers Center 0330 Lecture ; F 1000-1150 Health Careers Center 0330 Lecture ; WR 1300-1600 No Room Needed ROOM Clinical ; WR 1300-1500 No Room Needed ROOM Clinical ; R 1300-1700 No Room Needed ROOM Clinical,Jeremy Gentica (primary),,https://reg-prod.cocc.edu/StudentRegistrationSsb/ssb/searchResults/searchResults?txt_term=202710&startDatepicker=&endDatepicker=&uniqueSessionId=dg25a02bd732dc&pageOffset=500&pageMaxSize=500&sortColumn=subjectDescription&sortDirection=asc,2026-09-12T16:01:22.9828190+00:00,2026-09-12T17:34:06.5667770+00:00
cocc,202710,Winter 2027 (View Only),PSY,202Z,10526,04,Introduction to Psychology II,4.0,4.0,4.0,4,In-Person,Bend Campus,30,0,30,0,,,,TR 1300-1450 Modoc Hall 0103 Lecture,Andria Woodell (primary),,https://reg-prod.cocc.edu/StudentRegistrationSsb/ssb/searchResults/searchResults?txt_term=202710&startDatepicker=&endDatepicker=&uniqueSessionId=dg25a02bd732dc&pageOffset=500&pageMaxSize=500&sortColumn=subjectDescription&sortDirection=asc,2026-09-12T16:01:22.9828190+00:00,2026-09-12T17:34:06.5667770+00:00
cocc,202710,Winter 2027 (View Only),SPAN,102Z,10599,03,First-year Spanish II,4.0,4.0,4.0,4,Hybrid,Bend Campus,20,0,20,0,,,,TR 1300-1420 Deschutes Hall 0005 Lecture ; none - Online  Lecture,Jessica Bollinger (primary),,https://reg-prod.cocc.edu/StudentRegistrationSsb/ssb/searchResults/searchResults?txt_term=202710&startDatepicker=&endDatepicker=&uniqueSessionId=dg25a02bd732dc&pageOffset=500&pageMaxSize=500&sortColumn=subjectDescription&sortDirection=asc,2026-09-12T16:01:22.9828190+00:00,2026-09-12T17:34:06.5667770+00:00
cocc,202710,Winter 2027 (View Only),SPAN,202,10600,01,2nd Year Spanish II,4.0,4.0,4.0,4,Hybrid,Bend Campus,20,0,20,0,,,,MW 1000-1120 Deschutes Hall 0005 Lecture ; none - Online  Lecture,Joshua Evans (primary),,https://reg-prod.cocc.edu/StudentRegistrationSsb/ssb/searchResults/searchResults?txt_term=202710&startDatepicker=&endDatepicker=&uniqueSessionId=dg25a02bd732dc&pageOffset=500&pageMaxSize=500&sortColumn=subjectDescription&sortDirection=asc,2026-09-12T16:01:22.9828190+00:00,2026-09-12T17:34:06.5667770+00:00
cocc,202710,Winter 2027 (View Only),VT,110,10553,02,Parasitology and Pathology,4.0,4.0,4.0,4,In-Person,Redmond Campus,9,0,0,0,,,,MW 1000-1120 Redmond Vet Tech 112 Lecture ; R 1230-1520 Redmond Vet Tech 112 Lab,,,https://reg-prod.cocc.edu/StudentRegistrationSsb/ssb/searchResults/searchResults?txt_term=202710&startDatepicker=&endDatepicker=&uniqueSessionId=dg25a02bd732dc&pageOffset=500&pageMaxSize=500&sortColumn=subjectDescription&sortDirection=asc,2026-09-12T16:01:22.9828190+00:00,2026-09-12T17:34:06.5667770+00:00
cocc,202710,Winter 2027 (View Only),VT,202,10556,01,Surg Nursing and Dentistry,4.0,4.0,4.0,4,In-Person,Redmond Campus,6,0,0,0,,,,W 0700-0800 Redmond Vet Tech 111 Lab ; T 0800-1200 Redmond Vet Tech 111 Lab ; M 1030-1220 Redmond Vet Tech 109 Lecture ; M 1600-1700 Redmond Vet Tech 111 Lab,Cierra Buer (primary),,https://reg-prod.cocc.edu/StudentRegistrationSsb/ssb/searchResults/searchResults?txt_term=202710&startDatepicker=&endDatepicker=&uniqueSessionId=dg25a02bd732dc&pageOffset=500&pageMaxSize=500&sortColumn=subjectDescription&sortDirection=asc,2026-09-12T16:01:22.9828190+00:00,2026-09-12T17:34:06.5667770+00:00
cocc,202710,Winter 2027 (View Only),WR,121Z,10436,17,Composition I,4.0,4.0,4.0,4,In-Person,Remote Delivery,10,0,10,0,,,,TR 1800-1950 Meetings scheduled remotely  Lecture,Kelly Jaquiss-Pofahl (primary),,https://reg-prod.cocc.edu/StudentRegistrationSsb/ssb/searchResults/searchResults?txt_term=202710&startDatepicker=&endDatepicker=&uniqueSessionId=dg25a02bd732dc&pageOffset=500&pageMaxSize=500&sortColumn=subjectDescription&sortDirection=asc,2026-09-12T16:01:22.9828190+00:00,2026-09-12T17:34:06.5667770+00:00
cocc,202710,Winter 2027 (View Only),WR,122Z,10443,05,Composition II,4.0,4.0,4.0,4,Online,Online,26,0,26,0,,,,none - Online  Lecture,Jacob Agatucci (primary),,https://reg-prod.cocc.edu/StudentRegistrationSsb/ssb/searchResults/searchResults?txt_term=202710&startDatepicker=&endDatepicker=&uniqueSessionId=dg25a02bd732dc&pageOffset=500&pageMaxSize=500&sortColumn=subjectDescription&sortDirection=asc,2026-09-12T16:01:22.9828190+00:00,2026-09-12T17:34:06.5667770+00:00
cocc,202720,Spring 2027 (View Only),ART,230,20042,02,Intermediate Graphic Design,4.0,4.0,4.0,4,Online,Online,15,0,15,0,,,,none - Online  Combination Lecture/Lab,Venus Nguyen (primary),,https://reg-prod.cocc.edu/StudentRegistrationSsb/ssb/searchResults/searchResults?txt_term=202720&startDatepicker=&endDatepicker=&uniqueSessionId=dgd7a240639941&pageOffset=0&pageMaxSize=500&sortColumn=subjectDescription&sortDirection=asc,2026-09-12T16:01:11.3429290+00:00,2026-09-12T17:33:56.7145040+00:00
cocc,202720,Spring 2027 (View Only),ART,241,20025,02,Digital Illustration Narrative,4.0,4.0,4.0,4,In-Person,Bend Campus,15,0,15,0,,,,MW 1500-1720 Ponderosa Hall 0205 Combination Lecture/Lab,James Adams (primary),,https://reg-prod.cocc.edu/StudentRegistrationSsb/ssb/searchResults/searchResults?txt_term=202720&startDatepicker=&endDatepicker=&uniqueSessionId=dgd7a240639941&pageOffset=0&pageMaxSize=500&sortColumn=subjectDescription&sortDirection=asc,2026-09-12T16:01:11.3429290+00:00,2026-09-12T17:33:56.7145040+00:00
cocc,202720,Spring 2027 (View Only),ART,297GD,20050,01,Capstone: Graphic Design,1.0,1.0,1.0,1,Online,Online,8,0,8,0,,,,none - Online  Lecture/Lab,Venus Nguyen (primary),,https://reg-prod.cocc.edu/StudentRegistrationSsb/ssb/searchResults/searchResults?txt_term=202720&startDatepicker=&endDatepicker=&uniqueSessionId=dgd7a240639941&pageOffset=0&pageMaxSize=500&sortColumn=subjectDescription&sortDirection=asc,2026-09-12T16:01:11.3429290+00:00,2026-09-12T17:33:56.7145040+00:00
cocc,202720,Spring 2027 (View Only),AUT,107,20485,02,Mechanical Systems I,3.0,3.0,3.0,3,Hybrid,Bend Campus,38,0,38,0,,,,MTWR 0745-1335 Ponderosa Hall 0106 Lab ; none - Online  Lab,Lanny Gallion (primary),,https://reg-prod.cocc.edu/StudentRegistrationSsb/ssb/searchResults/searchResults?txt_term=202720&startDatepicker=&endDatepicker=&uniqueSessionId=dgd7a240639941&pageOffset=0&pageMaxSize=500&sortColumn=subjectDescription&sortDirection=asc,2026-09-12T16:01:11.3429290+00:00,2026-09-12T17:33:56.7145040+00:00
cocc,202720,Spring 2027 (View Only),AUT,260,20480,01,Diesel Performance II,4.0,4.0,4.0,4,In-Person,Redmond Campus,18,0,18,0,,,,MW 1700-2050 Redmond Technology Ed Center 116 Combination Lecture/Lab,Stephen Shelton (primary) ; James Veverka,,https://reg-prod.cocc.edu/StudentRegistrationSsb/ssb/searchResults/searchResults?txt_term=202720&startDatepicker=&endDatepicker=&uniqueSessionId=dgd7a240639941&pageOffset=0&pageMaxSize=500&sortColumn=subjectDescription&sortDirection=asc,2026-09-12T16:01:11.3429290+00:00,2026-09-12T17:33:56.7145040+00:00
cocc,202720,Spring 2027 (View Only),AV,101,20426,01,AV Regulations/Certification,3.0,3.0,3.0,3,In-Person,Bend Campus,45,0,45,0,,,,none - No Room Needed ROOM Lecture,,,https://reg-prod.cocc.edu/StudentRegistrationSsb/ssb/searchResults/searchResults?txt_term=202720&startDatepicker=&endDatepicker=&uniqueSessionId=dgd7a240639941&pageOffset=0&pageMaxSize=500&sortColumn=subjectDescription&sortDirection=asc,2026-09-12T16:01:11.3429290+00:00,2026-09-12T17:33:56.7145040+00:00
cocc,202720,Spring 2027 (View Only),AV,117,20433,01,Helicopter Fundamentals,3.0,3.0,3.0,3,In-Person,Bend Campus,32,0,32,0,,,,none - No Room Needed ROOM Lecture,,,https://reg-prod.cocc.edu/StudentRegistrationSsb/ssb/searchResults/searchResults?txt_term=202720&startDatepicker=&endDatepicker=&uniqueSessionId=dgd7a240639941&pageOffset=0&pageMaxSize=500&sortColumn=subjectDescription&sortDirection=asc,2026-09-12T16:01:11.3429290+00:00,2026-09-12T17:33:56.7145040+00:00
cocc,202720,Spring 2027 (View Only),AV,227J,20466,01,CFI II Helicopter Flt Lab,1.0,1.0,1.0,1,In-Person,Bend Campus,30,0,30,0,,,,none - Bend Airport  Lab,,,https://reg-prod.cocc.edu/StudentRegistrationSsb/ssb/searchResults/searchResults?txt_term=202720&startDatepicker=&endDatepicker=&uniqueSessionId=dgd7a240639941&pageOffset=0&pageMaxSize=500&sortColumn=subjectDescription&sortDirection=asc,2026-09-12T16:01:11.3429290+00:00,2026-09-12T17:33:56.7145040+00:00
cocc,202720,Spring 2027 (View Only),AV,255,20444,01,Cert Flight Instr-Helicopter,5.0,5.0,5.0,5,In-Person,Bend Campus,32,0,32,0,,,,none - No Room Needed ROOM Lecture,,,https://reg-prod.cocc.edu/StudentRegistrationSsb/ssb/searchResults/searchResults?txt_term=202720&startDatepicker=&endDatepicker=&uniqueSessionId=dgd7a240639941&pageOffset=0&pageMaxSize=500&sortColumn=subjectDescription&sortDirection=asc,2026-09-12T16:01:11.3429290+00:00,2026-09-12T17:33:56.7145040+00:00
cocc,202720,Spring 2027 (View Only),BA,101Z,20059,04,Introduction to Business,4.0,4.0,4.0,4,Online,Online,28,0,28,0,,,,none - Online  Lecture,Jennifer Gould ; Jesse Miles (primary),,https://reg-prod.cocc.edu/StudentRegistrationSsb/ssb/searchResults/searchResults?txt_term=202720&startDatepicker=&endDatepicker=&uniqueSessionId=dgd7a240639941&pageOffset=0&pageMaxSize=500&sortColumn=subjectDescription&sortDirection=asc,2026-09-12T16:01:11.3429290+00:00,2026-09-12T17:33:56.7145040+00:00
cocc,202720,Spring 2027 (View Only),BA,178,20067,01,Customer Service,3.0,3.0,3.0,3,Online,Online,28,0,28,0,,,,none - Online  Lecture,Michael Hansen (primary),,https://reg-prod.cocc.edu/StudentRegistrationSsb/ssb/searchResults/searchResults?txt_term=202720&startDatepicker=&endDatepicker=&uniqueSessionId=dgd7a240639941&pageOffset=0&pageMaxSize=500&sortColumn=subjectDescription&sortDirection=asc,2026-09-12T16:01:11.3429290+00:00,2026-09-12T17:33:56.7145040+00:00
cocc,202720,Spring 2027 (View Only),BA,226Z,20082,02,Introduction to Business Law,4.0,4.0,4.0,4,Online,Online,28,0,28,0,,,,none - Online  Lecture,Theresa Freihoefer (primary),,https://reg-prod.cocc.edu/StudentRegistrationSsb/ssb/searchResults/searchResults?txt_term=202720&startDatepicker=&endDatepicker=&uniqueSessionId=dgd7a240639941&pageOffset=0&pageMaxSize=500&sortColumn=subjectDescription&sortDirection=asc,2026-09-12T16:01:11.3429290+00:00,2026-09-12T17:33:56.7145040+00:00
cocc,202720,Spring 2027 (View Only),BA,237,20086,01,Marketing Research,4.0,4.0,4.0,4,Online,Online,28,0,28,0,,,,none - Online  Lecture,,,https://reg-prod.cocc.edu/StudentRegistrationSsb/ssb/searchResults/searchResults?txt_term=202720&startDatepicker=&endDatepicker=&uniqueSessionId=dgd7a240639941&pageOffset=0&pageMaxSize=500&sortColumn=subjectDescription&sortDirection=asc,2026-09-12T16:01:11.3429290+00:00,2026-09-12T17:33:56.7145040+00:00
cocc,202720,Spring 2027 (View Only),BA,285,20090,01,Business Human Relations,3.0,3.0,3.0,3,Online,Online,28,0,28,0,,,,none - Online  Lecture,Laura Boehme (primary),,https://reg-prod.cocc.edu/StudentRegistrationSsb/ssb/searchResults/searchResults?txt_term=202720&startDatepicker=&endDatepicker=&uniqueSessionId=dgd7a240639941&pageOffset=0&pageMaxSize=500&sortColumn=subjectDescription&sortDirection=asc,2026-09-12T16:01:11.3429290+00:00,2026-09-12T17:33:56.7145040+00:00
cocc,202720,Spring 2027 (View Only),BI,101,20092,03,General Biology: Cells & Genes,4.0,4.0,4.0,4,In-Person,Bend Campus,24,0,24,0,,,,MW 1100-1220 Ochoco Hall 0200 Lecture ; M 1300-1550 Middleton Science Center 0160 Lab,Steve Edwards (primary),,https://reg-prod.cocc.edu/StudentRegistrationSsb/ssb/searchResults/searchResults?txt_term=202720&startDatepicker=&endDatepicker=&uniqueSessionId=dgd7a240639941&pageOffset=0&pageMaxSize=500&sortColumn=subjectDescription&sortDirection=asc,2026-09-12T16:01:11.3429290+00:00,2026-09-12T17:33:56.7145040+00:00
cocc,202720,Spring 2027 (View Only),BI,232Z,20104,05,Human Anatomy & Physiology II,4.0,4.0,4.0,4,In-Person,Bend Campus,24,0,24,0,,,,MW 1500-1620 Middleton Science Center 0220 Lecture ; W 1630-1920 Middleton Science Center 0150 Lab,Sandra Broeren (primary),,https://reg-prod.cocc.edu/StudentRegistrationSsb/ssb/searchResults/searchResults?txt_term=202720&startDatepicker=&endDatepicker=&uniqueSessionId=dgd7a240639941&pageOffset=0&pageMaxSize=500&sortColumn=subjectDescription&sortDirection=asc,2026-09-12T16:01:11.3429290+00:00,2026-09-12T17:33:56.7145040+00:00
cocc,202720,Spring 2027 (View Only),CH,104Z,20348,03,Introduction to Chemistry,4.0,4.0,4.0,4,In-Person,Redmond Campus,24,0,24,0,,,,MW 1300-1450 Redmond Building 1 142 Lecture,Kevin Hodgson (primary),,https://reg-prod.cocc.edu/StudentRegistrationSsb/ssb/searchResults/searchResults?txt_term=202720&startDatepicker=&endDatepicker=&uniqueSessionId=dgd7a240639941&pageOffset=0&pageMaxSize=500&sortColumn=subjectDescription&sortDirection=asc,2026-09-12T16:01:11.3429290+00:00,2026-09-12T17:33:56.7145040+00:00
cocc,202720,Spring 2027 (View Only),CJ,120,20729,02,American Courts,3.0,3.0,3.0,3,In-Person,Bend Campus,25,0,25,0,,,,TR 1800-1920 Modoc Hall 0222 Lecture,Jeff Pickens (primary),,https://reg-prod.cocc.edu/StudentRegistrationSsb/ssb/searchResults/searchResults?txt_term=202720&startDatepicker=&endDatepicker=&uniqueSessionId=dgd7a240639941&pageOffset=0&pageMaxSize=500&sortColumn=subjectDescription&sortDirection=asc,2026-09-12T16:01:11.3429290+00:00,2026-09-12T17:33:56.7145040+00:00
cocc,202720,Spring 2027 (View Only),CJ,120,20739,01,American Courts,3.0,3.0,3.0,3,Hybrid,Madras Campus,25,0,25,0,,,,T 1800-1920 Madras Campus 115 Lecture ; none - Online  Lecture,Brad Johnston (primary),,https://reg-prod.cocc.edu/StudentRegistrationSsb/ssb/searchResults/searchResults?txt_term=202720&startDatepicker=&endDatepicker=&uniqueSessionId=dgd7a240639941&pageOffset=0&pageMaxSize=500&sortColumn=subjectDescription&sortDirection=asc,2026-09-12T16:01:11.3429290+00:00,2026-09-12T17:33:56.7145040+00:00
cocc,202720,Spring 2027 (View Only),COMM,218Z,20174,03,Interpersonal Communication,4.0,4.0,4.0,4,In-Person,Bend Campus,20,0,20,0,,,,TR 1000-1150 Deschutes Hall 0007 Lecture,Lisa Merritt (primary),,https://reg-prod.cocc.edu/StudentRegistrationSsb/ssb/searchResults/searchResults?txt_term=202720&startDatepicker=&endDatepicker=&uniqueSessionId=dgd7a240639941&pageOffset=0&pageMaxSize=500&sortColumn=subjectDescription&sortDirection=asc,2026-09-12T16:01:11.3429290+00:00,2026-09-12T17:33:56.7145040+00:00
cocc,202720,Spring 2027 (View Only),DA,131,20192,01,Dental Materials II,4.0,4.0,4.0,4,Hybrid,Bend Campus,10,0,0,0,,,,T 0830-1220 Health Careers Center 0130 Lecture/Lab ; none - Online  Lecture,Jenna Johnson (primary),,https://reg-prod.cocc.edu/StudentRegistrationSsb/ssb/searchResults/searchResults?txt_term=202720&startDatepicker=&endDatepicker=&uniqueSessionId=dgd7a240639941&pageOffset=0&pageMaxSize=500&sortColumn=subjectDescription&sortDirection=asc,2026-09-12T16:01:11.3429290+00:00,2026-09-12T17:33:56.7145040+00:00
cocc,202720,Spring 2027 (View Only),ED,195,20776,02,ECE/ED Conference,1.0,1.0,1.0,1,In-Person,Bend Campus,25,0,25,0,01,25,0,S 0800-1300 Modoc Hall 0220 Lecture ; F 0900-1700 Modoc Hall 0220 Lecture,Maribel Jimenez-Lockey (primary),,https://reg-prod.cocc.edu/StudentRegistrationSsb/ssb/searchResults/searchResults?txt_term=202720&startDatepicker=&endDatepicker=&uniqueSessionId=dgd7a240639941&pageOffset=0&pageMaxSize=500&sortColumn=subjectDescription&sortDirection=asc,2026-09-12T16:01:11.3429290+00:00,2026-09-12T17:33:56.7145040+00:00
cocc,202720,Spring 2027 (View Only),ED,216,20334,01,Foundations of Education,3.0,3.0,3.0,3,Hybrid,Bend Campus,24,0,24,0,,,,T 1000-1150 Modoc Hall 0220 Lecture ; none - Online  Lecture,Angie Cole (primary),,https://reg-prod.cocc.edu/StudentRegistrationSsb/ssb/searchResults/searchResults?txt_term=202720&startDatepicker=&endDatepicker=&uniqueSessionId=dgd7a240639941&pageOffset=0&pageMaxSize=500&sortColumn=subjectDescription&sortDirection=asc,2026-09-12T16:01:11.3429290+00:00,2026-09-12T17:33:56.7145040+00:00
cocc,202720,Spring 2027 (View Only),ENG,106Z,20213,01,Introduction to Poetry,4.0,4.0,4.0,4,In-Person,Redmond Campus,30,0,30,0,,,,TR 1500-1650 Redmond Building 3 305 Lecture,Kelly Jaquiss-Pofahl (primary),,https://reg-prod.cocc.edu/StudentRegistrationSsb/ssb/searchResults/searchResults?txt_term=202720&startDatepicker=&endDatepicker=&uniqueSessionId=dgd7a240639941&pageOffset=0&pageMaxSize=500&sortColumn=subjectDescription&sortDirection=asc,2026-09-12T16:01:11.3429290+00:00,2026-09-12T17:33:56.7145040+00:00
cocc,202720,Spring 2027 (View Only),FIRE,130,20807,02,Rescue Practices,3.0,3.0,3.0,3,Hybrid,Bend Campus,20,0,20,0,,,,T 0800-1150 Ponderosa Hall 0101 Lecture/Lab ; none - Online  Lecture,Paula Simone (primary),,https://reg-prod.cocc.edu/StudentRegistrationSsb/ssb/searchResults/searchResults?txt_term=202720&startDatepicker=&endDatepicker=&uniqueSessionId=dgd7a240639941&pageOffset=0&pageMaxSize=500&sortColumn=subjectDescription&sortDirection=asc,2026-09-12T16:01:11.3429290+00:00,2026-09-12T17:33:56.7145040+00:00
cocc,202720,Spring 2027 (View Only),FOR,215,20719,01,Forest Resource Capstone,3.0,3.0,3.0,3,In-Person,Bend Campus,20,0,20,0,,,,M 1000-1150 Cascades Hall 0201 Lecture ; M 1300-1550 Cascades Hall 0201 Lab,,,https://reg-prod.cocc.edu/StudentRegistrationSsb/ssb/searchResults/searchResults?txt_term=202720&startDatepicker=&endDatepicker=&uniqueSessionId=dgd7a240639941&pageOffset=0&pageMaxSize=500&sortColumn=subjectDescription&sortDirection=asc,2026-09-12T16:01:11.3429290+00:00,2026-09-12T17:33:56.7145040+00:00
cocc,202720,Spring 2027 (View Only),G,147,20378,01,Violent Earth,3.0,3.0,3.0,3,Online,Online,24,0,24,0,,,,none - Online  Lecture,Elizabeth Rhodes (primary),,https://reg-prod.cocc.edu/StudentRegistrationSsb/ssb/searchResults/searchResults?txt_term=202720&startDatepicker=&endDatepicker=&uniqueSessionId=dgd7a240639941&pageOffset=0&pageMaxSize=500&sortColumn=subjectDescription&sortDirection=asc,2026-09-12T16:01:11.3429290+00:00,2026-09-12T17:33:56.7145040+00:00
cocc,202720,Spring 2027 (View Only),HHPA,158,20668,01,Stretch and Relaxation,1.0,1.0,1.0,1,In-Person,Prineville Campus,20,0,20,0,,,,MW 1800-1920 Prineville Campus 111 Activity,Daniel Montoya (primary),,https://reg-prod.cocc.edu/StudentRegistrationSsb/ssb/searchResults/searchResults?txt_term=202720&startDatepicker=&endDatepicker=&uniqueSessionId=dgd7a240639941&pageOffset=0&pageMaxSize=500&sortColumn=subjectDescription&sortDirection=asc,2026-09-12T16:01:11.3429290+00:00,2026-09-12T17:33:56.7145040+00:00
cocc,202720,Spring 2027 (View Only),LMT,130,20261,01,Massage Fundamentals,2.0,2.0,2.0,2,In-Person,Bend Campus,20,0,20,0,,,,T 1800-1950 Health Careers Center 0170 Lecture,Alissa Locke (primary),,https://reg-prod.cocc.edu/StudentRegistrationSsb/ssb/searchResults/searchResults?txt_term=202720&startDatepicker=&endDatepicker=&uniqueSessionId=dgd7a240639941&pageOffset=500&pageMaxSize=500&sortColumn=subjectDescription&sortDirection=asc,2026-09-12T16:01:12.9820790+00:00,2026-09-12T17:33:56.7145040+00:00
cocc,202720,Spring 2027 (View Only),MA,137,20278,04,Applic of Prof Med Assist,4.0,4.0,4.0,4,In-Person,Madras Campus,8,0,0,0,,,,T 0900-1150 Madras Campus 2 211A-D Lab ; T 1200-1450 Madras Campus 2 211 Lecture,Marilyn Waller-Niewold (primary) ; Jill Ridling,,https://reg-prod.cocc.edu/StudentRegistrationSsb/ssb/searchResults/searchResults?txt_term=202720&startDatepicker=&endDatepicker=&uniqueSessionId=dgd7a240639941&pageOffset=500&pageMaxSize=500&sortColumn=subjectDescription&sortDirection=asc,2026-09-12T16:01:12.9820790+00:00,2026-09-12T17:33:56.7145040+00:00
cocc,202720,Spring 2027 (View Only),MFG,101,20553,01,Blueprint Reading,3.0,3.0,3.0,3,In-Person,Redmond Campus,10,0,10,0,,,,MW 1300-1420 Redmond Building 3 317 Lecture,Matthew Collier (primary),,https://reg-prod.cocc.edu/StudentRegistrationSsb/ssb/searchResults/searchResults?txt_term=202720&startDatepicker=&endDatepicker=&uniqueSessionId=dgd7a240639941&pageOffset=500&pageMaxSize=500&sortColumn=subjectDescription&sortDirection=asc,2026-09-12T16:01:12.9820790+00:00,2026-09-12T17:33:56.7145040+00:00
cocc,202720,Spring 2027 (View Only),MTH,098,20577,01,Math Literacy,4.0,4.0,4.0,4,In-Person,Bend Campus,25,0,25,0,,,,TR 0800-0950 Grandview Hall 0235 Lecture,Julie Schmidt (primary),,https://reg-prod.cocc.edu/StudentRegistrationSsb/ssb/searchResults/searchResults?txt_term=202720&startDatepicker=&endDatepicker=&uniqueSessionId=dgd7a240639941&pageOffset=500&pageMaxSize=500&sortColumn=subjectDescription&sortDirection=asc,2026-09-12T16:01:12.9820790+00:00,2026-09-12T17:33:56.7145040+00:00
cocc,202720,Spring 2027 (View Only),MTH,112Z,20806,02,Precalculus II: Trigonometry,4.0,4.0,4.0,4,Online,Online,28,0,28,0,,,,none - Online  Lecture,Joe Diorio (primary),,https://reg-prod.cocc.edu/StudentRegistrationSsb/ssb/searchResults/searchResults?txt_term=202720&startDatepicker=&endDatepicker=&uniqueSessionId=dgd7a240639941&pageOffset=500&pageMaxSize=500&sortColumn=subjectDescription&sortDirection=asc,2026-09-12T16:01:12.9820790+00:00,2026-09-12T17:33:56.7145040+00:00
cocc,202720,Spring 2027 (View Only),MUP,175,20285,01,Applied Violin,1.0,1.0,1.0,1,In-Person,Bend Campus,5,0,5,0,,,,none - Private Lessons,Lenore Gilbert (primary),,https://reg-prod.cocc.edu/StudentRegistrationSsb/ssb/searchResults/searchResults?txt_term=202720&startDatepicker=&endDatepicker=&uniqueSessionId=dgd7a240639941&pageOffset=500&pageMaxSize=500&sortColumn=subjectDescription&sortDirection=asc,2026-09-12T16:01:12.9820790+00:00,2026-09-12T17:33:56.7145040+00:00
cocc,202720,Spring 2027 (View Only),MUP,176,20286,01,Applied Viola,1.0,1.0,1.0,1,In-Person,Bend Campus,5,0,5,0,,,,none - Private Lessons,Lenore Gilbert (primary),,https://reg-prod.cocc.edu/StudentRegistrationSsb/ssb/searchResults/searchResults?txt_term=202720&startDatepicker=&endDatepicker=&uniqueSessionId=dgd7a240639941&pageOffset=500&pageMaxSize=500&sortColumn=subjectDescription&sortDirection=asc,2026-09-12T16:01:12.9820790+00:00,2026-09-12T17:33:56.7145040+00:00
cocc,202720,Spring 2027 (View Only),MUS,139,20301,01,Class Guitar III,2.0,2.0,2.0,2,In-Person,Bend Campus,15,0,15,0,,,,MW 1600-1650 Pence Hall 0228 Lecture,Dillon Schneider (primary),,https://reg-prod.cocc.edu/StudentRegistrationSsb/ssb/searchResults/searchResults?txt_term=202720&startDatepicker=&endDatepicker=&uniqueSessionId=dgd7a240639941&pageOffset=500&pageMaxSize=500&sortColumn=subjectDescription&sortDirection=asc,2026-09-12T16:01:12.9820790+00:00,2026-09-12T17:33:56.7145040+00:00
cocc,202720,Spring 2027 (View Only),NUR,108,20612,02,Nursing III,11.0,11.0,11.0,11,In-Person,Madras Campus,8,0,0,0,,,,WR 0700-1400 No Room Needed ROOM Clinical ; MT 0800-1050 Madras Campus 2 224 Lecture ; WR 1000-1600 No Room Needed ROOM Clinical ; R 1000-1600 No Room Needed ROOM Clinical ; F 1000-1600 No Room Needed ROOM Clinical ; MT 1300-1430 Madras Campus 2 213E-G Lab,Natalia Suits (primary),,https://reg-prod.cocc.edu/StudentRegistrationSsb/ssb/searchResults/searchResults?txt_term=202720&startDatepicker=&endDatepicker=&uniqueSessionId=dgd7a240639941&pageOffset=500&pageMaxSize=500&sortColumn=subjectDescription&sortDirection=asc,2026-09-12T16:01:12.9820790+00:00,2026-09-12T17:33:56.7145040+00:00
cocc,202720,Spring 2027 (View Only),NUR,280A,20617,01,CWE Nursing I,,1.0,6.0,1 TO 6,In-Person,Bend Campus,15,0,0,0,,,,none - Field  Practicum,Carmen Ingulli (primary),,https://reg-prod.cocc.edu/StudentRegistrationSsb/ssb/searchResults/searchResults?txt_term=202720&startDatepicker=&endDatepicker=&uniqueSessionId=dgd7a240639941&pageOffset=500&pageMaxSize=500&sortColumn=subjectDescription&sortDirection=asc,2026-09-12T16:01:12.9820790+00:00,2026-09-12T17:33:56.7145040+00:00
cocc,202720,Spring 2027 (View Only),PHE,248,20702,01,Health Psychology,4.0,4.0,4.0,4,In-Person,Bend Campus,24,0,24,0,,,,TR 1300-1450 Mazama 0222 Lecture,Owen Murphy (primary),,https://reg-prod.cocc.edu/StudentRegistrationSsb/ssb/searchResults/searchResults?txt_term=202720&startDatepicker=&endDatepicker=&uniqueSessionId=dgd7a240639941&pageOffset=500&pageMaxSize=500&sortColumn=subjectDescription&sortDirection=asc,2026-09-12T16:01:12.9820790+00:00,2026-09-12T17:33:56.7145040+00:00
cocc,202720,Spring 2027 (View Only),PSY,201Z,20519,02,Introduction to Psychology I,4.0,4.0,4.0,4,In-Person,Bend Campus,30,0,30,0,,,,MW 1000-1150 Jefferson Hall 0105 Lecture,Jared Miller (primary),,https://reg-prod.cocc.edu/StudentRegistrationSsb/ssb/searchResults/searchResults?txt_term=202720&startDatepicker=&endDatepicker=&uniqueSessionId=dgd7a240639941&pageOffset=500&pageMaxSize=500&sortColumn=subjectDescription&sortDirection=asc,2026-09-12T16:01:12.9820790+00:00,2026-09-12T17:33:56.7145040+00:00
cocc,202720,Spring 2027 (View Only),WR,098,20223,03,Writing Seminar,2.0,2.0,2.0,2,In-Person,Redmond Campus,10,0,10,0,,,,MW 1200-1250 Redmond Technology Ed Center 136 Lecture,Christopher Hazlett (primary),,https://reg-prod.cocc.edu/StudentRegistrationSsb/ssb/searchResults/searchResults?txt_term=202720&startDatepicker=&endDatepicker=&uniqueSessionId=dgd7a240639941&pageOffset=500&pageMaxSize=500&sortColumn=subjectDescription&sortDirection=asc,2026-09-12T16:01:12.9820790+00:00,2026-09-12T17:33:56.7145040+00:00
cocc,202720,Spring 2027 (View Only),WR,121Z,20234,09,Composition I,4.0,4.0,4.0,4,In-Person,Redmond Campus,10,0,10,0,,,,MW 1000-1150 Redmond Technology Ed Center 135 Lecture,Christopher Hazlett (primary),,https://reg-prod.cocc.edu/StudentRegistrationSsb/ssb/searchResults/searchResults?txt_term=202720&startDatepicker=&endDatepicker=&uniqueSessionId=dgd7a240639941&pageOffset=500&pageMaxSize=500&sortColumn=subjectDescription&sortDirection=asc,2026-09-12T16:01:12.9820790+00:00,2026-09-12T17:33:56.7145040+00:00
cocc,202720,Spring 2027 (View Only),WR,121Z,20249,15,Composition I,4.0,4.0,4.0,4,Online,Online,26,0,26,0,,,,none - Online  Lecture,Jacob Agatucci (primary),,https://reg-prod.cocc.edu/StudentRegistrationSsb/ssb/searchResults/searchResults?txt_term=202720&startDatepicker=&endDatepicker=&uniqueSessionId=dgd7a240639941&pageOffset=500&pageMaxSize=500&sortColumn=subjectDescription&sortDirection=asc,2026-09-12T16:01:12.9820790+00:00,2026-09-12T17:33:56.7145040+00:00
cocc,202720,Spring 2027 (View Only),WR,121Z,20250,16,Composition I,4.0,4.0,4.0,4,Online,Online,26,0,26,0,,,,none - Online  Lecture,Sheri Jordan (primary),,https://reg-prod.cocc.edu/StudentRegistrationSsb/ssb/searchResults/searchResults?txt_term=202720&startDatepicker=&endDatepicker=&uniqueSessionId=dgd7a240639941&pageOffset=500&pageMaxSize=500&sortColumn=subjectDescription&sortDirection=asc,2026-09-12T16:01:12.9820790+00:00,2026-09-12T17:33:56.7145040+00:00
montgomery,202640,Summer I 2026 (View Only),CPR,007,42914,1,BASIC CARDIA LIFE SUPPORT//,0.6,0.6,0.6,0.6,TR,Rockville,12,12,0,0,,,,S 0900-1530 Mannakee Building 221 Class,"Huestis, Diana ; Dayton, Kathleen (primary)",,https://b9pubstu.glb.montgomerycollege.edu/StudentRegistrationSsb/ssb/searchResults/searchResults?txt_term=202640&startDatepicker=&endDatepicker=&uniqueSessionId=dgc35494c94825&pageOffset=0&pageMaxSize=500&sortColumn=subjectDescription&sortDirection=asc,2026-09-12T15:48:33.4740810+00:00,2026-09-12T17:17:48.5665130+00:00
montgomery,202640,Summer I 2026 (View Only),CPR,007,42917,3,BASIC CARDIA LIFE SUPPORT//,0.6,0.6,0.6,0.6,TR,Takoma Park/Silver Spring,16,16,0,0,,,,S 0900-1530 Health Sciences Center 124 Class,"Huestis, Diana ; Dayton, Kathleen (primary)",,https://b9pubstu.glb.montgomerycollege.edu/StudentRegistrationSsb/ssb/searchResults/searchResults?txt_term=202640&startDatepicker=&endDatepicker=&uniqueSessionId=dgc35494c94825&pageOffset=0&pageMaxSize=500&sortColumn=subjectDescription&sortDirection=asc,2026-09-12T15:48:33.4740810+00:00,2026-09-12T17:17:48.5665130+00:00
montgomery,202640,Summer I 2026 (View Only),ECH,257,43223,1,MEDICATION ADMIN/ TRAINING,0.6,0.6,0.6,0.6,,Rockville,1,1,0,0,,,,S 0900-1530 Class,"Mrochek, Hanna (primary)",,https://b9pubstu.glb.montgomerycollege.edu/StudentRegistrationSsb/ssb/searchResults/searchResults?txt_term=202640&startDatepicker=&endDatepicker=&uniqueSessionId=dgc35494c94825&pageOffset=0&pageMaxSize=500&sortColumn=subjectDescription&sortDirection=asc,2026-09-12T15:48:33.4740810+00:00,2026-09-12T17:17:48.5665130+00:00
montgomery,202640,Summer I 2026 (View Only),ECS,068,42941,1,DESARROLLANDO INTELIG/MULTI/,0.4,0.4,0.4,0.4,,WDCE Virtual-Remote,15,3,0,0,,,,S 0900-1300 Distance Learning  Class,"Semidey, Graciela (primary)",,https://b9pubstu.glb.montgomerycollege.edu/StudentRegistrationSsb/ssb/searchResults/searchResults?txt_term=202640&startDatepicker=&endDatepicker=&uniqueSessionId=dgc35494c94825&pageOffset=0&pageMaxSize=500&sortColumn=subjectDescription&sortDirection=asc,2026-09-12T15:48:33.4740810+00:00,2026-09-12T17:17:48.5665130+00:00
montgomery,202640,Summer I 2026 (View Only),EDUC,101,41373,3RA,FOUNDATIONS OF EDUCATION,3.0,3.0,3.0,3,,Distance Learning,25,21,40,0,,,,none - Distance Learning WEB Class,"Hernandez Tittle, Glenda (primary)",,https://b9pubstu.glb.montgomerycollege.edu/StudentRegistrationSsb/ssb/searchResults/searchResults?txt_term=202640&startDatepicker=&endDatepicker=&uniqueSessionId=dgc35494c94825&pageOffset=0&pageMaxSize=500&sortColumn=subjectDescription&sortDirection=asc,2026-09-12T15:48:33.4740810+00:00,2026-09-12T17:17:48.5665130+00:00
montgomery,202640,Summer I 2026 (View Only),ELAI,990,40291,400,ENGLISH LANGUAGE ADVANCED INTEGRATED SKILLS,6.0,6.0,6.0,6,,Rockville,20,16,40,0,,,,MTWR 0900-1240 Nguyen&Duong Student Svcs Ctr 320 Class,"Caballero, Henry (primary)",,https://b9pubstu.glb.montgomerycollege.edu/StudentRegistrationSsb/ssb/searchResults/searchResults?txt_term=202640&startDatepicker=&endDatepicker=&uniqueSessionId=dgc35494c94825&pageOffset=0&pageMaxSize=500&sortColumn=subjectDescription&sortDirection=asc,2026-09-12T15:48:33.4740810+00:00,2026-09-12T17:17:48.5665130+00:00
montgomery,202640,Summer I 2026 (View Only),ESL,341,42956,1,COMMUNICATION SKILLS 4,4.8,4.8,4.8,4.8,,Rockville,16,15,0,0,,,,MTR 1230-1430 South Campus Instruction Bldg 206 Class,"Dodge, Agnes (primary)",,https://b9pubstu.glb.montgomerycollege.edu/StudentRegistrationSsb/ssb/searchResults/searchResults?txt_term=202640&startDatepicker=&endDatepicker=&uniqueSessionId=dgc35494c94825&pageOffset=0&pageMaxSize=500&sortColumn=subjectDescription&sortDirection=asc,2026-09-12T15:48:33.4740810+00:00,2026-09-12T17:17:48.5665130+00:00
montgomery,202640,Summer I 2026 (View Only),LLP,291,42795,1,"FROM KIMCHI TO K-POP: A CULTURAL TOUR OF KOREA THROUGH TASTE, SOUND, AND SIGHT",1.2,1.2,1.2,1.2,,Rockville,20,6,0,0,,,,W 1600-1800 Mannakee Building 102 Class,"Park, Eunjoung (primary)",,https://b9pubstu.glb.montgomerycollege.edu/StudentRegistrationSsb/ssb/searchResults/searchResults?txt_term=202640&startDatepicker=&endDatepicker=&uniqueSessionId=dgc35494c94825&pageOffset=0&pageMaxSize=500&sortColumn=subjectDescription&sortDirection=asc,2026-09-12T15:48:33.4740810+00:00,2026-09-12T17:17:48.5665130+00:00
montgomery,202640,Summer I 2026 (View Only),MATH,117,40467,ZTA,ELEMENTS OF STATISTICS,3.0,3.0,3.0,3,,Distance Learning,24,11,40,0,,,,MWR 0800-1025 Remote Classes  Class,"Kcenich, Stephen (primary)",,https://b9pubstu.glb.montgomerycollege.edu/StudentRegistrationSsb/ssb/searchResults/searchResults?txt_term=202640&startDatepicker=&endDatepicker=&uniqueSessionId=dgc35494c94825&pageOffset=500&pageMaxSize=500&sortColumn=subjectDescription&sortDirection=asc,2026-09-12T15:48:39.2349320+00:00,2026-09-12T17:17:48.5665130+00:00
montgomery,202640,Summer I 2026 (View Only),TVRA,140L,40149,3RA,VIDEO EDITING,0.0,0.0,0.0,0,,Distance Learning,20,7,40,0,Z5,40,14,none - Distance Learning WEB Class,"Ao, Siqiao (primary)",,https://b9pubstu.glb.montgomerycollege.edu/StudentRegistrationSsb/ssb/searchResults/searchResults?txt_term=202640&startDatepicker=&endDatepicker=&uniqueSessionId=dgc35494c94825&pageOffset=500&pageMaxSize=500&sortColumn=subjectDescription&sortDirection=asc,2026-09-12T15:48:39.2349320+00:00,2026-09-12T17:17:48.5665130+00:00
montgomery,202640,Summer I 2026 (View Only),VET,020,43271,1,Veterinary Assistant Clinical Externship: Practicum,4.0,4.0,4.0,4,,Off Campus - Rockville,14,3,0,0,,,,none - Off Campus Location  Class,"TBA, TBA (primary)",,https://b9pubstu.glb.montgomerycollege.edu/StudentRegistrationSsb/ssb/searchResults/searchResults?txt_term=202640&startDatepicker=&endDatepicker=&uniqueSessionId=dgc35494c94825&pageOffset=500&pageMaxSize=500&sortColumn=subjectDescription&sortDirection=asc,2026-09-12T15:48:39.2349320+00:00,2026-09-12T17:17:48.5665130+00:00
montgomery,202710,Summer II 2026 (View Only),ADS,639,13605,1,DRAWING: LEVEL 2,2.5,2.5,2.5,2.5,,Rockville,16,7,0,0,,,,S 1000-1230 Campus Center 014H Class ; S 1000-1230 Campus Center 014H Class,"Kim, Wanjin (primary)",,https://b9pubstu.glb.montgomerycollege.edu/StudentRegistrationSsb/ssb/searchResults/searchResults?txt_term=202710&startDatepicker=&endDatepicker=&uniqueSessionId=dgc1bf9c0670a1&pageOffset=0&pageMaxSize=500&sortColumn=subjectDescription&sortDirection=asc,2026-09-12T15:48:11.7664930+00:00,2026-09-12T17:17:29.3220800+00:00
montgomery,202710,Summer II 2026 (View Only),ARTT,205,10322,400,FIGURE DRAWING I,3.0,3.0,3.0,3,,Rockville,20,9,40,0,,,,TWR 0900-1400 Campus Center 014H Class,"Nuzzo, Molly (primary)",,https://b9pubstu.glb.montgomerycollege.edu/StudentRegistrationSsb/ssb/searchResults/searchResults?txt_term=202710&startDatepicker=&endDatepicker=&uniqueSessionId=dgc1bf9c0670a1&pageOffset=0&pageMaxSize=500&sortColumn=subjectDescription&sortDirection=asc,2026-09-12T15:48:11.7664930+00:00,2026-09-12T17:17:29.3220800+00:00
montgomery,202710,Summer II 2026 (View Only),CHEM,132L,11957,401,PRINCIPLES OF CHEMISTRY II,0.0,0.0,0.0,0,,Rockville,24,23,10,0,,,,MW 1200-1510 Science Center 303 Class,"Malihi Basmanj, Farrokh (primary)",,https://b9pubstu.glb.montgomerycollege.edu/StudentRegistrationSsb/ssb/searchResults/searchResults?txt_term=202710&startDatepicker=&endDatepicker=&uniqueSessionId=dgc1bf9c0670a1&pageOffset=0&pageMaxSize=500&sortColumn=subjectDescription&sortDirection=asc,2026-09-12T15:48:11.7664930+00:00,2026-09-12T17:17:29.3220800+00:00
montgomery,202710,Summer II 2026 (View Only),DATA,110,13866,3TA,DATA VISUALIZATION AND COMMUNICATION,3.0,3.0,3.0,3,,Distance Learning,22,12,40,0,,,,MW 1800-2130 Remote Classes  Class,"Chhabra, Raunak Singh (primary)",,https://b9pubstu.glb.montgomerycollege.edu/StudentRegistrationSsb/ssb/searchResults/searchResults?txt_term=202710&startDatepicker=&endDatepicker=&uniqueSessionId=dgc1bf9c0670a1&pageOffset=0&pageMaxSize=500&sortColumn=subjectDescription&sortDirection=asc,2026-09-12T15:48:11.7664930+00:00,2026-09-12T17:17:29.3220800+00:00
montgomery,202710,Summer II 2026 (View Only),HINM,116,13168,3TC,MEDICAL TERMINOLOGY II,2.0,2.0,2.0,2,,Distance Learning,25,23,40,0,,,,none - Distance Learning WEB Class,"Hoover, Michelle (primary)",,https://b9pubstu.glb.montgomerycollege.edu/StudentRegistrationSsb/ssb/searchResults/searchResults?txt_term=202710&startDatepicker=&endDatepicker=&uniqueSessionId=dgc1bf9c0670a1&pageOffset=0&pageMaxSize=500&sortColumn=subjectDescription&sortDirection=asc,2026-09-12T15:48:11.7664930+00:00,2026-09-12T17:17:29.3220800+00:00
montgomery,202710,Summer II 2026 (View Only),MATH,117,11267,ZGD,ELEMENTS OF STATISTICS,3.0,3.0,3.0,3,,Distance Learning,27,24,40,0,,,,none - Distance Learning WEB Class,"Hairumian, Arthur (primary)",,https://b9pubstu.glb.montgomerycollege.edu/StudentRegistrationSsb/ssb/searchResults/searchResults?txt_term=202710&startDatepicker=&endDatepicker=&uniqueSessionId=dgc1bf9c0670a1&pageOffset=0&pageMaxSize=500&sortColumn=subjectDescription&sortDirection=asc,2026-09-12T15:48:11.7664930+00:00,2026-09-12T17:17:29.3220800+00:00
montgomery,202710,Summer II 2026 (View Only),MATH,117,11759,5TB,ELEMENTS OF STATISTICS,3.0,3.0,3.0,3,,East County Education Center,24,2,40,0,,,,TR 1300-1540 East County Education Center 140 Class,"Anderson, Lucious (primary)",,https://b9pubstu.glb.montgomerycollege.edu/StudentRegistrationSsb/ssb/searchResults/searchResults?txt_term=202710&startDatepicker=&endDatepicker=&uniqueSessionId=dgc1bf9c0670a1&pageOffset=0&pageMaxSize=500&sortColumn=subjectDescription&sortDirection=asc,2026-09-12T15:48:11.7664930+00:00,2026-09-12T17:17:29.3220800+00:00
montgomery,202710,Summer II 2026 (View Only),PHYS,204L,10123,001,GENERAL PHYSICS II (NON-ENGINEERING),0.0,0.0,0.0,0,,Takoma Park/Silver Spring,24,23,40,0,,,,TR 1100-1445 Leggett Math & Science 023 Class,"De, Tania (primary)",,https://b9pubstu.glb.montgomerycollege.edu/StudentRegistrationSsb/ssb/searchResults/searchResults?txt_term=202710&startDatepicker=&endDatepicker=&uniqueSessionId=dgc1bf9c0670a1&pageOffset=500&pageMaxSize=500&sortColumn=subjectDescription&sortDirection=asc,2026-09-12T15:48:18.8530060+00:00,2026-09-12T17:17:29.3220800+00:00
montgomery,202710,Summer II 2026 (View Only),PSYC,100,11275,ZTB,GENERAL PSYCHOLOGY,3.0,3.0,3.0,3,,Distance Learning,25,25,40,0,,,,none - Distance Learning WEB Class,"Brown, Andrae (primary)",,https://b9pubstu.glb.montgomerycollege.edu/StudentRegistrationSsb/ssb/searchResults/searchResults?txt_term=202710&startDatepicker=&endDatepicker=&uniqueSessionId=dgc1bf9c0670a1&pageOffset=500&pageMaxSize=500&sortColumn=subjectDescription&sortDirection=asc,2026-09-12T15:48:18.8530060+00:00,2026-09-12T17:17:29.3220800+00:00
montgomery,202710,Summer II 2026 (View Only),PSYC,100,11280,401,GENERAL PSYCHOLOGY,3.0,3.0,3.0,3,,Rockville,30,26,40,0,,,,TWR 0800-1015 Humanities Building 107 Class,"Williams, Michelle (primary)",,https://b9pubstu.glb.montgomerycollege.edu/StudentRegistrationSsb/ssb/searchResults/searchResults?txt_term=202710&startDatepicker=&endDatepicker=&uniqueSessionId=dgc1bf9c0670a1&pageOffset=500&pageMaxSize=500&sortColumn=subjectDescription&sortDirection=asc,2026-09-12T15:48:18.8530060+00:00,2026-09-12T17:17:29.3220800+00:00
montgomery,202710,Summer II 2026 (View Only),SFT,040,14186,1,10 HOUR DRIVER IMPROVE LESS,1.0,1.0,1.0,1,,Rockville,1,1,0,0,,,,none - North Garage  Class,"Ekpone, Pamela (primary)",,https://b9pubstu.glb.montgomerycollege.edu/StudentRegistrationSsb/ssb/searchResults/searchResults?txt_term=202710&startDatepicker=&endDatepicker=&uniqueSessionId=dgc1bf9c0670a1&pageOffset=500&pageMaxSize=500&sortColumn=subjectDescription&sortDirection=asc,2026-09-12T15:48:18.8530060+00:00,2026-09-12T17:17:29.3220800+00:00
montgomery,202710,Summer II 2026 (View Only),YTH,208,13560,2,ROBLOX® MAKERS,1.5,1.5,1.5,1.5,,Rockville,15,15,0,0,,,,MTWRF 1300-1600 Science Center 350 Class,"TBA, TBA (primary)",,https://b9pubstu.glb.montgomerycollege.edu/StudentRegistrationSsb/ssb/searchResults/searchResults?txt_term=202710&startDatepicker=&endDatepicker=&uniqueSessionId=dgc1bf9c0670a1&pageOffset=500&pageMaxSize=500&sortColumn=subjectDescription&sortDirection=asc,2026-09-12T15:48:18.8530060+00:00,2026-09-12T17:17:29.3220800+00:00
montgomery,202710,Summer II 2026 (View Only),YTH,414,13435,1,CODE BREAKERS,1.25,1.25,1.25,1.25,,WDCE Virtual-Remote,5,2,0,0,,,,MTWRF 0930-1200 Distance Learning  Class,"TBA, TBA (primary)",,https://b9pubstu.glb.montgomerycollege.edu/StudentRegistrationSsb/ssb/searchResults/searchResults?txt_term=202710&startDatepicker=&endDatepicker=&uniqueSessionId=dgc1bf9c0670a1&pageOffset=500&pageMaxSize=500&sortColumn=subjectDescription&sortDirection=asc,2026-09-12T15:48:18.8530060+00:00,2026-09-12T17:17:29.3220800+00:00
montgomery,202710,Summer II 2026 (View Only),YTH,455,13289,1,DRAMA AND THEATER ARTS,1.5,1.5,1.5,1.5,,Rockville,15,7,0,0,,,,MTWRF 0900-1200 Humanities Building 133 Class,"TBA, TBA (primary)",,https://b9pubstu.glb.montgomerycollege.edu/StudentRegistrationSsb/ssb/searchResults/searchResults?txt_term=202710&startDatepicker=&endDatepicker=&uniqueSessionId=dgc1bf9c0670a1&pageOffset=500&pageMaxSize=500&sortColumn=subjectDescription&sortDirection=asc,2026-09-12T15:48:18.8530060+00:00,2026-09-12T17:17:29.3220800+00:00
montgomery,202710,Summer II 2026 (View Only),YTH,681,13567,2,SWEET CONFECTIONS,1.5,1.5,1.5,1.5,,Rockville,14,14,0,0,,,,MTWRF 1300-1600 Campus Center 170 Class,"Clemmons, Annie (primary)",,https://b9pubstu.glb.montgomerycollege.edu/StudentRegistrationSsb/ssb/searchResults/searchResults?txt_term=202710&startDatepicker=&endDatepicker=&uniqueSessionId=dgc1bf9c0670a1&pageOffset=500&pageMaxSize=500&sortColumn=subjectDescription&sortDirection=asc,2026-09-12T15:48:18.8530060+00:00,2026-09-12T17:17:29.3220800+00:00
montgomery,202710,Summer II 2026 (View Only),YTH,740,13574,2,THE POWER OF THE PUPPET,1.5,1.5,1.5,1.5,,Rockville,15,10,0,0,,,,MTWRF 1300-1600 Physical Education Ctr Rockv 114 Class,"Langholt, Alice (primary)",,https://b9pubstu.glb.montgomerycollege.edu/StudentRegistrationSsb/ssb/searchResults/searchResults?txt_term=202710&startDatepicker=&endDatepicker=&uniqueSessionId=dgc1bf9c0670a1&pageOffset=500&pageMaxSize=500&sortColumn=subjectDescription&sortDirection=asc,2026-09-12T15:48:18.8530060+00:00,2026-09-12T17:17:29.3220800+00:00
montgomery,202710,Summer II 2026 (View Only),YTH,798,13489,1,GROWTH MINDSET ADVENTURE: LEADERS WHO NEVER GIVE UP,3.0,3.0,3.0,3,,Rockville,15,15,0,0,,,,MTWRF 0900-1600 Science Center 363 Class,"TBA, TBA (primary)",,https://b9pubstu.glb.montgomerycollege.edu/StudentRegistrationSsb/ssb/searchResults/searchResults?txt_term=202710&startDatepicker=&endDatepicker=&uniqueSessionId=dgc1bf9c0670a1&pageOffset=500&pageMaxSize=500&sortColumn=subjectDescription&sortDirection=asc,2026-09-12T15:48:18.8530060+00:00,2026-09-12T17:17:29.3220800+00:00
montgomery,202720,Fall 2026,ADS,531,24734,1,WATERCOLOR: INTRODUCTION,2.5,2.5,2.5,2.5,,Rockville,16,16,0,0,,,,T 1900-2130 Gudelsky Inst for Tech Ed 121 Class,"Kim, Wanjin (primary)",,https://b9pubstu.glb.montgomerycollege.edu/StudentRegistrationSsb/ssb/searchResults/searchResults?txt_term=202720&startDatepicker=&endDatepicker=&uniqueSessionId=dg75a0ad8ae0d2&pageOffset=0&pageMaxSize=500&sortColumn=subjectDescription&sortDirection=asc,2026-09-12T15:46:37.0984800+00:00,2026-09-12T17:17:09.7068830+00:00
montgomery,202720,Fall 2026,ADS,609,24744,1,MACHINE QUILTING: INTRODUCTION,1.25,1.25,1.25,1.25,,WDCE Virtual-Remote,12,5,0,0,,,,M 1900-2130 Distance Learning  Class,"Middleton, Karen (primary)",,https://b9pubstu.glb.montgomerycollege.edu/StudentRegistrationSsb/ssb/searchResults/searchResults?txt_term=202720&startDatepicker=&endDatepicker=&uniqueSessionId=dg75a0ad8ae0d2&pageOffset=0&pageMaxSize=500&sortColumn=subjectDescription&sortDirection=asc,2026-09-12T15:46:37.0984800+00:00,2026-09-12T17:17:09.7068830+00:00
montgomery,202720,Fall 2026,ANTH,201,20685,401,INTRODUCTION TO SOCIOCULTURAL ANTHROPOLOGY,3.0,3.0,3.0,3,,Rockville,21,21,40,0,,,,MW 0900-1015 Humanities Building 222 Class,"Powell, Melissa (primary)",,https://b9pubstu.glb.montgomerycollege.edu/StudentRegistrationSsb/ssb/searchResults/searchResults?txt_term=202720&startDatepicker=&endDatepicker=&uniqueSessionId=dg75a0ad8ae0d2&pageOffset=0&pageMaxSize=500&sortColumn=subjectDescription&sortDirection=asc,2026-09-12T15:46:37.0984800+00:00,2026-09-12T17:17:09.7068830+00:00
montgomery,202720,Fall 2026,ARCH,101,22757,400,INTRODUCTION TO ARCHITECTURE & THE BUILT ENVIRONMENT,3.0,3.0,3.0,3,,Rockville,18,19,40,0,,,,MW 1300-1415 Technical Center 214 Class,"Newcomer, Brandon (primary)",,https://b9pubstu.glb.montgomerycollege.edu/StudentRegistrationSsb/ssb/searchResults/searchResults?txt_term=202720&startDatepicker=&endDatepicker=&uniqueSessionId=dg75a0ad8ae0d2&pageOffset=0&pageMaxSize=500&sortColumn=subjectDescription&sortDirection=asc,2026-09-12T15:46:37.0984800+00:00,2026-09-12T17:17:09.7068830+00:00
montgomery,202720,Fall 2026,ART,094,24905,1,PHOTOGRAPHIC EXPRESSION I,7.5,7.5,7.5,7.5,,Takoma Park/Silver Spring,2,1,0,0,S6,17,8,MW 1300-1540 Cafritz Foundation Arts Center 216 Class,"Ruano, Alzira (primary)",,https://b9pubstu.glb.montgomerycollege.edu/StudentRegistrationSsb/ssb/searchResults/searchResults?txt_term=202720&startDatepicker=&endDatepicker=&uniqueSessionId=dg75a0ad8ae0d2&pageOffset=0&pageMaxSize=500&sortColumn=subjectDescription&sortDirection=asc,2026-09-12T15:46:37.0984800+00:00,2026-09-12T17:17:09.7068830+00:00
montgomery,202720,Fall 2026,ARTT,127,21030,200,ART APPRECIATION,3.0,3.0,3.0,3,,Germantown,25,23,40,0,,,,TR 1100-1215 High Tech and Science Center 123 Class,"Carter, David (primary)",,https://b9pubstu.glb.montgomerycollege.edu/StudentRegistrationSsb/ssb/searchResults/searchResults?txt_term=202720&startDatepicker=&endDatepicker=&uniqueSessionId=dg75a0ad8ae0d2&pageOffset=0&pageMaxSize=500&sortColumn=subjectDescription&sortDirection=asc,2026-09-12T15:46:37.0984800+00:00,2026-09-12T17:17:09.7068830+00:00
montgomery,202720,Fall 2026,ASLP,110,21338,400,ASL II,3.0,3.0,3.0,3,,Rockville,17,17,40,0,,,,MW 1700-1830 Humanities Building 105 Class,"Halischak, Michael (primary)",,https://b9pubstu.glb.montgomerycollege.edu/StudentRegistrationSsb/ssb/searchResults/searchResults?txt_term=202720&startDatepicker=&endDatepicker=&uniqueSessionId=dg75a0ad8ae0d2&pageOffset=0&pageMaxSize=500&sortColumn=subjectDescription&sortDirection=asc,2026-09-12T15:46:37.0984800+00:00,2026-09-12T17:17:09.7068830+00:00
montgomery,202720,Fall 2026,BEHE,200,23838,400,GROUP DYNAMICS,3.0,3.0,3.0,3,,Rockville,24,14,40,0,,,,M 1000-1140 Physical Education Ctr Rockv 134 Class,"Solano, Anthony (primary)",,https://b9pubstu.glb.montgomerycollege.edu/StudentRegistrationSsb/ssb/searchResults/searchResults?txt_term=202720&startDatepicker=&endDatepicker=&uniqueSessionId=dg75a0ad8ae0d2&pageOffset=0&pageMaxSize=500&sortColumn=subjectDescription&sortDirection=asc,2026-09-12T15:46:37.0984800+00:00,2026-09-12T17:17:09.7068830+00:00
montgomery,202720,Fall 2026,BEHE,201,22565,3RA,FIELD EXPERIENCE IN BEHAVIORAL HEALTH,5.0,5.0,5.0,5,,Distance Learning,10,3,40,0,,,,R 1800-1940 Remote Classes  Class ; none - Distance Learning WEB Class,"Winffel, Norma (primary)",,https://b9pubstu.glb.montgomerycollege.edu/StudentRegistrationSsb/ssb/searchResults/searchResults?txt_term=202720&startDatepicker=&endDatepicker=&uniqueSessionId=dg75a0ad8ae0d2&pageOffset=0&pageMaxSize=500&sortColumn=subjectDescription&sortDirection=asc,2026-09-12T15:46:37.0984800+00:00,2026-09-12T17:17:09.7068830+00:00
montgomery,202720,Fall 2026,BIOL,101,22076,401,GENERAL BIOLOGY,4.0,4.0,4.0,4,,Rockville,24,20,10,0,,,,TR 0900-0950 Science Center 126 Class,"Gaber, Amina (primary)",,https://b9pubstu.glb.montgomerycollege.edu/StudentRegistrationSsb/ssb/searchResults/searchResults?txt_term=202720&startDatepicker=&endDatepicker=&uniqueSessionId=dg75a0ad8ae0d2&pageOffset=0&pageMaxSize=500&sortColumn=subjectDescription&sortDirection=asc,2026-09-12T15:46:37.0984800+00:00,2026-09-12T17:17:09.7068830+00:00
montgomery,202720,Fall 2026,BIOL,150,23298,008,PRINCIPLES OF BIOLOGY I,4.0,4.0,4.0,4,,Takoma Park/Silver Spring,24,20,10,0,,,,TR 0930-1045 Catherine F. Scott Commons 114 Class,"Nunez, Ivette (primary)",,https://b9pubstu.glb.montgomerycollege.edu/StudentRegistrationSsb/ssb/searchResults/searchResults?txt_term=202720&startDatepicker=&endDatepicker=&uniqueSessionId=dg75a0ad8ae0d2&pageOffset=500&pageMaxSize=500&sortColumn=subjectDescription&sortDirection=asc,2026-09-12T15:46:45.4931080+00:00,2026-09-12T17:17:09.7068830+00:00
montgomery,202720,Fall 2026,BIOL,150L,21587,420,PRINCIPLES OF BIOLOGY I,0.0,0.0,0.0,0,,Rockville,24,24,10,0,,,,S 1140-1425 Science Center 211 Class,"Chowdhury, Akhter (primary)",,https://b9pubstu.glb.montgomerycollege.edu/StudentRegistrationSsb/ssb/searchResults/searchResults?txt_term=202720&startDatepicker=&endDatepicker=&uniqueSessionId=dg75a0ad8ae0d2&pageOffset=500&pageMaxSize=500&sortColumn=subjectDescription&sortDirection=asc,2026-09-12T15:46:45.4931080+00:00,2026-09-12T17:17:09.7068830+00:00
montgomery,202720,Fall 2026,BIOL,151L,21928,0HA,PRINCIPLES OF BIOLOGY II,0.0,0.0,0.0,0,,Takoma Park/Silver Spring,21,17,10,0,6O,22,18,R 1100-1340 Leggett Math & Science 109 Class,"De La Carrera, Bridget (primary)",,https://b9pubstu.glb.montgomerycollege.edu/StudentRegistrationSsb/ssb/searchResults/searchResults?txt_term=202720&startDatepicker=&endDatepicker=&uniqueSessionId=dg75a0ad8ae0d2&pageOffset=500&pageMaxSize=500&sortColumn=subjectDescription&sortDirection=asc,2026-09-12T15:46:45.4931080+00:00,2026-09-12T17:17:09.7068830+00:00
montgomery,202720,Fall 2026,BIOL,210,21606,414,MICROBIOLOGY,4.0,4.0,4.0,4,,Rockville,18,17,10,0,,,,TR 0900-0950 Science Center West 202 Class,"White, Douglas (primary)",,https://b9pubstu.glb.montgomerycollege.edu/StudentRegistrationSsb/ssb/searchResults/searchResults?txt_term=202720&startDatepicker=&endDatepicker=&uniqueSessionId=dg75a0ad8ae0d2&pageOffset=500&pageMaxSize=500&sortColumn=subjectDescription&sortDirection=asc,2026-09-12T15:46:45.4931080+00:00,2026-09-12T17:17:09.7068830+00:00
montgomery,202720,Fall 2026,BIOL,213,20925,403,HUMAN ANATOMY & PHYSIOLOGY II,4.0,4.0,4.0,4,,Rockville,24,24,10,0,,,,TR 1300-1350 Science Center 126 Class,"Ahmed, Mohammad (primary)",,https://b9pubstu.glb.montgomerycollege.edu/StudentRegistrationSsb/ssb/searchResults/searchResults?txt_term=202720&startDatepicker=&endDatepicker=&uniqueSessionId=dg75a0ad8ae0d2&pageOffset=500&pageMaxSize=500&sortColumn=subjectDescription&sortDirection=asc,2026-09-12T15:46:45.4931080+00:00,2026-09-12T17:17:09.7068830+00:00
montgomery,202720,Fall 2026,CCJS,110,23279,402,ADMINISTRATION OF JUSTICE,3.0,3.0,3.0,3,,Rockville,30,23,40,0,,,,TR 1400-1530 Humanities Building 011 Class,"Freeman-Reiter, Cassandra (primary)",,https://b9pubstu.glb.montgomerycollege.edu/StudentRegistrationSsb/ssb/searchResults/searchResults?txt_term=202720&startDatepicker=&endDatepicker=&uniqueSessionId=dg75a0ad8ae0d2&pageOffset=500&pageMaxSize=500&sortColumn=subjectDescription&sortDirection=asc,2026-09-12T15:46:45.4931080+00:00,2026-09-12T17:17:09.7068830+00:00
montgomery,202720,Fall 2026,CHEM,031,22241,402,PRINCIPLES OF CHEMISTRY I EXPLORATION,2.0,2.0,2.0,2,,Rockville,24,24,10,0,,,,TR 1400-1450 Science Center West 316 Class,"Barry, Lucas (primary)",,https://b9pubstu.glb.montgomerycollege.edu/StudentRegistrationSsb/ssb/searchResults/searchResults?txt_term=202720&startDatepicker=&endDatepicker=&uniqueSessionId=dg75a0ad8ae0d2&pageOffset=500&pageMaxSize=500&sortColumn=subjectDescription&sortDirection=asc,2026-09-12T15:46:45.4931080+00:00,2026-09-12T17:17:09.7068830+00:00
montgomery,202720,Fall 2026,CHEM,132L,20759,404,PRINCIPLES OF CHEMISTRY II,0.0,0.0,0.0,0,,Rockville,24,24,10,0,,,,W 1925-2205 Science Center 303 Class,"Malihi Basmanj, Farrokh (primary)",,https://b9pubstu.glb.montgomerycollege.edu/StudentRegistrationSsb/ssb/searchResults/searchResults?txt_term=202720&startDatepicker=&endDatepicker=&uniqueSessionId=dg75a0ad8ae0d2&pageOffset=1000&pageMaxSize=500&sortColumn=subjectDescription&sortDirection=asc,2026-09-12T15:46:54.7079890+00:00,2026-09-12T17:17:09.7068830+00:00
montgomery,202720,Fall 2026,CHEM,204DH,24007,400,ORGANIC CHEMISTRY II-HONORS,0.0,0.0,0.0,0,,Rockville,2,1,10,0,,,,T 1100-1150 Science Center West 303 Class,"Ndonye, Rachel (primary)",,https://b9pubstu.glb.montgomerycollege.edu/StudentRegistrationSsb/ssb/searchResults/searchResults?txt_term=202720&startDatepicker=&endDatepicker=&uniqueSessionId=dg75a0ad8ae0d2&pageOffset=1000&pageMaxSize=500&sortColumn=subjectDescription&sortDirection=asc,2026-09-12T15:46:54.7079890+00:00,2026-09-12T17:17:09.7068830+00:00
montgomery,202720,Fall 2026,CMSC,135,21563,200,INTRODUCTION TO SCRIPTING,3.0,3.0,3.0,3,,Germantown,24,22,40,0,,,,R 1830-2110 High Tech and Science Center 203 Class,"Hajjar, Philippe (primary)",,https://b9pubstu.glb.montgomerycollege.edu/StudentRegistrationSsb/ssb/searchResults/searchResults?txt_term=202720&startDatepicker=&endDatepicker=&uniqueSessionId=dg75a0ad8ae0d2&pageOffset=1000&pageMaxSize=500&sortColumn=subjectDescription&sortDirection=asc,2026-09-12T15:46:54.7079890+00:00,2026-09-12T17:17:09.7068830+00:00
montgomery,202720,Fall 2026,CMSC,135,21704,202,INTRODUCTION TO SCRIPTING,3.0,3.0,3.0,3,,Germantown,24,24,40,0,,,,MW 1100-1215 High Tech and Science Center 137 Class,"Pacesova, Michaela (primary)",,https://b9pubstu.glb.montgomerycollege.edu/StudentRegistrationSsb/ssb/searchResults/searchResults?txt_term=202720&startDatepicker=&endDatepicker=&uniqueSessionId=dg75a0ad8ae0d2&pageOffset=1000&pageMaxSize=500&sortColumn=subjectDescription&sortDirection=asc,2026-09-12T15:46:54.7079890+00:00,2026-09-12T17:17:09.7068830+00:00
montgomery,202720,Fall 2026,CMSC,135,23221,3GC,INTRODUCTION TO SCRIPTING,3.0,3.0,3.0,3,,Distance Learning,25,23,40,0,,,,T 1830-2110 Remote Classes  Class,"Shah, Ashish (primary)",,https://b9pubstu.glb.montgomerycollege.edu/StudentRegistrationSsb/ssb/searchResults/searchResults?txt_term=202720&startDatepicker=&endDatepicker=&uniqueSessionId=dg75a0ad8ae0d2&pageOffset=1000&pageMaxSize=500&sortColumn=subjectDescription&sortDirection=asc,2026-09-12T15:46:54.7079890+00:00,2026-09-12T17:17:09.7068830+00:00
montgomery,202720,Fall 2026,CMSC,140,21306,403,INTRODUCTION TO PROGRAMMING,3.0,3.0,3.0,3,,Rockville,24,8,40,0,,,,TR 1530-1645 Science Center 450 Class,"Aygun, Huseyin (primary)",,https://b9pubstu.glb.montgomerycollege.edu/StudentRegistrationSsb/ssb/searchResults/searchResults?txt_term=202720&startDatepicker=&endDatepicker=&uniqueSessionId=dg75a0ad8ae0d2&pageOffset=1000&pageMaxSize=500&sortColumn=subjectDescription&sortDirection=asc,2026-09-12T15:46:54.7079890+00:00,2026-09-12T17:17:09.7068830+00:00
montgomery,202720,Fall 2026,CMSC,140,21629,411,INTRODUCTION TO PROGRAMMING,3.0,3.0,3.0,3,,Rockville,24,24,40,0,,,,S 0900-1145 Science Center 450 Class,"Chen, I-Chen Ethan (primary)",,https://b9pubstu.glb.montgomerycollege.edu/StudentRegistrationSsb/ssb/searchResults/searchResults?txt_term=202720&startDatepicker=&endDatepicker=&uniqueSessionId=dg75a0ad8ae0d2&pageOffset=1000&pageMaxSize=500&sortColumn=subjectDescription&sortDirection=asc,2026-09-12T15:46:54.7079890+00:00,2026-09-12T17:17:09.7068830+00:00
montgomery,202720,Fall 2026,CMSC,243,23201,3TA,SYSTEMS ANALYSIS & DESIGN,3.0,3.0,3.0,3,,Distance Learning,25,25,40,0,,,,M 1830-2110 Remote Classes  Class,"Shah, Ashish (primary)",,https://b9pubstu.glb.montgomerycollege.edu/StudentRegistrationSsb/ssb/searchResults/searchResults?txt_term=202720&startDatepicker=&endDatepicker=&uniqueSessionId=dg75a0ad8ae0d2&pageOffset=1000&pageMaxSize=500&sortColumn=subjectDescription&sortDirection=asc,2026-09-12T15:46:54.7079890+00:00,2026-09-12T17:17:09.7068830+00:00
montgomery,202720,Fall 2026,COMM,108,20096,007,FOUNDATIONS OF HUMAN COMMUNICATION,3.0,3.0,3.0,3,,Takoma Park/Silver Spring,22,22,40,0,,,,TR 1100-1215 Resource Center 203 Class,"Hourigan, Taylor (primary)",,https://b9pubstu.glb.montgomerycollege.edu/StudentRegistrationSsb/ssb/searchResults/searchResults?txt_term=202720&startDatepicker=&endDatepicker=&uniqueSessionId=dg75a0ad8ae0d2&pageOffset=1000&pageMaxSize=500&sortColumn=subjectDescription&sortDirection=asc,2026-09-12T15:46:54.7079890+00:00,2026-09-12T17:17:09.7068830+00:00
montgomery,202720,Fall 2026,COMM,108,20387,3RD,FOUNDATIONS OF HUMAN COMMUNICATION,3.0,3.0,3.0,3,,Distance Learning,23,22,40,0,,,,TR 1400-1515 Remote Classes  Class,"Cherry, Dianne (primary)",,https://b9pubstu.glb.montgomerycollege.edu/StudentRegistrationSsb/ssb/searchResults/searchResults?txt_term=202720&startDatepicker=&endDatepicker=&uniqueSessionId=dg75a0ad8ae0d2&pageOffset=1000&pageMaxSize=500&sortColumn=subjectDescription&sortDirection=asc,2026-09-12T15:46:54.7079890+00:00,2026-09-12T17:17:09.7068830+00:00
montgomery,202720,Fall 2026,COMM,108,20959,211,FOUNDATIONS OF HUMAN COMMUNICATION,3.0,3.0,3.0,3,,Germantown,23,23,40,0,,,,MWF 1000-1050 High Tech and Science Center 404 Class,"Johnson, Aaron (primary)",,https://b9pubstu.glb.montgomerycollege.edu/StudentRegistrationSsb/ssb/searchResults/searchResults?txt_term=202720&startDatepicker=&endDatepicker=&uniqueSessionId=dg75a0ad8ae0d2&pageOffset=1000&pageMaxSize=500&sortColumn=subjectDescription&sortDirection=asc,2026-09-12T15:46:54.7079890+00:00,2026-09-12T17:17:09.7068830+00:00
montgomery,202720,Fall 2026,COS,034,24436,1,Ethics and Professional Standards in Cosmetology,0.2,0.2,0.2,0.2,,WDCE Virtual-Remote,25,25,0,0,,,,R 1730-1930 Distance Learning  Class,"Carter, Gabrielle (primary)",,https://b9pubstu.glb.montgomerycollege.edu/StudentRegistrationSsb/ssb/searchResults/searchResults?txt_term=202720&startDatepicker=&endDatepicker=&uniqueSessionId=dg75a0ad8ae0d2&pageOffset=1000&pageMaxSize=500&sortColumn=subjectDescription&sortDirection=asc,2026-09-12T15:46:54.7079890+00:00,2026-09-12T17:17:09.7068830+00:00
montgomery,202720,Fall 2026,ENEE,140,21048,401,INTRODUCTION TO PROGRAMMING CONCEPTS FOR ENGINEERS,2.0,2.0,2.0,2,,Rockville,18,17,40,0,,,,MW 1300-1350 Science Center 424 Class,"Warnecke, Brian (primary)",,https://b9pubstu.glb.montgomerycollege.edu/StudentRegistrationSsb/ssb/searchResults/searchResults?txt_term=202720&startDatepicker=&endDatepicker=&uniqueSessionId=dg75a0ad8ae0d2&pageOffset=1500&pageMaxSize=500&sortColumn=subjectDescription&sortDirection=asc,2026-09-12T15:47:03.3507070+00:00,2026-09-12T17:17:09.7068830+00:00
montgomery,202720,Fall 2026,ENGL,011,22031,441,INTRODUCTION TO COLLEGE WRITING SUPPORT,2.0,2.0,2.0,2,,Rockville,19,18,40,0,,,,TR 1200-1250 Nguyen&Duong Student Svcs Ctr 222 Class,"Rindler, Mercia (primary)",,https://b9pubstu.glb.montgomerycollege.edu/StudentRegistrationSsb/ssb/searchResults/searchResults?txt_term=202720&startDatepicker=&endDatepicker=&uniqueSessionId=dg75a0ad8ae0d2&pageOffset=1500&pageMaxSize=500&sortColumn=subjectDescription&sortDirection=asc,2026-09-12T15:47:03.3507070+00:00,2026-09-12T17:17:09.7068830+00:00
montgomery,202720,Fall 2026,ENGL,011,22061,ZGC,INTRODUCTION TO COLLEGE WRITING SUPPORT,2.0,2.0,2.0,2,,Distance Learning,22,22,40,4,,,,MW 1200-1300 Remote Classes  Class,"Gladson, Stephen (primary)",,https://b9pubstu.glb.montgomerycollege.edu/StudentRegistrationSsb/ssb/searchResults/searchResults?txt_term=202720&startDatepicker=&endDatepicker=&uniqueSessionId=dg75a0ad8ae0d2&pageOffset=1500&pageMaxSize=500&sortColumn=subjectDescription&sortDirection=asc,2026-09-12T15:47:03.3507070+00:00,2026-09-12T17:17:09.7068830+00:00
montgomery,202720,Fall 2026,ENGL,011,22954,015,INTRODUCTION TO COLLEGE WRITING SUPPORT,2.0,2.0,2.0,2,,Takoma Park/Silver Spring,20,20,40,0,,,,TR 1830-1930 Pavilion Three 212 Class,"Ayafor, Isaiah (primary)",,https://b9pubstu.glb.montgomerycollege.edu/StudentRegistrationSsb/ssb/searchResults/searchResults?txt_term=202720&startDatepicker=&endDatepicker=&uniqueSessionId=dg75a0ad8ae0d2&pageOffset=1500&pageMaxSize=500&sortColumn=subjectDescription&sortDirection=asc,2026-09-12T15:47:03.3507070+00:00,2026-09-12T17:17:09.7068830+00:00
montgomery,202720,Fall 2026,ENGL,011,22995,453,INTRODUCTION TO COLLEGE WRITING SUPPORT,2.0,2.0,2.0,2,,Rockville,22,22,40,0,,,,MW 1130-1230 Computer Science 018 Class,"Schwartz-McKinzie, Esther (primary)",,https://b9pubstu.glb.montgomerycollege.edu/StudentRegistrationSsb/ssb/searchResults/searchResults?txt_term=202720&startDatepicker=&endDatepicker=&uniqueSessionId=dg75a0ad8ae0d2&pageOffset=1500&pageMaxSize=500&sortColumn=subjectDescription&sortDirection=asc,2026-09-12T15:47:03.3507070+00:00,2026-09-12T17:17:09.7068830+00:00
montgomery,202720,Fall 2026,ENGL,101,20333,011,INTRODUCTION TO COLLEGE WRITING,3.0,3.0,3.0,3,,Takoma Park/Silver Spring,22,21,40,0,,,,T 1155-1310 Catherine F. Scott Commons 216 Class ; R 1155-1310 Pavilion Three 212 Class,"Atkins Baxter, Shayla (primary)",,https://b9pubstu.glb.montgomerycollege.edu/StudentRegistrationSsb/ssb/searchResults/searchResults?txt_term=202720&startDatepicker=&endDatepicker=&uniqueSessionId=dg75a0ad8ae0d2&pageOffset=1500&pageMaxSize=500&sortColumn=subjectDescription&sortDirection=asc,2026-09-12T15:47:03.3507070+00:00,2026-09-12T17:17:09.7068830+00:00
montgomery,202720,Fall 2026,ENGL,101,22044,442,INTRODUCTION TO COLLEGE WRITING,3.0,3.0,3.0,3,,Rockville,22,21,40,0,,,,MWF 1240-1330 Science Center 450 Class,"Gader-Shafran, Rachel (primary)",,https://b9pubstu.glb.montgomerycollege.edu/StudentRegistrationSsb/ssb/searchResults/searchResults?txt_term=202720&startDatepicker=&endDatepicker=&uniqueSessionId=dg75a0ad8ae0d2&pageOffset=1500&pageMaxSize=500&sortColumn=subjectDescription&sortDirection=asc,2026-09-12T15:47:03.3507070+00:00,2026-09-12T17:17:09.7068830+00:00
montgomery,202720,Fall 2026,ENGL,101,22064,201,INTRODUCTION TO COLLEGE WRITING,3.0,3.0,3.0,3,,Germantown,22,22,40,1,,,,TR 1005-1135 Peck Academic & Innovatn Bldg 180 Class,"Smith, Katherine (primary)",,https://b9pubstu.glb.montgomerycollege.edu/StudentRegistrationSsb/ssb/searchResults/searchResults?txt_term=202720&startDatepicker=&endDatepicker=&uniqueSessionId=dg75a0ad8ae0d2&pageOffset=1500&pageMaxSize=500&sortColumn=subjectDescription&sortDirection=asc,2026-09-12T15:47:03.3507070+00:00,2026-09-12T17:17:09.7068830+00:00
montgomery,202720,Fall 2026,ENGL,101,22072,215,INTRODUCTION TO COLLEGE WRITING,3.0,3.0,3.0,3,,Germantown,22,22,40,0,,,,MWF 1020-1210 Humanities and Social Sciences 203 Class,,,https://b9pubstu.glb.montgomerycollege.edu/StudentRegistrationSsb/ssb/searchResults/searchResults?txt_term=202720&startDatepicker=&endDatepicker=&uniqueSessionId=dg75a0ad8ae0d2&pageOffset=1500&pageMaxSize=500&sortColumn=subjectDescription&sortDirection=asc,2026-09-12T15:47:03.3507070+00:00,2026-09-12T17:17:09.7068830+00:00
montgomery,202720,Fall 2026,ENGL,101,22420,437,INTRODUCTION TO COLLEGE WRITING,3.0,3.0,3.0,3,,Rockville,19,17,40,0,,,,MW 1925-2040 Humanities Building 302 Class,"Delaney, Mary (primary)",,https://b9pubstu.glb.montgomerycollege.edu/StudentRegistrationSsb/ssb/searchResults/searchResults?txt_term=202720&startDatepicker=&endDatepicker=&uniqueSessionId=dg75a0ad8ae0d2&pageOffset=1500&pageMaxSize=500&sortColumn=subjectDescription&sortDirection=asc,2026-09-12T15:47:03.3507070+00:00,2026-09-12T17:17:09.7068830+00:00
montgomery,202720,Fall 2026,ENGL,101,23117,0HB,INTRODUCTION TO COLLEGE WRITING,3.0,3.0,3.0,3,,Takoma Park/Silver Spring,22,22,40,0,,,,TR 1300-1415 Nunley Student Services Ctr 329 Class,"Joppy, Kia (primary)",,https://b9pubstu.glb.montgomerycollege.edu/StudentRegistrationSsb/ssb/searchResults/searchResults?txt_term=202720&startDatepicker=&endDatepicker=&uniqueSessionId=dg75a0ad8ae0d2&pageOffset=1500&pageMaxSize=500&sortColumn=subjectDescription&sortDirection=asc,2026-09-12T15:47:03.3507070+00:00,2026-09-12T17:17:09.7068830+00:00
montgomery,202720,Fall 2026,ENGL,101,23271,410,INTRODUCTION TO COLLEGE WRITING,3.0,3.0,3.0,3,,Rockville,19,19,40,1,,,,TR 1905-2035 Humanities Building 302 Class,"McManus, Kimberly (primary)",,https://b9pubstu.glb.montgomerycollege.edu/StudentRegistrationSsb/ssb/searchResults/searchResults?txt_term=202720&startDatepicker=&endDatepicker=&uniqueSessionId=dg75a0ad8ae0d2&pageOffset=1500&pageMaxSize=500&sortColumn=subjectDescription&sortDirection=asc,2026-09-12T15:47:03.3507070+00:00,2026-09-12T17:17:09.7068830+00:00
montgomery,202720,Fall 2026,ENGL,101,23660,ZRB,INTRODUCTION TO COLLEGE WRITING,3.0,3.0,3.0,3,,Distance Learning,22,22,40,18,,,,none - Distance Learning WEB Class,"Brigman, Helana (primary)",,https://b9pubstu.glb.montgomerycollege.edu/StudentRegistrationSsb/ssb/searchResults/searchResults?txt_term=202720&startDatepicker=&endDatepicker=&uniqueSessionId=dg75a0ad8ae0d2&pageOffset=2000&pageMaxSize=500&sortColumn=subjectDescription&sortDirection=asc,2026-09-12T15:47:13.2175670+00:00,2026-09-12T17:17:09.7068830+00:00
montgomery,202720,Fall 2026,ENGL,102,20229,436,"CRITICAL READING,WRITING, & RESEARCH",3.0,3.0,3.0,3,,Rockville,22,22,40,0,,,,TR 0930-1045 Humanities Building 206 Class,"Hailegebriel, Mesfin",,https://b9pubstu.glb.montgomerycollege.edu/StudentRegistrationSsb/ssb/searchResults/searchResults?txt_term=202720&startDatepicker=&endDatepicker=&uniqueSessionId=dg75a0ad8ae0d2&pageOffset=2000&pageMaxSize=500&sortColumn=subjectDescription&sortDirection=asc,2026-09-12T15:47:13.2175670+00:00,2026-09-12T17:17:09.7068830+00:00
montgomery,202720,Fall 2026,ENGL,102,21211,3GI,"CRITICAL READING,WRITING, & RESEARCH",3.0,3.0,3.0,3,,Distance Learning,22,22,40,0,,,,T 1900-2140 Remote Classes  Class,"Robinson, Mary (primary)",,https://b9pubstu.glb.montgomerycollege.edu/StudentRegistrationSsb/ssb/searchResults/searchResults?txt_term=202720&startDatepicker=&endDatepicker=&uniqueSessionId=dg75a0ad8ae0d2&pageOffset=2000&pageMaxSize=500&sortColumn=subjectDescription&sortDirection=asc,2026-09-12T15:47:13.2175670+00:00,2026-09-12T17:17:09.7068830+00:00
montgomery,202720,Fall 2026,ENGL,102,22594,ZRD,"CRITICAL READING,WRITING, & RESEARCH",3.0,3.0,3.0,3,,Distance Learning,20,19,40,3,,,,none - Distance Learning WEB Class,"Mazzeo, Kelly (primary)",,https://b9pubstu.glb.montgomerycollege.edu/StudentRegistrationSsb/ssb/searchResults/searchResults?txt_term=202720&startDatepicker=&endDatepicker=&uniqueSessionId=dg75a0ad8ae0d2&pageOffset=2000&pageMaxSize=500&sortColumn=subjectDescription&sortDirection=asc,2026-09-12T15:47:13.2175670+00:00,2026-09-12T17:17:09.7068830+00:00
montgomery,202720,Fall 2026,FREN,101,21361,413,ELEMENTARY FRENCH I,3.0,3.0,3.0,3,,Rockville,20,20,40,0,,,,W 1300-1430 South Campus Instruction Bldg 117 Class ; none - Distance Learning WEB Class,"Tanner, Valerie (primary)",,https://b9pubstu.glb.montgomerycollege.edu/StudentRegistrationSsb/ssb/searchResults/searchResults?txt_term=202720&startDatepicker=&endDatepicker=&uniqueSessionId=dg75a0ad8ae0d2&pageOffset=2000&pageMaxSize=500&sortColumn=subjectDescription&sortDirection=asc,2026-09-12T15:47:13.2175670+00:00,2026-09-12T17:17:09.7068830+00:00
montgomery,202720,Fall 2026,GDES,116,20548,403,DIGITAL TOOLS FOR THE VISUAL ARTS,4.0,4.0,4.0,4,,Rockville,20,20,40,0,,,,S 0800-1325 Technical Center 148 Class,"Boone, Shannon (primary)",,https://b9pubstu.glb.montgomerycollege.edu/StudentRegistrationSsb/ssb/searchResults/searchResults?txt_term=202720&startDatepicker=&endDatepicker=&uniqueSessionId=dg75a0ad8ae0d2&pageOffset=2000&pageMaxSize=500&sortColumn=subjectDescription&sortDirection=asc,2026-09-12T15:47:13.2175670+00:00,2026-09-12T17:17:09.7068830+00:00
montgomery,202720,Fall 2026,GDES,234L,20562,ZRA,ILLUSTRATION III,0.0,0.0,0.0,0,,Distance Learning,10,3,40,0,,,,MW 1525-1640 Remote Classes  Class ; none - Distance Learning WEB Class,"Tillman, Bryan (primary)",,https://b9pubstu.glb.montgomerycollege.edu/StudentRegistrationSsb/ssb/searchResults/searchResults?txt_term=202720&startDatepicker=&endDatepicker=&uniqueSessionId=dg75a0ad8ae0d2&pageOffset=2000&pageMaxSize=500&sortColumn=subjectDescription&sortDirection=asc,2026-09-12T15:47:13.2175670+00:00,2026-09-12T17:17:09.7068830+00:00
montgomery,202720,Fall 2026,HINM,115,23688,3TK,MEDICAL TERMINOLOGY I,2.0,2.0,2.0,2,,Distance Learning,25,25,40,27,,,,none - Distance Learning WEB Class,"Campbell, Lisa (primary)",,https://b9pubstu.glb.montgomerycollege.edu/StudentRegistrationSsb/ssb/searchResults/searchResults?txt_term=202720&startDatepicker=&endDatepicker=&uniqueSessionId=dg75a0ad8ae0d2&pageOffset=2000&pageMaxSize=500&sortColumn=subjectDescription&sortDirection=asc,2026-09-12T15:47:13.2175670+00:00,2026-09-12T17:17:09.7068830+00:00
montgomery,202720,Fall 2026,HINM,116,21756,3TD,MEDICAL TERMINOLOGY II,2.0,2.0,2.0,2,,Distance Learning,25,25,40,4,,,,none - Distance Learning WEB Class,"Hoover, Michelle (primary)",,https://b9pubstu.glb.montgomerycollege.edu/StudentRegistrationSsb/ssb/searchResults/searchResults?txt_term=202720&startDatepicker=&endDatepicker=&uniqueSessionId=dg75a0ad8ae0d2&pageOffset=2000&pageMaxSize=500&sortColumn=subjectDescription&sortDirection=asc,2026-09-12T15:47:13.2175670+00:00,2026-09-12T17:17:09.7068830+00:00
montgomery,202720,Fall 2026,HINM,144L,21517,3TB,"HEALTH DATA CONTENT, STRUCTURE, & STANDARDS",0.0,0.0,0.0,0,,Distance Learning,20,6,0,0,,,,none - Distance Learning WEB Class,"Montue, Savonne (primary)",,https://b9pubstu.glb.montgomerycollege.edu/StudentRegistrationSsb/ssb/searchResults/searchResults?txt_term=202720&startDatepicker=&endDatepicker=&uniqueSessionId=dg75a0ad8ae0d2&pageOffset=2000&pageMaxSize=500&sortColumn=subjectDescription&sortDirection=asc,2026-09-12T15:47:13.2175670+00:00,2026-09-12T17:17:09.7068830+00:00
montgomery,202720,Fall 2026,HINM,200,20610,3TA,PROFESSIONAL PRACTICE EXPERIENCE I,1.0,1.0,1.0,1,,Distance Learning,20,19,0,0,,,,none - Distance Learning WEB Class ; none - Remote Classes  Class,"Montue, Savonne (primary)",,https://b9pubstu.glb.montgomerycollege.edu/StudentRegistrationSsb/ssb/searchResults/searchResults?txt_term=202720&startDatepicker=&endDatepicker=&uniqueSessionId=dg75a0ad8ae0d2&pageOffset=2000&pageMaxSize=500&sortColumn=subjectDescription&sortDirection=asc,2026-09-12T15:47:13.2175670+00:00,2026-09-12T17:17:09.7068830+00:00
montgomery,202720,Fall 2026,HIST,200,22687,3GB,HISTORY OF THE US-COLONIAL TIMES TO 1865,3.0,3.0,3.0,3,,Distance Learning,25,24,40,0,,,,MW 1800-1930 Remote Classes  Class,"Kazemi, Arash (primary)",,https://b9pubstu.glb.montgomerycollege.edu/StudentRegistrationSsb/ssb/searchResults/searchResults?txt_term=202720&startDatepicker=&endDatepicker=&uniqueSessionId=dg75a0ad8ae0d2&pageOffset=2000&pageMaxSize=500&sortColumn=subjectDescription&sortDirection=asc,2026-09-12T15:47:13.2175670+00:00,2026-09-12T17:17:09.7068830+00:00
montgomery,202720,Fall 2026,HIST,200,23459,4HA,HISTORY OF THE US-COLONIAL TIMES TO 1865,3.0,3.0,3.0,3,,Rockville,25,24,40,0,,,,MW 1400-1515 Humanities Building 131 Class,"Moran, Michelle (primary)",,https://b9pubstu.glb.montgomerycollege.edu/StudentRegistrationSsb/ssb/searchResults/searchResults?txt_term=202720&startDatepicker=&endDatepicker=&uniqueSessionId=dg75a0ad8ae0d2&pageOffset=2000&pageMaxSize=500&sortColumn=subjectDescription&sortDirection=asc,2026-09-12T15:47:13.2175670+00:00,2026-09-12T17:17:09.7068830+00:00
montgomery,202720,Fall 2026,IDES,101L,20371,3RA,INTERIOR DESIGN I,0.0,0.0,0.0,0,,Distance Learning,15,14,40,0,,,,TR 1900-2040 Remote Classes  Class,"Joyner, Shekesia (primary)",,https://b9pubstu.glb.montgomerycollege.edu/StudentRegistrationSsb/ssb/searchResults/searchResults?txt_term=202720&startDatepicker=&endDatepicker=&uniqueSessionId=dg75a0ad8ae0d2&pageOffset=2500&pageMaxSize=500&sortColumn=subjectDescription&sortDirection=asc,2026-09-12T15:47:23.1000400+00:00,2026-09-12T17:17:09.7068830+00:00
montgomery,202720,Fall 2026,ITI,441,24454,1,NETWORKING FUNDAMENTALS,1.8,1.8,1.8,1.8,,Rockville,15,14,0,0,,,,TR 1830-2130 Gudelsky Inst for Tech Ed 233 Class,"Chintha, Samuel (primary) ; Kim, Sue",,https://b9pubstu.glb.montgomerycollege.edu/StudentRegistrationSsb/ssb/searchResults/searchResults?txt_term=202720&startDatepicker=&endDatepicker=&uniqueSessionId=dg75a0ad8ae0d2&pageOffset=2500&pageMaxSize=500&sortColumn=subjectDescription&sortDirection=asc,2026-09-12T15:47:23.1000400+00:00,2026-09-12T17:17:09.7068830+00:00
montgomery,202720,Fall 2026,ITI,494,24460,1,Microsoft Word and Excel Foundations,1.8,1.8,1.8,1.8,,Takoma Park/Silver Spring,15,1,0,0,,,,MW 1830-2130 Cafritz Foundation Arts Center 236 Class,"Borrelli, Vincent (primary)",,https://b9pubstu.glb.montgomerycollege.edu/StudentRegistrationSsb/ssb/searchResults/searchResults?txt_term=202720&startDatepicker=&endDatepicker=&uniqueSessionId=dg75a0ad8ae0d2&pageOffset=2500&pageMaxSize=500&sortColumn=subjectDescription&sortDirection=asc,2026-09-12T15:47:23.1000400+00:00,2026-09-12T17:17:09.7068830+00:00
montgomery,202720,Fall 2026,KORA,101,21263,402,ELEMENTARY KOREAN I,3.0,3.0,3.0,3,,Rockville,21,16,40,0,A5,22,17,MW 1200-1315 South Campus Instruction Bldg 213 Class,"Choi, Jin (primary)",,https://b9pubstu.glb.montgomerycollege.edu/StudentRegistrationSsb/ssb/searchResults/searchResults?txt_term=202720&startDatepicker=&endDatepicker=&uniqueSessionId=dg75a0ad8ae0d2&pageOffset=2500&pageMaxSize=500&sortColumn=subjectDescription&sortDirection=asc,2026-09-12T15:47:23.1000400+00:00,2026-09-12T17:17:09.7068830+00:00
montgomery,202720,Fall 2026,LLI,470,24247,1,Amazing Photos With Your DSLR Camera,1.0,1.0,1.0,1,,Rockville,15,11,0,0,,,,R 1800-2000 Mannakee Building 104 Class,"Koren, Michael (primary)",,https://b9pubstu.glb.montgomerycollege.edu/StudentRegistrationSsb/ssb/searchResults/searchResults?txt_term=202720&startDatepicker=&endDatepicker=&uniqueSessionId=dg75a0ad8ae0d2&pageOffset=2500&pageMaxSize=500&sortColumn=subjectDescription&sortDirection=asc,2026-09-12T15:47:23.1000400+00:00,2026-09-12T17:17:09.7068830+00:00
montgomery,202720,Fall 2026,LLP,336,24203,1,The Art of Shading: Foundations of Shading Techniques,1.4,1.4,1.4,1.4,,Takoma Park/Silver Spring,15,6,0,0,,,,W 1500-1700 Cultural Arts Center 201 Class,"Schreib, Lauren (primary)",,https://b9pubstu.glb.montgomerycollege.edu/StudentRegistrationSsb/ssb/searchResults/searchResults?txt_term=202720&startDatepicker=&endDatepicker=&uniqueSessionId=dg75a0ad8ae0d2&pageOffset=2500&pageMaxSize=500&sortColumn=subjectDescription&sortDirection=asc,2026-09-12T15:47:23.1000400+00:00,2026-09-12T17:17:09.7068830+00:00
montgomery,202720,Fall 2026,LLP,385,24387,1,Unlock Your Potential: A Strengths-Based Career Exploration,0.8,0.8,0.8,0.8,,Rockville,20,1,0,0,,,,R 1000-1200 Mannakee Building 220 Class,"Scott, Renata (primary)",,https://b9pubstu.glb.montgomerycollege.edu/StudentRegistrationSsb/ssb/searchResults/searchResults?txt_term=202720&startDatepicker=&endDatepicker=&uniqueSessionId=dg75a0ad8ae0d2&pageOffset=2500&pageMaxSize=500&sortColumn=subjectDescription&sortDirection=asc,2026-09-12T15:47:23.1000400+00:00,2026-09-12T17:17:09.7068830+00:00
montgomery,202720,Fall 2026,MATH,050,21658,002,FOUNDATIONS OF ALGEBRA,4.0,4.0,4.0,4,,Takoma Park/Silver Spring,24,21,40,0,,,,MWF 1000-1110 Leggett Math & Science 101N Class,"Kuhar, Robert (primary)",,https://b9pubstu.glb.montgomerycollege.edu/StudentRegistrationSsb/ssb/searchResults/searchResults?txt_term=202720&startDatepicker=&endDatepicker=&uniqueSessionId=dg75a0ad8ae0d2&pageOffset=2500&pageMaxSize=500&sortColumn=subjectDescription&sortDirection=asc,2026-09-12T15:47:23.1000400+00:00,2026-09-12T17:17:09.7068830+00:00
montgomery,202720,Fall 2026,MATH,055,23922,400,ELEMENTARY APPLIED CALCULUS I SUPPORT,2.0,2.0,2.0,2,,Rockville,26,23,40,0,,,,MW 1045-1135 Science Center 460 Class,"Kunhikrishnan, Sudha (primary)",,https://b9pubstu.glb.montgomerycollege.edu/StudentRegistrationSsb/ssb/searchResults/searchResults?txt_term=202720&startDatepicker=&endDatepicker=&uniqueSessionId=dg75a0ad8ae0d2&pageOffset=2500&pageMaxSize=500&sortColumn=subjectDescription&sortDirection=asc,2026-09-12T15:47:23.1000400+00:00,2026-09-12T17:17:09.7068830+00:00
montgomery,202720,Fall 2026,MATH,120,21635,409,SURVEY OF COLLEGE MATHEMATICS,3.0,3.0,3.0,3,,Rockville,24,22,40,0,,,,TR 1400-1515 Science Center 463 Class,"Ackermann, Colleen (primary)",,https://b9pubstu.glb.montgomerycollege.edu/StudentRegistrationSsb/ssb/searchResults/searchResults?txt_term=202720&startDatepicker=&endDatepicker=&uniqueSessionId=dg75a0ad8ae0d2&pageOffset=3000&pageMaxSize=500&sortColumn=subjectDescription&sortDirection=asc,2026-09-12T15:47:33.4487920+00:00,2026-09-12T17:17:09.7068830+00:00
montgomery,202720,Fall 2026,MATH,182,22656,404,CALCULUS II,4.0,4.0,4.0,4,,Rockville,26,22,40,0,,,,MW 1400-1540 Science Center West 204 Class,"Lee, Jason (primary)",,https://b9pubstu.glb.montgomerycollege.edu/StudentRegistrationSsb/ssb/searchResults/searchResults?txt_term=202720&startDatepicker=&endDatepicker=&uniqueSessionId=dg75a0ad8ae0d2&pageOffset=3000&pageMaxSize=500&sortColumn=subjectDescription&sortDirection=asc,2026-09-12T15:47:33.4487920+00:00,2026-09-12T17:17:09.7068830+00:00
montgomery,202720,Fall 2026,MGT,718,24199,1,SHRM ESSENTIALS OF HUMAN RESOURCES,1.8,1.8,1.8,1.8,,WDCE Virtual-Remote,15,5,0,0,,,,R 1830-2130 Distance Learning  Class,"Doong, Elaine (primary)",,https://b9pubstu.glb.montgomerycollege.edu/StudentRegistrationSsb/ssb/searchResults/searchResults?txt_term=202720&startDatepicker=&endDatepicker=&uniqueSessionId=dg75a0ad8ae0d2&pageOffset=3000&pageMaxSize=500&sortColumn=subjectDescription&sortDirection=asc,2026-09-12T15:47:33.4487920+00:00,2026-09-12T17:17:09.7068830+00:00
montgomery,202720,Fall 2026,MUSC,110,21094,200,LISTENING TO MUSIC,3.0,3.0,3.0,3,,Germantown,25,20,40,0,,,,TR 0930-1045 High Tech and Science Center 122 Class,"Chang, William (primary)",,https://b9pubstu.glb.montgomerycollege.edu/StudentRegistrationSsb/ssb/searchResults/searchResults?txt_term=202720&startDatepicker=&endDatepicker=&uniqueSessionId=dg75a0ad8ae0d2&pageOffset=3000&pageMaxSize=500&sortColumn=subjectDescription&sortDirection=asc,2026-09-12T15:47:33.4487920+00:00,2026-09-12T17:17:09.7068830+00:00
montgomery,202720,Fall 2026,MUSC,117,20627,400,WORLD MUSIC,3.0,3.0,3.0,3,,Rockville,25,25,40,1,,,,TR 1300-1430 Music Building 124 Class,"Green, Malika (primary)",,https://b9pubstu.glb.montgomerycollege.edu/StudentRegistrationSsb/ssb/searchResults/searchResults?txt_term=202720&startDatepicker=&endDatepicker=&uniqueSessionId=dg75a0ad8ae0d2&pageOffset=3000&pageMaxSize=500&sortColumn=subjectDescription&sortDirection=asc,2026-09-12T15:47:33.4487920+00:00,2026-09-12T17:17:09.7068830+00:00
montgomery,202720,Fall 2026,MUSC,184,23883,401,INTRODUCTION TO MUSIC THEORY,3.0,3.0,3.0,3,,Rockville,18,15,40,0,,,,MW 1200-1315 Music Building 112 Class,"Trask, Alvin (primary)",,https://b9pubstu.glb.montgomerycollege.edu/StudentRegistrationSsb/ssb/searchResults/searchResults?txt_term=202720&startDatepicker=&endDatepicker=&uniqueSessionId=dg75a0ad8ae0d2&pageOffset=3000&pageMaxSize=500&sortColumn=subjectDescription&sortDirection=asc,2026-09-12T15:47:33.4487920+00:00,2026-09-12T17:17:09.7068830+00:00
montgomery,202720,Fall 2026,MUSC,233,23164,400,MUSIC THEORY III,3.0,3.0,3.0,3,,Rockville,16,3,40,0,NI,24,5,MWF 1100-1150 Music Building 112 Class,"Askarinam, Jacob (primary)",,https://b9pubstu.glb.montgomerycollege.edu/StudentRegistrationSsb/ssb/searchResults/searchResults?txt_term=202720&startDatepicker=&endDatepicker=&uniqueSessionId=dg75a0ad8ae0d2&pageOffset=3000&pageMaxSize=500&sortColumn=subjectDescription&sortDirection=asc,2026-09-12T15:47:33.4487920+00:00,2026-09-12T17:17:09.7068830+00:00
montgomery,202720,Fall 2026,NURS,101,23647,5TE,FOUNDATIONAL PRINCIPLES OF PRACTICAL NURSING LAB/CLINICAL,2.0,2.0,2.0,2,,East County Education Center,6,4,0,0,,,,U 0900-1500 East County Education Center  Class,"Ngape, Helen ; Azadi, Mojgan ; Snyder, Kathleen ; Oparaoji, Nwamaka (primary)",,https://b9pubstu.glb.montgomerycollege.edu/StudentRegistrationSsb/ssb/searchResults/searchResults?txt_term=202720&startDatepicker=&endDatepicker=&uniqueSessionId=dg75a0ad8ae0d2&pageOffset=3000&pageMaxSize=500&sortColumn=subjectDescription&sortDirection=asc,2026-09-12T15:47:33.4487920+00:00,2026-09-12T17:17:09.7068830+00:00
montgomery,202720,Fall 2026,NURS,121,23311,010,BASIC HEALTH ASSESSMENT,1.0,1.0,1.0,1,,Takoma Park/Silver Spring,12,10,0,0,,,,M 1100-1350 Health Sciences Center 230 Class,"Feng, Ching-Chuen ; Snyder, Kathleen ; O Hunt, Veronica (primary)",,https://b9pubstu.glb.montgomerycollege.edu/StudentRegistrationSsb/ssb/searchResults/searchResults?txt_term=202720&startDatepicker=&endDatepicker=&uniqueSessionId=dg75a0ad8ae0d2&pageOffset=3000&pageMaxSize=500&sortColumn=subjectDescription&sortDirection=asc,2026-09-12T15:47:33.4487920+00:00,2026-09-12T17:17:09.7068830+00:00
montgomery,202720,Fall 2026,NURS,126,20637,001,NURSING CARE OF SPECIAL POPULATIONS I: PSYCHIATRIC & MENTAL HEALTH NURSING,4.0,4.0,4.0,4,,Takoma Park/Silver Spring,18,0,0,0,5P,36,0,F 1000-1150 Health Sciences Center 422 Class,"Gang, Ella ; Best-Otubu, Carla ; Darko, Delphina ; Hamilton Service, Lisa (primary)",,https://b9pubstu.glb.montgomerycollege.edu/StudentRegistrationSsb/ssb/searchResults/searchResults?txt_term=202720&startDatepicker=&endDatepicker=&uniqueSessionId=dg75a0ad8ae0d2&pageOffset=3000&pageMaxSize=500&sortColumn=subjectDescription&sortDirection=asc,2026-09-12T15:47:33.4487920+00:00,2026-09-12T17:17:09.7068830+00:00
montgomery,202720,Fall 2026,NURS,225,20644,002,NURSING IN HEALTH AND ILLNESS II,4.0,4.0,4.0,4,,Takoma Park/Silver Spring,20,20,0,0,5S,42,42,W 1030-1220 Health Sciences Center 222 Class,"George, Kunjamma ; Feng, Ching-Chuen ; Bielefeldt, Sabrina ; Snyder, Kathleen ; Charitable, Alice ; Garvey, Sharon (primary) ; Holness, Carol",,https://b9pubstu.glb.montgomerycollege.edu/StudentRegistrationSsb/ssb/searchResults/searchResults?txt_term=202720&startDatepicker=&endDatepicker=&uniqueSessionId=dg75a0ad8ae0d2&pageOffset=3500&pageMaxSize=500&sortColumn=subjectDescription&sortDirection=asc,2026-09-12T15:47:44.7893030+00:00,2026-09-12T17:17:09.7068830+00:00
montgomery,202720,Fall 2026,NURS,225C,22184,010,NURSING IN HEALTH AND ILLNESS II,0.0,0.0,0.0,0,,Takoma Park/Silver Spring,6,5,0,0,,,,none - Off Campus Location OC Class,"Garvey, Sharon ; Holness, Carol (primary)",,https://b9pubstu.glb.montgomerycollege.edu/StudentRegistrationSsb/ssb/searchResults/searchResults?txt_term=202720&startDatepicker=&endDatepicker=&uniqueSessionId=dg75a0ad8ae0d2&pageOffset=3500&pageMaxSize=500&sortColumn=subjectDescription&sortDirection=asc,2026-09-12T15:47:44.7893030+00:00,2026-09-12T17:17:09.7068830+00:00
montgomery,202720,Fall 2026,NURS,226C,25410,023,NURSING CARE OF SPECIAL POPULATIONS II: MATERNAL/CHILD NURSING,0.0,0.0,0.0,0,,Takoma Park/Silver Spring,6,0,0,0,,,,none - Off Campus Location OC Class,"Kutten, Johnnilyn ; Wysong, Marianne (primary)",,https://b9pubstu.glb.montgomerycollege.edu/StudentRegistrationSsb/ssb/searchResults/searchResults?txt_term=202720&startDatepicker=&endDatepicker=&uniqueSessionId=dg75a0ad8ae0d2&pageOffset=3500&pageMaxSize=500&sortColumn=subjectDescription&sortDirection=asc,2026-09-12T15:47:44.7893030+00:00,2026-09-12T17:17:09.7068830+00:00
montgomery,202720,Fall 2026,NWIT,246,21943,2HA,ATTACKER TOOLS AND TECHNIQUES,3.0,3.0,3.0,3,,Germantown,24,23,40,0,,,,T 0900-1140 High Tech and Science Center 319 Class,"Ridgeway, Josiah (primary)",,https://b9pubstu.glb.montgomerycollege.edu/StudentRegistrationSsb/ssb/searchResults/searchResults?txt_term=202720&startDatepicker=&endDatepicker=&uniqueSessionId=dg75a0ad8ae0d2&pageOffset=3500&pageMaxSize=500&sortColumn=subjectDescription&sortDirection=asc,2026-09-12T15:47:44.7893030+00:00,2026-09-12T17:17:09.7068830+00:00
montgomery,202720,Fall 2026,PHED,170,23802,001,STRENGTH TRAINING & CONDITIONING I,1.0,1.0,1.0,1,,Takoma Park/Silver Spring,10,10,40,1,,,,MW 1000-1050 Health Sciences Center 123 Class ; none - Distance Learning WEB Class,"Shaw, Richard (primary)",,https://b9pubstu.glb.montgomerycollege.edu/StudentRegistrationSsb/ssb/searchResults/searchResults?txt_term=202720&startDatepicker=&endDatepicker=&uniqueSessionId=dg75a0ad8ae0d2&pageOffset=3500&pageMaxSize=500&sortColumn=subjectDescription&sortDirection=asc,2026-09-12T15:47:44.7893030+00:00,2026-09-12T17:17:09.7068830+00:00
montgomery,202720,Fall 2026,PHIL,101,21483,406,INTRODUCTION TO PHILOSOPHY,3.0,3.0,3.0,3,,Rockville,25,21,40,0,,,,MW 1100-1345 South Campus Instruction Bldg 005 Class,"Ferrin, Asia (primary)",,https://b9pubstu.glb.montgomerycollege.edu/StudentRegistrationSsb/ssb/searchResults/searchResults?txt_term=202720&startDatepicker=&endDatepicker=&uniqueSessionId=dg75a0ad8ae0d2&pageOffset=3500&pageMaxSize=500&sortColumn=subjectDescription&sortDirection=asc,2026-09-12T15:47:44.7893030+00:00,2026-09-12T17:17:09.7068830+00:00
montgomery,202720,Fall 2026,PHIL,101,23029,3GC,INTRODUCTION TO PHILOSOPHY,3.0,3.0,3.0,3,,Distance Learning,25,24,40,2,,,,none - Distance Learning WEB Class,"Moore, Eli (primary)",,https://b9pubstu.glb.montgomerycollege.edu/StudentRegistrationSsb/ssb/searchResults/searchResults?txt_term=202720&startDatepicker=&endDatepicker=&uniqueSessionId=dg639fe0fb065b&pageOffset=3500&pageMaxSize=500&sortColumn=subjectDescription&sortDirection=asc,2026-09-12T17:16:54.4350910+00:00,2026-09-12T17:17:09.7068830+00:00
montgomery,202720,Fall 2026,PHIL,140,22106,403,INTRODUCTION TO THE STUDY OF ETHICS,3.0,3.0,3.0,3,,Rockville,25,13,40,0,,,,R 1730-2035 Humanities Building 127 Class,"Shelton-Der, Andrew (primary)",,https://b9pubstu.glb.montgomerycollege.edu/StudentRegistrationSsb/ssb/searchResults/searchResults?txt_term=202720&startDatepicker=&endDatepicker=&uniqueSessionId=dg75a0ad8ae0d2&pageOffset=3500&pageMaxSize=500&sortColumn=subjectDescription&sortDirection=asc,2026-09-12T15:47:44.7893030+00:00,2026-09-12T17:17:09.7068830+00:00
montgomery,202720,Fall 2026,PHIL,140,25294,ZRC,INTRODUCTION TO THE STUDY OF ETHICS,3.0,3.0,3.0,3,,Distance Learning,25,10,40,0,,,,none - Distance Learning WEB Class,"Rubavichute, Auksuole (primary)",,https://b9pubstu.glb.montgomerycollege.edu/StudentRegistrationSsb/ssb/searchResults/searchResults?txt_term=202720&startDatepicker=&endDatepicker=&uniqueSessionId=dg75a0ad8ae0d2&pageOffset=3500&pageMaxSize=500&sortColumn=subjectDescription&sortDirection=asc,2026-09-12T15:47:44.7893030+00:00,2026-09-12T17:17:09.7068830+00:00
montgomery,202720,Fall 2026,PHYS,262D,22916,4HB,GENERAL PHYSICS II: ELEC & MAG,0.0,0.0,0.0,0,,Rockville,20,20,40,0,,,,MW 1150-1215 Science Center 415 Class,"Hosseini, Maryam (primary)",,https://b9pubstu.glb.montgomerycollege.edu/StudentRegistrationSsb/ssb/searchResults/searchResults?txt_term=202720&startDatepicker=&endDatepicker=&uniqueSessionId=dg75a0ad8ae0d2&pageOffset=3500&pageMaxSize=500&sortColumn=subjectDescription&sortDirection=asc,2026-09-12T15:47:44.7893030+00:00,2026-09-12T17:17:09.7068830+00:00
montgomery,202720,Fall 2026,PMC,038,24161,2,PM103: Practical Application of Agile Project Management,2.8,2.8,2.8,2.8,,WDCE Virtual-Remote,25,8,0,0,,,,S 0900-1200 Distance Learning  Class ; S 0900-1300 Distance Learning  Class ; TR 1800-2100 Distance Learning  Class,"Warner, Charles ; Bah, Natalya (primary) ; Keegan, John ; Gay, Bruce ; Freel, Jeffrey",,https://b9pubstu.glb.montgomerycollege.edu/StudentRegistrationSsb/ssb/searchResults/searchResults?txt_term=202720&startDatepicker=&endDatepicker=&uniqueSessionId=dg75a0ad8ae0d2&pageOffset=3500&pageMaxSize=500&sortColumn=subjectDescription&sortDirection=asc,2026-09-12T15:47:44.7893030+00:00,2026-09-12T17:17:09.7068830+00:00
montgomery,202720,Fall 2026,PSYC,100,22841,418,GENERAL PSYCHOLOGY,3.0,3.0,3.0,3,,Rockville,30,29,40,2,,,,R 1500-1755 Science Center West 306 Class,"Williams, Michelle (primary)",,https://b9pubstu.glb.montgomerycollege.edu/StudentRegistrationSsb/ssb/searchResults/searchResults?txt_term=202720&startDatepicker=&endDatepicker=&uniqueSessionId=dg639fe0fb065b&pageOffset=4000&pageMaxSize=500&sortColumn=subjectDescription&sortDirection=asc,2026-09-12T17:17:07.6457750+00:00,2026-09-12T17:17:09.7068830+00:00
montgomery,202720,Fall 2026,PSYC,100,22844,421,GENERAL PSYCHOLOGY,3.0,3.0,3.0,3,,Rockville,26,25,40,0,,,,MW 1000-1115 Humanities Building 126 Class,"Jackson, Levena (primary)",,https://b9pubstu.glb.montgomerycollege.edu/StudentRegistrationSsb/ssb/searchResults/searchResults?txt_term=202720&startDatepicker=&endDatepicker=&uniqueSessionId=dg75a0ad8ae0d2&pageOffset=4000&pageMaxSize=500&sortColumn=subjectDescription&sortDirection=asc,2026-09-12T15:47:56.7358850+00:00,2026-09-12T17:17:09.7068830+00:00
montgomery,202720,Fall 2026,PSYC,203,25324,3RD,HUMAN GROWTH & DEVELOPMENT DURING THE LIFE SPAN,3.0,3.0,3.0,3,,Rockville,25,25,40,8,,,,none - Distance Learning WEB Class,"Lampkin-Sanders, Shawn (primary)",,https://b9pubstu.glb.montgomerycollege.edu/StudentRegistrationSsb/ssb/searchResults/searchResults?txt_term=202720&startDatepicker=&endDatepicker=&uniqueSessionId=dg75a0ad8ae0d2&pageOffset=4000&pageMaxSize=500&sortColumn=subjectDescription&sortDirection=asc,2026-09-12T15:47:56.7358850+00:00,2026-09-12T17:17:09.7068830+00:00
montgomery,202720,Fall 2026,PSYC,204,20439,3TA,INTRODUCTION TO THE PSYCHOLOGY OF PERSONALITY,3.0,3.0,3.0,3,,Distance Learning,25,23,40,0,,,,none - Distance Learning WEB Class,"Brown, Andrae (primary)",,https://b9pubstu.glb.montgomerycollege.edu/StudentRegistrationSsb/ssb/searchResults/searchResults?txt_term=202720&startDatepicker=&endDatepicker=&uniqueSessionId=dg75a0ad8ae0d2&pageOffset=4000&pageMaxSize=500&sortColumn=subjectDescription&sortDirection=asc,2026-09-12T15:47:56.7358850+00:00,2026-09-12T17:17:09.7068830+00:00
montgomery,202720,Fall 2026,SOCY,100,21117,201,INTRODUCTION TO SOCIOLOGY,3.0,3.0,3.0,3,,Germantown,30,29,40,0,,,,MW 1300-1415 Peck Academic & Innovatn Bldg 179 Class,"Sullivan, Rachel (primary)",,https://b9pubstu.glb.montgomerycollege.edu/StudentRegistrationSsb/ssb/searchResults/searchResults?txt_term=202720&startDatepicker=&endDatepicker=&uniqueSessionId=dg75a0ad8ae0d2&pageOffset=4000&pageMaxSize=500&sortColumn=subjectDescription&sortDirection=asc,2026-09-12T15:47:56.7358850+00:00,2026-09-12T17:17:09.7068830+00:00
montgomery,202720,Fall 2026,STSU,120,23790,ZGA,CAREER DEVELOPMENT: DYNAMICS & APPLICATION,2.0,2.0,2.0,2,,Distance Learning,24,7,40,0,,,,W 1400-1540 Remote Classes  Class,"Garrison, Zenobia (primary)",,https://b9pubstu.glb.montgomerycollege.edu/StudentRegistrationSsb/ssb/searchResults/searchResults?txt_term=202720&startDatepicker=&endDatepicker=&uniqueSessionId=dg75a0ad8ae0d2&pageOffset=4000&pageMaxSize=500&sortColumn=subjectDescription&sortDirection=asc,2026-09-12T15:47:56.7358850+00:00,2026-09-12T17:17:09.7068830+00:00
montgomery,202724,Winter 2027 (View Only),BSAD,101,50074,ZTA,INTRODUCTION TO BUSINESS,3.0,3.0,3.0,3,,Distance Learning,25,0,40,0,,,,MTR 1200-1455 Remote Classes  Class,,,https://b9pubstu.glb.montgomerycollege.edu/StudentRegistrationSsb/ssb/searchResults/searchResults?txt_term=202724&startDatepicker=&endDatepicker=&uniqueSessionId=dge7bcc2aafe9c&pageOffset=0&pageMaxSize=500&sortColumn=subjectDescription&sortDirection=asc,2026-09-12T15:46:23.2042590+00:00,2026-09-12T17:15:24.8990410+00:00
montgomery,202724,Winter 2027 (View Only),COMM,108,50119,3RI,FOUNDATIONS OF HUMAN COMMUNICATION,3.0,3.0,3.0,3,,Distance Learning,20,0,40,0,,,,MTWR 1300-1510 Remote Classes  Class,,,https://b9pubstu.glb.montgomerycollege.edu/StudentRegistrationSsb/ssb/searchResults/searchResults?txt_term=202724&startDatepicker=&endDatepicker=&uniqueSessionId=dge7bcc2aafe9c&pageOffset=0&pageMaxSize=500&sortColumn=subjectDescription&sortDirection=asc,2026-09-12T15:46:23.2042590+00:00,2026-09-12T17:15:24.8990410+00:00
montgomery,202724,Winter 2027 (View Only),COMM,112,50046,3RA,BUSINESS & PROFESSIONAL SPEECH COMMUNICATION,3.0,3.0,3.0,3,,Distance Learning,20,0,40,0,,,,none - Distance Learning WEB Class,,,https://b9pubstu.glb.montgomerycollege.edu/StudentRegistrationSsb/ssb/searchResults/searchResults?txt_term=202724&startDatepicker=&endDatepicker=&uniqueSessionId=dge7bcc2aafe9c&pageOffset=0&pageMaxSize=500&sortColumn=subjectDescription&sortDirection=asc,2026-09-12T15:46:23.2042590+00:00,2026-09-12T17:15:24.8990410+00:00
montgomery,202724,Winter 2027 (View Only),EDUC,135,50179,ZRA,CHILD GROWTH AND DEVELOPMENT,3.0,3.0,3.0,3,,Distance Learning,20,0,40,0,,,,none - Distance Learning WEB Class,"Ho, Jeannie (primary)",,https://b9pubstu.glb.montgomerycollege.edu/StudentRegistrationSsb/ssb/searchResults/searchResults?txt_term=202724&startDatepicker=&endDatepicker=&uniqueSessionId=dge7bcc2aafe9c&pageOffset=0&pageMaxSize=500&sortColumn=subjectDescription&sortDirection=asc,2026-09-12T15:46:23.2042590+00:00,2026-09-12T17:15:24.8990410+00:00
montgomery,202724,Winter 2027 (View Only),MATH,117,50096,3GJ,ELEMENTS OF STATISTICS,3.0,3.0,3.0,3,,Distance Learning,24,0,40,0,,,,MTWR 1000-1210 Remote Classes  Class,,,https://b9pubstu.glb.montgomerycollege.edu/StudentRegistrationSsb/ssb/searchResults/searchResults?txt_term=202724&startDatepicker=&endDatepicker=&uniqueSessionId=dge7bcc2aafe9c&pageOffset=0&pageMaxSize=500&sortColumn=subjectDescription&sortDirection=asc,2026-09-12T15:46:23.2042590+00:00,2026-09-12T17:15:24.8990410+00:00
montgomery,202724,Winter 2027 (View Only),PHIL,140,50113,3RB,INTRODUCTION TO THE STUDY OF ETHICS,3.0,3.0,3.0,3,,Distance Learning,25,0,40,0,,,,none - Distance Learning WEB Class,"Collins, Christopher (primary)",,https://b9pubstu.glb.montgomerycollege.edu/StudentRegistrationSsb/ssb/searchResults/searchResults?txt_term=202724&startDatepicker=&endDatepicker=&uniqueSessionId=dge7bcc2aafe9c&pageOffset=0&pageMaxSize=500&sortColumn=subjectDescription&sortDirection=asc,2026-09-12T15:46:23.2042590+00:00,2026-09-12T17:15:24.8990410+00:00
montgomery,202730,Spring 2027 (View Only),ACCT,221,32157,3GC,ACCOUNTING I,4.0,4.0,4.0,4,,Distance Learning,25,0,40,0,,,,M 1800-2030 Remote Classes  Class ; none - Distance Learning WEB Class,"Migineishvili, Shota (primary)",,https://b9pubstu.glb.montgomerycollege.edu/StudentRegistrationSsb/ssb/searchResults/searchResults?txt_term=202730&startDatepicker=&endDatepicker=&uniqueSessionId=dgb8683571bd8c&pageOffset=0&pageMaxSize=500&sortColumn=subjectDescription&sortDirection=asc,2026-09-12T15:45:28.5856860+00:00,2026-09-12T17:15:18.7670270+00:00
montgomery,202730,Spring 2027 (View Only),ACCT,221,32412,ZRB,ACCOUNTING I,4.0,4.0,4.0,4,,Distance Learning,25,0,40,0,,,,none - Distance Learning WEB Class,"Kangas, Diana (primary)",,https://b9pubstu.glb.montgomerycollege.edu/StudentRegistrationSsb/ssb/searchResults/searchResults?txt_term=202730&startDatepicker=&endDatepicker=&uniqueSessionId=dgb8683571bd8c&pageOffset=0&pageMaxSize=500&sortColumn=subjectDescription&sortDirection=asc,2026-09-12T15:45:28.5856860+00:00,2026-09-12T17:15:18.7670270+00:00
montgomery,202730,Spring 2027 (View Only),ACCT,221,33067,402,ACCOUNTING I,4.0,4.0,4.0,4,,Rockville,25,0,40,0,,,,TR 1100-1240 South Campus Instruction Bldg 206 Class,,,https://b9pubstu.glb.montgomerycollege.edu/StudentRegistrationSsb/ssb/searchResults/searchResults?txt_term=202730&startDatepicker=&endDatepicker=&uniqueSessionId=dgb8683571bd8c&pageOffset=0&pageMaxSize=500&sortColumn=subjectDescription&sortDirection=asc,2026-09-12T15:45:28.5856860+00:00,2026-09-12T17:15:18.7670270+00:00
montgomery,202730,Spring 2027 (View Only),ANTH,215,30087,402,HUMAN EVOLUTION AND ARCHAEOLOGY,3.0,3.0,3.0,3,,Rockville,27,0,40,0,,,,MW 1230-1345 Humanities Building 221 Class,"Muzzio, Alejandro (primary)",,https://b9pubstu.glb.montgomerycollege.edu/StudentRegistrationSsb/ssb/searchResults/searchResults?txt_term=202730&startDatepicker=&endDatepicker=&uniqueSessionId=dgb8683571bd8c&pageOffset=0&pageMaxSize=500&sortColumn=subjectDescription&sortDirection=asc,2026-09-12T15:45:28.5856860+00:00,2026-09-12T17:15:18.7670270+00:00
montgomery,202730,Spring 2027 (View Only),ASTR,101,31714,3RB,INTRODUCTORY ASTRONOMY,4.0,4.0,4.0,4,,Distance Learning,24,0,40,0,,,,none - Distance Learning WEB Class,,,https://b9pubstu.glb.montgomerycollege.edu/StudentRegistrationSsb/ssb/searchResults/searchResults?txt_term=202730&startDatepicker=&endDatepicker=&uniqueSessionId=dgb8683571bd8c&pageOffset=0&pageMaxSize=500&sortColumn=subjectDescription&sortDirection=asc,2026-09-12T15:45:28.5856860+00:00,2026-09-12T17:15:18.7670270+00:00
montgomery,202730,Spring 2027 (View Only),BIOL,150L,33353,405,PRINCIPLES OF BIOLOGY I,0.0,0.0,0.0,0,,Rockville,18,0,40,0,,,,MW 1515-1630 Science Center 215 Class,,,https://b9pubstu.glb.montgomerycollege.edu/StudentRegistrationSsb/ssb/searchResults/searchResults?txt_term=202730&startDatepicker=&endDatepicker=&uniqueSessionId=dgb8683571bd8c&pageOffset=0&pageMaxSize=500&sortColumn=subjectDescription&sortDirection=asc,2026-09-12T15:45:28.5856860+00:00,2026-09-12T17:15:18.7670270+00:00
montgomery,202730,Spring 2027 (View Only),BIOL,210,31177,413,MICROBIOLOGY,4.0,4.0,4.0,4,,Rockville,18,0,6,0,,,,TR 1200-1250 Science Center West 302 Class,,,https://b9pubstu.glb.montgomerycollege.edu/StudentRegistrationSsb/ssb/searchResults/searchResults?txt_term=202730&startDatepicker=&endDatepicker=&uniqueSessionId=dgb8683571bd8c&pageOffset=500&pageMaxSize=500&sortColumn=subjectDescription&sortDirection=asc,2026-09-12T15:45:36.6808500+00:00,2026-09-12T17:15:18.7670270+00:00
montgomery,202730,Spring 2027 (View Only),BIOL,212,32340,3RB,HUMAN ANATOMY & PHYSIOLOGY I,4.0,4.0,4.0,4,,Distance Learning,25,0,40,0,,,,none - Distance Learning WEB Class,,,https://b9pubstu.glb.montgomerycollege.edu/StudentRegistrationSsb/ssb/searchResults/searchResults?txt_term=202730&startDatepicker=&endDatepicker=&uniqueSessionId=dgb8683571bd8c&pageOffset=500&pageMaxSize=500&sortColumn=subjectDescription&sortDirection=asc,2026-09-12T15:45:36.6808500+00:00,2026-09-12T17:15:18.7670270+00:00
montgomery,202730,Spring 2027 (View Only),BLDG,130,30528,401,INTRODUCTION TO THE BUILDING TRADES,3.0,3.0,3.0,3,,Rockville,24,0,40,0,,,,MWF 0900-1140 Interim Technical Training Ctr 106 Class,"McNally, Peter (primary)",,https://b9pubstu.glb.montgomerycollege.edu/StudentRegistrationSsb/ssb/searchResults/searchResults?txt_term=202730&startDatepicker=&endDatepicker=&uniqueSessionId=dgb8683571bd8c&pageOffset=500&pageMaxSize=500&sortColumn=subjectDescription&sortDirection=asc,2026-09-12T15:45:36.6808500+00:00,2026-09-12T17:15:18.7670270+00:00
montgomery,202730,Spring 2027 (View Only),BLDG,172,30537,401,HVACR ELECTRICITY,4.0,4.0,4.0,4,,Rockville,12,0,40,0,,,,TR 1245-1440 Gudelsky Inst for Tech Ed 226 Class,,,https://b9pubstu.glb.montgomerycollege.edu/StudentRegistrationSsb/ssb/searchResults/searchResults?txt_term=202730&startDatepicker=&endDatepicker=&uniqueSessionId=dgb8683571bd8c&pageOffset=500&pageMaxSize=500&sortColumn=subjectDescription&sortDirection=asc,2026-09-12T15:45:36.6808500+00:00,2026-09-12T17:15:18.7670270+00:00
montgomery,202730,Spring 2027 (View Only),CCJS,110,33334,402,ADMINISTRATION OF JUSTICE,3.0,3.0,3.0,3,,Rockville,30,0,40,0,,,,TR 1100-1215 Science Center West 308 Class,"Freeman-Reiter, Cassandra (primary)",,https://b9pubstu.glb.montgomerycollege.edu/StudentRegistrationSsb/ssb/searchResults/searchResults?txt_term=202730&startDatepicker=&endDatepicker=&uniqueSessionId=dgb8683571bd8c&pageOffset=500&pageMaxSize=500&sortColumn=subjectDescription&sortDirection=asc,2026-09-12T15:45:36.6808500+00:00,2026-09-12T17:15:18.7670270+00:00
montgomery,202730,Spring 2027 (View Only),CHEM,131D,31945,412,PRINCIPLES OF CHEMISTRY I,0.0,0.0,0.0,0,,Rockville,20,0,10,0,,,,F 1200-1250 Science Center West 306 Class,,,https://b9pubstu.glb.montgomerycollege.edu/StudentRegistrationSsb/ssb/searchResults/searchResults?txt_term=202730&startDatepicker=&endDatepicker=&uniqueSessionId=dgb8683571bd8c&pageOffset=500&pageMaxSize=500&sortColumn=subjectDescription&sortDirection=asc,2026-09-12T15:45:36.6808500+00:00,2026-09-12T17:15:18.7670270+00:00
montgomery,202730,Spring 2027 (View Only),CHEM,131L,33219,003,PRINCIPLES OF CHEMISTRY I,0.0,0.0,0.0,0,,Takoma Park/Silver Spring,24,0,10,0,,,,T 1520-1750 Leggett Math & Science 018 Class,"Norishargh, Davood (primary)",,https://b9pubstu.glb.montgomerycollege.edu/StudentRegistrationSsb/ssb/searchResults/searchResults?txt_term=202730&startDatepicker=&endDatepicker=&uniqueSessionId=dgb8683571bd8c&pageOffset=500&pageMaxSize=500&sortColumn=subjectDescription&sortDirection=asc,2026-09-12T15:45:36.6808500+00:00,2026-09-12T17:15:18.7670270+00:00
montgomery,202730,Spring 2027 (View Only),CHEM,132D,31076,406,PRINCIPLES OF CHEMISTRY II,0.0,0.0,0.0,0,,Rockville,20,0,10,0,,,,TR 0900-0925 Science Center 361 Class,,,https://b9pubstu.glb.montgomerycollege.edu/StudentRegistrationSsb/ssb/searchResults/searchResults?txt_term=202730&startDatepicker=&endDatepicker=&uniqueSessionId=dgb8683571bd8c&pageOffset=500&pageMaxSize=500&sortColumn=subjectDescription&sortDirection=asc,2026-09-12T15:45:36.6808500+00:00,2026-09-12T17:15:18.7670270+00:00
montgomery,202730,Spring 2027 (View Only),CMAP,120,33146,ZRD,INTRODUCTION TO COMPUTER APPLICATIONS,3.0,3.0,3.0,3,,Distance Learning,25,0,40,0,,,,none - Distance Learning WEB Class,,,https://b9pubstu.glb.montgomerycollege.edu/StudentRegistrationSsb/ssb/searchResults/searchResults?txt_term=202730&startDatepicker=&endDatepicker=&uniqueSessionId=dgb8683571bd8c&pageOffset=500&pageMaxSize=500&sortColumn=subjectDescription&sortDirection=asc,2026-09-12T15:45:36.6808500+00:00,2026-09-12T17:15:18.7670270+00:00
montgomery,202730,Spring 2027 (View Only),CMGT,110L,30560,402,CONSTRUCTION PLAN READING,0.0,0.0,0.0,0,,Rockville,22,0,40,0,,,,W 2050-2140 Technical Center 235 Class,,,https://b9pubstu.glb.montgomerycollege.edu/StudentRegistrationSsb/ssb/searchResults/searchResults?txt_term=202730&startDatepicker=&endDatepicker=&uniqueSessionId=dgb8683571bd8c&pageOffset=1000&pageMaxSize=500&sortColumn=subjectDescription&sortDirection=asc,2026-09-12T15:45:44.9543940+00:00,2026-09-12T17:15:18.7670270+00:00
montgomery,202730,Spring 2027 (View Only),CMGT,275,31269,403,CONSTRUCTION PLANNING & SCHEDULING,3.0,3.0,3.0,3,,Rockville,15,0,40,0,,,,W 1800-1940 Technical Center 242 Class,,,https://b9pubstu.glb.montgomerycollege.edu/StudentRegistrationSsb/ssb/searchResults/searchResults?txt_term=202730&startDatepicker=&endDatepicker=&uniqueSessionId=dgb8683571bd8c&pageOffset=1000&pageMaxSize=500&sortColumn=subjectDescription&sortDirection=asc,2026-09-12T15:45:44.9543940+00:00,2026-09-12T17:15:18.7670270+00:00
montgomery,202730,Spring 2027 (View Only),COMM,108,30973,430,FOUNDATIONS OF HUMAN COMMUNICATION,3.0,3.0,3.0,3,,Rockville,22,0,40,0,,,,TR 0930-1045 Nguyen&Duong Student Svcs Ctr 320 Class,,,https://b9pubstu.glb.montgomerycollege.edu/StudentRegistrationSsb/ssb/searchResults/searchResults?txt_term=202730&startDatepicker=&endDatepicker=&uniqueSessionId=dgb8683571bd8c&pageOffset=1000&pageMaxSize=500&sortColumn=subjectDescription&sortDirection=asc,2026-09-12T15:45:44.9543940+00:00,2026-09-12T17:15:18.7670270+00:00
montgomery,202730,Spring 2027 (View Only),ECON,201,31468,ZRA,PRINCIPLES OF ECONOMICS I,3.0,3.0,3.0,3,,Distance Learning,25,0,40,0,,,,none - Distance Learning WEB Class,"Nguyen, Hoa (primary)",,https://b9pubstu.glb.montgomerycollege.edu/StudentRegistrationSsb/ssb/searchResults/searchResults?txt_term=202730&startDatepicker=&endDatepicker=&uniqueSessionId=dgb8683571bd8c&pageOffset=1000&pageMaxSize=500&sortColumn=subjectDescription&sortDirection=asc,2026-09-12T15:45:44.9543940+00:00,2026-09-12T17:15:18.7670270+00:00
montgomery,202730,Spring 2027 (View Only),EDUC,101,32972,400,FOUNDATIONS OF EDUCATION,3.0,3.0,3.0,3,,Rockville,30,0,40,0,,,,TR 0930-1045 Nguyen&Duong Student Svcs Ctr 416 Class,"Hernandez Tittle, Glenda (primary)",,https://b9pubstu.glb.montgomerycollege.edu/StudentRegistrationSsb/ssb/searchResults/searchResults?txt_term=202730&startDatepicker=&endDatepicker=&uniqueSessionId=dgb8683571bd8c&pageOffset=1000&pageMaxSize=500&sortColumn=subjectDescription&sortDirection=asc,2026-09-12T15:45:44.9543940+00:00,2026-09-12T17:15:18.7670270+00:00
montgomery,202730,Spring 2027 (View Only),ELAI,990,31369,3TA,ENGLISH LANGUAGE ADVANCED INTEGRATED SKILLS,6.0,6.0,6.0,6,,Distance Learning,20,0,40,0,,,,MW 1830-2110 Remote Classes  Class,,,https://b9pubstu.glb.montgomerycollege.edu/StudentRegistrationSsb/ssb/searchResults/searchResults?txt_term=202730&startDatepicker=&endDatepicker=&uniqueSessionId=dgb8683571bd8c&pageOffset=1000&pageMaxSize=500&sortColumn=subjectDescription&sortDirection=asc,2026-09-12T15:45:44.9543940+00:00,2026-09-12T17:15:18.7670270+00:00
montgomery,202730,Spring 2027 (View Only),ELAI,990,32210,ZGB,ENGLISH LANGUAGE ADVANCED INTEGRATED SKILLS,6.0,6.0,6.0,6,,Distance Learning,20,0,40,0,,,,TR 1830-2110 Remote Classes  Class,,,https://b9pubstu.glb.montgomerycollege.edu/StudentRegistrationSsb/ssb/searchResults/searchResults?txt_term=202730&startDatepicker=&endDatepicker=&uniqueSessionId=dgb8683571bd8c&pageOffset=1000&pageMaxSize=500&sortColumn=subjectDescription&sortDirection=asc,2026-09-12T15:45:44.9543940+00:00,2026-09-12T17:15:18.7670270+00:00
montgomery,202730,Spring 2027 (View Only),ELAW,970,33451,011,ENGLISH LANGUAGE ACADEMIC WRITING I,5.0,5.0,5.0,5,,Takoma Park/Silver Spring,20,0,40,0,,,,TR 1925-2140 Pavilion Three 111 Class,,,https://b9pubstu.glb.montgomerycollege.edu/StudentRegistrationSsb/ssb/searchResults/searchResults?txt_term=202730&startDatepicker=&endDatepicker=&uniqueSessionId=dgb8683571bd8c&pageOffset=1000&pageMaxSize=500&sortColumn=subjectDescription&sortDirection=asc,2026-09-12T15:45:44.9543940+00:00,2026-09-12T17:15:18.7670270+00:00
montgomery,202730,Spring 2027 (View Only),ENEE,140,33578,400,INTRODUCTION TO PROGRAMMING CONCEPTS FOR ENGINEERS,2.0,2.0,2.0,2,,Rockville,18,0,40,0,,,,TR 1300-1350 Science Center 408 Class,,,https://b9pubstu.glb.montgomerycollege.edu/StudentRegistrationSsb/ssb/searchResults/searchResults?txt_term=202730&startDatepicker=&endDatepicker=&uniqueSessionId=dgb8683571bd8c&pageOffset=1000&pageMaxSize=500&sortColumn=subjectDescription&sortDirection=asc,2026-09-12T15:45:44.9543940+00:00,2026-09-12T17:15:18.7670270+00:00
montgomery,202730,Spring 2027 (View Only),ENES,100,32483,400,INTRODUCTION TO ENGINEERING DESIGN,3.0,3.0,3.0,3,,Rockville,18,0,40,0,,,,TR 1300-1350 Science Center 428 Class,,,https://b9pubstu.glb.montgomerycollege.edu/StudentRegistrationSsb/ssb/searchResults/searchResults?txt_term=202730&startDatepicker=&endDatepicker=&uniqueSessionId=dgb8683571bd8c&pageOffset=1000&pageMaxSize=500&sortColumn=subjectDescription&sortDirection=asc,2026-09-12T15:45:44.9543940+00:00,2026-09-12T17:15:18.7670270+00:00
montgomery,202730,Spring 2027 (View Only),ENGL,011,31790,406,INTRODUCTION TO COLLEGE WRITING SUPPORT,2.0,2.0,2.0,2,,Rockville,16,0,40,0,,,,MWF 0800-0915 Humanities Building 311 Class,,,https://b9pubstu.glb.montgomerycollege.edu/StudentRegistrationSsb/ssb/searchResults/searchResults?txt_term=202730&startDatepicker=&endDatepicker=&uniqueSessionId=dgb8683571bd8c&pageOffset=1000&pageMaxSize=500&sortColumn=subjectDescription&sortDirection=asc,2026-09-12T15:45:44.9543940+00:00,2026-09-12T17:15:18.7670270+00:00
montgomery,202730,Spring 2027 (View Only),ENGL,101,32310,402,INTRODUCTION TO COLLEGE WRITING,3.0,3.0,3.0,3,,Rockville,22,0,40,0,,,,TR 1305-1435 South Campus Instruction Bldg 204 Class,,,https://b9pubstu.glb.montgomerycollege.edu/StudentRegistrationSsb/ssb/searchResults/searchResults?txt_term=202730&startDatepicker=&endDatepicker=&uniqueSessionId=dgb8683571bd8c&pageOffset=1500&pageMaxSize=500&sortColumn=subjectDescription&sortDirection=asc,2026-09-12T15:45:53.8822410+00:00,2026-09-12T17:15:18.7670270+00:00
montgomery,202730,Spring 2027 (View Only),ENGL,101,32754,014,INTRODUCTION TO COLLEGE WRITING,3.0,3.0,3.0,3,,Takoma Park/Silver Spring,22,0,40,0,,,,MW 1325-1440 Pavilion Three 206 Class,,,https://b9pubstu.glb.montgomerycollege.edu/StudentRegistrationSsb/ssb/searchResults/searchResults?txt_term=202730&startDatepicker=&endDatepicker=&uniqueSessionId=dgb8683571bd8c&pageOffset=1000&pageMaxSize=500&sortColumn=subjectDescription&sortDirection=asc,2026-09-12T15:45:44.9543940+00:00,2026-09-12T17:15:18.7670270+00:00
montgomery,202730,Spring 2027 (View Only),ENGL,102,31310,006,"CRITICAL READING,WRITING, & RESEARCH",3.0,3.0,3.0,3,,Takoma Park/Silver Spring,22,0,40,0,,,,TR 1100-1230 Catherine F. Scott Commons 116 Class,,,https://b9pubstu.glb.montgomerycollege.edu/StudentRegistrationSsb/ssb/searchResults/searchResults?txt_term=202730&startDatepicker=&endDatepicker=&uniqueSessionId=dgb8683571bd8c&pageOffset=1500&pageMaxSize=500&sortColumn=subjectDescription&sortDirection=asc,2026-09-12T15:45:53.8822410+00:00,2026-09-12T17:15:18.7670270+00:00
montgomery,202730,Spring 2027 (View Only),FILM,220,32465,001,BASIC MOVIE PRODUCTION,3.0,3.0,3.0,3,,Takoma Park/Silver Spring,12,0,40,0,,,,F 1000-1140 Cultural Arts Center 106 Class,"Comiskey, Andree (primary)",,https://b9pubstu.glb.montgomerycollege.edu/StudentRegistrationSsb/ssb/searchResults/searchResults?txt_term=202730&startDatepicker=&endDatepicker=&uniqueSessionId=dgb8683571bd8c&pageOffset=1500&pageMaxSize=500&sortColumn=subjectDescription&sortDirection=asc,2026-09-12T15:45:53.8822410+00:00,2026-09-12T17:15:18.7670270+00:00
montgomery,202730,Spring 2027 (View Only),GDES,230,32407,400,"PHOTOSHOP: ADV IMAGE EDITING
PHOTOSHOP: ADV IMAGE EDITING
PHOTOSHOP: ADVANCED IMAGE EDITING",4.0,4.0,4.0,4,,Rockville,8,0,40,0,AI,20,0,W 1800-2005 Technical Center 148 Class,,,https://b9pubstu.glb.montgomerycollege.edu/StudentRegistrationSsb/ssb/searchResults/searchResults?txt_term=202730&startDatepicker=&endDatepicker=&uniqueSessionId=dgb8683571bd8c&pageOffset=1500&pageMaxSize=500&sortColumn=subjectDescription&sortDirection=asc,2026-09-12T15:45:53.8822410+00:00,2026-09-12T17:15:18.7670270+00:00
montgomery,202730,Spring 2027 (View Only),GEOG,255L,30642,401,INTRODUCTION TO COMPUTER MAPPING,0.0,0.0,0.0,0,,Rockville,12,0,40,0,,,,W 1950-2130 Technical Center 217 Class,,,https://b9pubstu.glb.montgomerycollege.edu/StudentRegistrationSsb/ssb/searchResults/searchResults?txt_term=202730&startDatepicker=&endDatepicker=&uniqueSessionId=dgb8683571bd8c&pageOffset=1500&pageMaxSize=500&sortColumn=subjectDescription&sortDirection=asc,2026-09-12T15:45:53.8822410+00:00,2026-09-12T17:15:18.7670270+00:00
montgomery,202730,Spring 2027 (View Only),HINM,116,31905,3TD,MEDICAL TERMINOLOGY II,2.0,2.0,2.0,2,,Distance Learning,25,0,40,0,,,,none - Distance Learning WEB Class,,,https://b9pubstu.glb.montgomerycollege.edu/StudentRegistrationSsb/ssb/searchResults/searchResults?txt_term=202730&startDatepicker=&endDatepicker=&uniqueSessionId=dgb8683571bd8c&pageOffset=1500&pageMaxSize=500&sortColumn=subjectDescription&sortDirection=asc,2026-09-12T15:45:53.8822410+00:00,2026-09-12T17:15:18.7670270+00:00
montgomery,202730,Spring 2027 (View Only),HORT,100L,32362,001,INTRODUCTION TO PLANT SCIENCES,0.0,0.0,0.0,0,,Takoma Park/Silver Spring,18,0,40,0,,,,S 1200-1350 Leggett Math & Science 003 Class,"Bosmans, Raymond (primary)",,https://b9pubstu.glb.montgomerycollege.edu/StudentRegistrationSsb/ssb/searchResults/searchResults?txt_term=202730&startDatepicker=&endDatepicker=&uniqueSessionId=dgb8683571bd8c&pageOffset=2000&pageMaxSize=500&sortColumn=subjectDescription&sortDirection=asc,2026-09-12T15:46:01.9493650+00:00,2026-09-12T17:15:18.7670270+00:00
montgomery,202730,Spring 2027 (View Only),MATH,017,31486,404,ELEMENTS OF STATISTICS SUPPORT,2.0,2.0,2.0,2,,Rockville,24,0,40,0,,,,TR 1920-2010 Science Center 350 Class,,,https://b9pubstu.glb.montgomerycollege.edu/StudentRegistrationSsb/ssb/searchResults/searchResults?txt_term=202730&startDatepicker=&endDatepicker=&uniqueSessionId=dgb8683571bd8c&pageOffset=2000&pageMaxSize=500&sortColumn=subjectDescription&sortDirection=asc,2026-09-12T15:46:01.9493650+00:00,2026-09-12T17:15:18.7670270+00:00
montgomery,202730,Spring 2027 (View Only),MATH,120,31500,202,SURVEY OF COLLEGE MATHEMATICS,3.0,3.0,3.0,3,,Germantown,24,0,40,0,,,,TR 0800-0915 High Tech and Science Center 137 Class,,,https://b9pubstu.glb.montgomerycollege.edu/StudentRegistrationSsb/ssb/searchResults/searchResults?txt_term=202730&startDatepicker=&endDatepicker=&uniqueSessionId=dgb8683571bd8c&pageOffset=2000&pageMaxSize=500&sortColumn=subjectDescription&sortDirection=asc,2026-09-12T15:46:01.9493650+00:00,2026-09-12T17:15:18.7670270+00:00
montgomery,202730,Spring 2027 (View Only),MATH,181,30470,411,CALCULUS I,4.0,4.0,4.0,4,,Rockville,24,0,40,0,,,,TR 1030-1210 Science Center West 318 Class,,,https://b9pubstu.glb.montgomerycollege.edu/StudentRegistrationSsb/ssb/searchResults/searchResults?txt_term=202730&startDatepicker=&endDatepicker=&uniqueSessionId=dgb8683571bd8c&pageOffset=2000&pageMaxSize=500&sortColumn=subjectDescription&sortDirection=asc,2026-09-12T15:46:01.9493650+00:00,2026-09-12T17:15:18.7670270+00:00
montgomery,202730,Spring 2027 (View Only),MATH,181,30673,001,CALCULUS I,4.0,4.0,4.0,4,,Takoma Park/Silver Spring,24,0,40,0,,,,TR 0900-1040 Pavilion Four 107 Class,,,https://b9pubstu.glb.montgomerycollege.edu/StudentRegistrationSsb/ssb/searchResults/searchResults?txt_term=202730&startDatepicker=&endDatepicker=&uniqueSessionId=dgb8683571bd8c&pageOffset=2000&pageMaxSize=500&sortColumn=subjectDescription&sortDirection=asc,2026-09-12T15:46:01.9493650+00:00,2026-09-12T17:15:18.7670270+00:00
montgomery,202730,Spring 2027 (View Only),MATH,181,30831,201,CALCULUS I,4.0,4.0,4.0,4,,Germantown,24,0,40,0,,,,MWF 1200-1310 Student Affairs and Science 212 Class,,,https://b9pubstu.glb.montgomerycollege.edu/StudentRegistrationSsb/ssb/searchResults/searchResults?txt_term=202730&startDatepicker=&endDatepicker=&uniqueSessionId=dgb8683571bd8c&pageOffset=2000&pageMaxSize=500&sortColumn=subjectDescription&sortDirection=asc,2026-09-12T15:46:01.9493650+00:00,2026-09-12T17:15:18.7670270+00:00
montgomery,202730,Spring 2027 (View Only),MATH,280,33284,001,MULTIVARIABLE CALCULUS,4.0,4.0,4.0,4,,Takoma Park/Silver Spring,24,0,40,0,,,,MW 0930-1110 Leggett Math & Science 221 Class,,,https://b9pubstu.glb.montgomerycollege.edu/StudentRegistrationSsb/ssb/searchResults/searchResults?txt_term=202730&startDatepicker=&endDatepicker=&uniqueSessionId=dgb8683571bd8c&pageOffset=2000&pageMaxSize=500&sortColumn=subjectDescription&sortDirection=asc,2026-09-12T15:46:01.9493650+00:00,2026-09-12T17:15:18.7670270+00:00
montgomery,202730,Spring 2027 (View Only),MATH,284,30835,200,LINEAR ALGEBRA,4.0,4.0,4.0,4,,Germantown,24,0,40,0,,,,TR 1200-1340 Humanities and Social Sciences 236 Class,,,https://b9pubstu.glb.montgomerycollege.edu/StudentRegistrationSsb/ssb/searchResults/searchResults?txt_term=202730&startDatepicker=&endDatepicker=&uniqueSessionId=dgb8683571bd8c&pageOffset=2000&pageMaxSize=500&sortColumn=subjectDescription&sortDirection=asc,2026-09-12T15:46:01.9493650+00:00,2026-09-12T17:15:18.7670270+00:00
montgomery,202730,Spring 2027 (View Only),MUSC,110,30551,ZRA,LISTENING TO MUSIC,3.0,3.0,3.0,3,,Distance Learning,21,0,40,0,,,,MWF 0900-0950 Remote Classes  Class,"Harris, Christian (primary)",,https://b9pubstu.glb.montgomerycollege.edu/StudentRegistrationSsb/ssb/searchResults/searchResults?txt_term=202730&startDatepicker=&endDatepicker=&uniqueSessionId=dgb8683571bd8c&pageOffset=2000&pageMaxSize=500&sortColumn=subjectDescription&sortDirection=asc,2026-09-12T15:46:01.9493650+00:00,2026-09-12T17:15:18.7670270+00:00
montgomery,202730,Spring 2027 (View Only),MUSC,125,30604,401,HISTORY OF JAZZ,3.0,3.0,3.0,3,,Rockville,18,0,40,0,,,,MW 1500-1630 Music Building 110 Class,"Saelzer, Pablo (primary)",,https://b9pubstu.glb.montgomerycollege.edu/StudentRegistrationSsb/ssb/searchResults/searchResults?txt_term=202730&startDatepicker=&endDatepicker=&uniqueSessionId=dgb8683571bd8c&pageOffset=2000&pageMaxSize=500&sortColumn=subjectDescription&sortDirection=asc,2026-09-12T15:46:01.9493650+00:00,2026-09-12T17:15:18.7670270+00:00
montgomery,202730,Spring 2027 (View Only),MUSC,172,32713,400,COLLEGE BAND - WIND ENSEMBLE,1.0,1.0,1.0,1,,Rockville,15,0,40,0,,,,R 1630-1900 Music Building 124 Class,"Spoor, Aaron (primary)",,https://b9pubstu.glb.montgomerycollege.edu/StudentRegistrationSsb/ssb/searchResults/searchResults?txt_term=202730&startDatepicker=&endDatepicker=&uniqueSessionId=dgb8683571bd8c&pageOffset=2000&pageMaxSize=500&sortColumn=subjectDescription&sortDirection=asc,2026-09-12T15:46:01.9493650+00:00,2026-09-12T17:15:18.7670270+00:00
montgomery,202730,Spring 2027 (View Only),NURS,125C,32050,011,NURSING IN HEALTH AND ILLNESS I,0.0,0.0,0.0,0,,Takoma Park/Silver Spring,6,0,0,0,,,,none - Off Campus Location OC Class,,,https://b9pubstu.glb.montgomerycollege.edu/StudentRegistrationSsb/ssb/searchResults/searchResults?txt_term=202730&startDatepicker=&endDatepicker=&uniqueSessionId=dgb8683571bd8c&pageOffset=2500&pageMaxSize=500&sortColumn=subjectDescription&sortDirection=asc,2026-09-12T15:46:10.5656000+00:00,2026-09-12T17:15:18.7670270+00:00
montgomery,202730,Spring 2027 (View Only),NURS,126C,32570,030,NURSING CARE OF SPECIAL POPULATIONS I: PSYCHIATRIC & MENTAL HEALTH NURSING,0.0,0.0,0.0,0,,Takoma Park/Silver Spring,6,0,0,0,,,,none - Off Campus Location OC Class,,,https://b9pubstu.glb.montgomerycollege.edu/StudentRegistrationSsb/ssb/searchResults/searchResults?txt_term=202730&startDatepicker=&endDatepicker=&uniqueSessionId=dgb8683571bd8c&pageOffset=2500&pageMaxSize=500&sortColumn=subjectDescription&sortDirection=asc,2026-09-12T15:46:10.5656000+00:00,2026-09-12T17:15:18.7670270+00:00
montgomery,202730,Spring 2027 (View Only),NURS,205,30815,3TB,TRANSITION TO PROFESSIONAL NURSING PRACTICE,1.0,1.0,1.0,1,,Distance Learning,25,0,0,0,,,,none - Distance Learning WEB Class,,,https://b9pubstu.glb.montgomerycollege.edu/StudentRegistrationSsb/ssb/searchResults/searchResults?txt_term=202730&startDatepicker=&endDatepicker=&uniqueSessionId=dgb8683571bd8c&pageOffset=2500&pageMaxSize=500&sortColumn=subjectDescription&sortDirection=asc,2026-09-12T15:46:10.5656000+00:00,2026-09-12T17:15:18.7670270+00:00
montgomery,202730,Spring 2027 (View Only),NWIT,127,31023,3GB,MICROCOMPUTER ESSENTIALS,3.0,3.0,3.0,3,,Distance Learning,25,0,40,0,,,,S 1300-1540 Remote Classes  Class,,,https://b9pubstu.glb.montgomerycollege.edu/StudentRegistrationSsb/ssb/searchResults/searchResults?txt_term=202730&startDatepicker=&endDatepicker=&uniqueSessionId=dgb8683571bd8c&pageOffset=2500&pageMaxSize=500&sortColumn=subjectDescription&sortDirection=asc,2026-09-12T15:46:10.5656000+00:00,2026-09-12T17:15:18.7670270+00:00
montgomery,202730,Spring 2027 (View Only),PHED,111,32134,400,MARTIAL ARTS I,1.0,1.0,1.0,1,,Rockville,15,0,40,0,,,,TR 1300-1350 Physical Education Ctr Rockv 121 Class,,,https://b9pubstu.glb.montgomerycollege.edu/StudentRegistrationSsb/ssb/searchResults/searchResults?txt_term=202730&startDatepicker=&endDatepicker=&uniqueSessionId=dgb8683571bd8c&pageOffset=2500&pageMaxSize=500&sortColumn=subjectDescription&sortDirection=asc,2026-09-12T15:46:10.5656000+00:00,2026-09-12T17:15:18.7670270+00:00
montgomery,202730,Spring 2027 (View Only),PHIL,140,32593,3GA,INTRODUCTION TO THE STUDY OF ETHICS,3.0,3.0,3.0,3,,Distance Learning,25,0,40,0,,,,none - Distance Learning WEB Class,"Wolfensberger, Joseph (primary)",,https://b9pubstu.glb.montgomerycollege.edu/StudentRegistrationSsb/ssb/searchResults/searchResults?txt_term=202730&startDatepicker=&endDatepicker=&uniqueSessionId=dgb8683571bd8c&pageOffset=2500&pageMaxSize=500&sortColumn=subjectDescription&sortDirection=asc,2026-09-12T15:46:10.5656000+00:00,2026-09-12T17:15:18.7670270+00:00
montgomery,202730,Spring 2027 (View Only),PHIL,201,31287,400,MORALITY & CONTEMPORARY LAW,3.0,3.0,3.0,3,,Rockville,25,0,40,0,,,,TR 1230-1400 South Campus Instruction Bldg 212 Class,,,https://b9pubstu.glb.montgomerycollege.edu/StudentRegistrationSsb/ssb/searchResults/searchResults?txt_term=202730&startDatepicker=&endDatepicker=&uniqueSessionId=dgb8683571bd8c&pageOffset=2500&pageMaxSize=500&sortColumn=subjectDescription&sortDirection=asc,2026-09-12T15:46:10.5656000+00:00,2026-09-12T17:15:18.7670270+00:00
montgomery,202730,Spring 2027 (View Only),PHOT,269A,32327,ZRA,SPECIAL PHOTOGRAPHY ASSIGNMENT,1.0,1.0,1.0,1,,Distance Learning,1,0,0,0,,,,none - Remote Classes  Class,,,https://b9pubstu.glb.montgomerycollege.edu/StudentRegistrationSsb/ssb/searchResults/searchResults?txt_term=202730&startDatepicker=&endDatepicker=&uniqueSessionId=dgb8683571bd8c&pageOffset=2500&pageMaxSize=500&sortColumn=subjectDescription&sortDirection=asc,2026-09-12T15:46:10.5656000+00:00,2026-09-12T17:15:18.7670270+00:00
montgomery,202730,Spring 2027 (View Only),PHYS,203L,30924,401,GENERAL PHYSICS I (NON-ENGINEERING),0.0,0.0,0.0,0,,Rockville,24,0,40,0,,,,R 1920-2200 Science Center 412 Class,,,https://b9pubstu.glb.montgomerycollege.edu/StudentRegistrationSsb/ssb/searchResults/searchResults?txt_term=202730&startDatepicker=&endDatepicker=&uniqueSessionId=dgb8683571bd8c&pageOffset=2500&pageMaxSize=500&sortColumn=subjectDescription&sortDirection=asc,2026-09-12T15:46:10.5656000+00:00,2026-09-12T17:15:18.7670270+00:00
montgomery,202730,Spring 2027 (View Only),PSYC,100,32642,ZRB,GENERAL PSYCHOLOGY,3.0,3.0,3.0,3,,Distance Learning,25,0,40,0,,,,none - Distance Learning WEB Class,"Fillion, Elizabeth (primary)",,https://b9pubstu.glb.montgomerycollege.edu/StudentRegistrationSsb/ssb/searchResults/searchResults?txt_term=202730&startDatepicker=&endDatepicker=&uniqueSessionId=dgb8683571bd8c&pageOffset=3000&pageMaxSize=500&sortColumn=subjectDescription&sortDirection=asc,2026-09-12T15:46:16.2841120+00:00,2026-09-12T17:15:18.7670270+00:00
montgomery,202730,Spring 2027 (View Only),PSYC,100,32655,410,GENERAL PSYCHOLOGY,3.0,3.0,3.0,3,,Rockville,30,0,40,0,,,,TR 1400-1515 Humanities Building 010 Class,"Morales Picard, Alejandra (primary)",,https://b9pubstu.glb.montgomerycollege.edu/StudentRegistrationSsb/ssb/searchResults/searchResults?txt_term=202730&startDatepicker=&endDatepicker=&uniqueSessionId=dgb8683571bd8c&pageOffset=2500&pageMaxSize=500&sortColumn=subjectDescription&sortDirection=asc,2026-09-12T15:46:10.5656000+00:00,2026-09-12T17:15:18.7670270+00:00
montgomery,202730,Spring 2027 (View Only),RADT,124,32969,003,CLINICAL RADIOLOGY III,2.0,2.0,2.0,2,,Takoma Park/Silver Spring,9,0,0,0,,,,TR 0730-1530 Off Campus Location OC Class,,,https://b9pubstu.glb.montgomerycollege.edu/StudentRegistrationSsb/ssb/searchResults/searchResults?txt_term=202730&startDatepicker=&endDatepicker=&uniqueSessionId=dgb8683571bd8c&pageOffset=3000&pageMaxSize=500&sortColumn=subjectDescription&sortDirection=asc,2026-09-12T15:46:16.2841120+00:00,2026-09-12T17:15:18.7670270+00:00
montgomery,202730,Spring 2027 (View Only),SOCY,100,31963,202,INTRODUCTION TO SOCIOLOGY,3.0,3.0,3.0,3,,Germantown,30,0,40,0,,,,TR 1100-1215 High Tech and Science Center 406 Class,"Sullivan, Rachel (primary)",,https://b9pubstu.glb.montgomerycollege.edu/StudentRegistrationSsb/ssb/searchResults/searchResults?txt_term=202730&startDatepicker=&endDatepicker=&uniqueSessionId=dgb8683571bd8c&pageOffset=3000&pageMaxSize=500&sortColumn=subjectDescription&sortDirection=asc,2026-09-12T15:46:16.2841120+00:00,2026-09-12T17:15:18.7670270+00:00
montgomery,202730,Spring 2027 (View Only),SOCY,105,31042,401,SOCIAL PROBLEMS AND ISSUES,3.0,3.0,3.0,3,,Rockville,30,0,40,0,,,,TR 0930-1045 Humanities Building 210 Class,"Witte, Tracie (primary)",,https://b9pubstu.glb.montgomerycollege.edu/StudentRegistrationSsb/ssb/searchResults/searchResults?txt_term=202730&startDatepicker=&endDatepicker=&uniqueSessionId=dgb8683571bd8c&pageOffset=3000&pageMaxSize=500&sortColumn=subjectDescription&sortDirection=asc,2026-09-12T15:46:16.2841120+00:00,2026-09-12T17:15:18.7670270+00:00
montgomery,202730,Spring 2027 (View Only),SONO,266,32228,001,SONOGRAPHY PRACTICUM VI,4.0,4.0,4.0,4,,Takoma Park/Silver Spring,5,0,0,0,,,,MTWRF - Off Campus Location OC Class ; none - Distance Learning WEB Class,,,https://b9pubstu.glb.montgomerycollege.edu/StudentRegistrationSsb/ssb/searchResults/searchResults?txt_term=202730&startDatepicker=&endDatepicker=&uniqueSessionId=dgb8683571bd8c&pageOffset=3000&pageMaxSize=500&sortColumn=subjectDescription&sortDirection=asc,2026-09-12T15:46:16.2841120+00:00,2026-09-12T17:15:18.7670270+00:00
montgomery,202730,Spring 2027 (View Only),STSU,120,32442,200,CAREER DEVELOPMENT: DYNAMICS & APPLICATION,2.0,2.0,2.0,2,,Germantown,20,0,40,0,,,,W 1300-1500 Humanities and Social Sciences 171 Class,"Garrison, Zenobia (primary)",,https://b9pubstu.glb.montgomerycollege.edu/StudentRegistrationSsb/ssb/searchResults/searchResults?txt_term=202730&startDatepicker=&endDatepicker=&uniqueSessionId=dgb8683571bd8c&pageOffset=3000&pageMaxSize=500&sortColumn=subjectDescription&sortDirection=asc,2026-09-12T15:46:16.2841120+00:00,2026-09-12T17:15:18.7670270+00:00
montgomery,202820,Fall 2027 (View Only),ANTH,201,20673,401,INTRODUCTION TO SOCIOCULTURAL ANTHROPOLOGY,3.0,3.0,3.0,3,,Rockville,21,0,40,0,,,,MW 0900-1015 Humanities Building 222 Class,,,https://b9pubstu.glb.montgomerycollege.edu/StudentRegistrationSsb/ssb/searchResults/searchResults?txt_term=202820&startDatepicker=&endDatepicker=&uniqueSessionId=dgd8ad59a20ef7&pageOffset=0&pageMaxSize=500&sortColumn=subjectDescription&sortDirection=asc,2026-09-12T15:44:33.7698260+00:00,2026-09-12T17:14:25.2355570+00:00
montgomery,202820,Fall 2027 (View Only),ANTH,201,21196,201,INTRODUCTION TO SOCIOCULTURAL ANTHROPOLOGY,3.0,3.0,3.0,3,,Germantown,20,0,40,0,,,,TR 0930-1045 Humanities and Social Sciences 173 Class,,,https://b9pubstu.glb.montgomerycollege.edu/StudentRegistrationSsb/ssb/searchResults/searchResults?txt_term=202820&startDatepicker=&endDatepicker=&uniqueSessionId=dgd8ad59a20ef7&pageOffset=0&pageMaxSize=500&sortColumn=subjectDescription&sortDirection=asc,2026-09-12T15:44:33.7698260+00:00,2026-09-12T17:14:25.2355570+00:00
montgomery,202820,Fall 2027 (View Only),ARCH,201L,20409,401,INTRODUCTION TO ARCHITECTURAL DESIGN,0.0,0.0,0.0,0,,Rockville,18,0,40,0,,,,TR 1900-2040 Technical Center 214 Class,,,https://b9pubstu.glb.montgomerycollege.edu/StudentRegistrationSsb/ssb/searchResults/searchResults?txt_term=202820&startDatepicker=&endDatepicker=&uniqueSessionId=dgd8ad59a20ef7&pageOffset=0&pageMaxSize=500&sortColumn=subjectDescription&sortDirection=asc,2026-09-12T15:44:33.7698260+00:00,2026-09-12T17:14:25.2355570+00:00
montgomery,202820,Fall 2027 (View Only),ARTT,100,20027,405,INTRODUCTION TO DRAWING,3.0,3.0,3.0,3,,Rockville,20,0,40,0,,,,TR 1600-1840 The Paul Peck Art Building 301 Class,,,https://b9pubstu.glb.montgomerycollege.edu/StudentRegistrationSsb/ssb/searchResults/searchResults?txt_term=202820&startDatepicker=&endDatepicker=&uniqueSessionId=dgd8ad59a20ef7&pageOffset=0&pageMaxSize=500&sortColumn=subjectDescription&sortDirection=asc,2026-09-12T15:44:33.7698260+00:00,2026-09-12T17:14:25.2355570+00:00
montgomery,202820,Fall 2027 (View Only),ARTT,100,20028,406,INTRODUCTION TO DRAWING,3.0,3.0,3.0,3,,Rockville,20,0,40,0,,,,MW 1900-2140 The Paul Peck Art Building 304 Class,,,https://b9pubstu.glb.montgomerycollege.edu/StudentRegistrationSsb/ssb/searchResults/searchResults?txt_term=202820&startDatepicker=&endDatepicker=&uniqueSessionId=dgd8ad59a20ef7&pageOffset=0&pageMaxSize=500&sortColumn=subjectDescription&sortDirection=asc,2026-09-12T15:44:33.7698260+00:00,2026-09-12T17:14:25.2355570+00:00
montgomery,202820,Fall 2027 (View Only),ARTT,120,22447,401,CERAMICS I,3.0,3.0,3.0,3,,Rockville,20,0,40,0,,,,TR 1830-2110 Remote Classes  Class ; R 1830-2110 The Paul Peck Art Building 108 Class ; T 1830-2110 The Paul Peck Art Building 108 Class ; T 1830-2110 The Paul Peck Art Building 108 Class ; T 1830-2110 The Paul Peck Art Building 108 Class ; R 1830-2110 The Paul Peck Art Building 108 Class ; R 1830-2110 The Paul Peck Art Building 108 Class,,,https://b9pubstu.glb.montgomerycollege.edu/StudentRegistrationSsb/ssb/searchResults/searchResults?txt_term=202820&startDatepicker=&endDatepicker=&uniqueSessionId=dgd2bb44ec974f&pageOffset=0&pageMaxSize=500&sortColumn=subjectDescription&sortDirection=asc,2026-09-12T17:13:38.5346270+00:00,2026-09-12T17:14:25.2355570+00:00
montgomery,202820,Fall 2027 (View Only),ARTT,201,23247,3TA,GLOBAL ART HISTORY II,3.0,3.0,3.0,3,,Distance Learning,20,0,40,0,,,,none - Distance Learning WEB Class,"Cash, Cristin (primary)",,https://b9pubstu.glb.montgomerycollege.edu/StudentRegistrationSsb/ssb/searchResults/searchResults?txt_term=202820&startDatepicker=&endDatepicker=&uniqueSessionId=dgd8ad59a20ef7&pageOffset=0&pageMaxSize=500&sortColumn=subjectDescription&sortDirection=asc,2026-09-12T15:44:33.7698260+00:00,2026-09-12T17:14:25.2355570+00:00
montgomery,202820,Fall 2027 (View Only),AUTO,101,20129,402,INTRODUCTION TO AUTOMOTIVE TECHNOLOGY,3.0,3.0,3.0,3,,Rockville,12,0,40,0,,,,S 0900-1050 Gudelsky Inst for Tech Ed 153 Class,,,https://b9pubstu.glb.montgomerycollege.edu/StudentRegistrationSsb/ssb/searchResults/searchResults?txt_term=202820&startDatepicker=&endDatepicker=&uniqueSessionId=dgd8ad59a20ef7&pageOffset=0&pageMaxSize=500&sortColumn=subjectDescription&sortDirection=asc,2026-09-12T15:44:33.7698260+00:00,2026-09-12T17:14:25.2355570+00:00
montgomery,202820,Fall 2027 (View Only),BIOL,101,20825,405,GENERAL BIOLOGY,4.0,4.0,4.0,4,,Rockville,24,0,10,0,,,,MW 0900-0950 Science Center 125 Class,,,https://b9pubstu.glb.montgomerycollege.edu/StudentRegistrationSsb/ssb/searchResults/searchResults?txt_term=202820&startDatepicker=&endDatepicker=&uniqueSessionId=dgd8ad59a20ef7&pageOffset=0&pageMaxSize=500&sortColumn=subjectDescription&sortDirection=asc,2026-09-12T15:44:33.7698260+00:00,2026-09-12T17:14:25.2355570+00:00
montgomery,202820,Fall 2027 (View Only),BIOL,101L,20840,408,GENERAL BIOLOGY,0.0,0.0,0.0,0,,Rockville,24,0,10,0,,,,TR 1400-1550 Science Center 220 Class,,,https://b9pubstu.glb.montgomerycollege.edu/StudentRegistrationSsb/ssb/searchResults/searchResults?txt_term=202820&startDatepicker=&endDatepicker=&uniqueSessionId=dgd8ad59a20ef7&pageOffset=0&pageMaxSize=500&sortColumn=subjectDescription&sortDirection=asc,2026-09-12T15:44:33.7698260+00:00,2026-09-12T17:14:25.2355570+00:00
montgomery,202820,Fall 2027 (View Only),BIOL,150,20169,001,PRINCIPLES OF BIOLOGY I,4.0,4.0,4.0,4,,Takoma Park/Silver Spring,24,0,10,0,,,,TR 0900-1015 Catherine F. Scott Commons 220 Class,,,https://b9pubstu.glb.montgomerycollege.edu/StudentRegistrationSsb/ssb/searchResults/searchResults?txt_term=202820&startDatepicker=&endDatepicker=&uniqueSessionId=dgd8ad59a20ef7&pageOffset=0&pageMaxSize=500&sortColumn=subjectDescription&sortDirection=asc,2026-09-12T15:44:33.7698260+00:00,2026-09-12T17:14:25.2355570+00:00
montgomery,202820,Fall 2027 (View Only),BIOL,150L,20867,402,PRINCIPLES OF BIOLOGY I,0.0,0.0,0.0,0,,Rockville,18,0,10,0,,,,MW 1045-1200 Science Center 216 Class,,,https://b9pubstu.glb.montgomerycollege.edu/StudentRegistrationSsb/ssb/searchResults/searchResults?txt_term=202820&startDatepicker=&endDatepicker=&uniqueSessionId=dgd8ad59a20ef7&pageOffset=0&pageMaxSize=500&sortColumn=subjectDescription&sortDirection=asc,2026-09-12T15:44:33.7698260+00:00,2026-09-12T17:14:25.2355570+00:00
montgomery,202820,Fall 2027 (View Only),BIOL,150L,20874,412,PRINCIPLES OF BIOLOGY I,0.0,0.0,0.0,0,,Rockville,24,0,10,0,,,,T 1530-1800 Science Center 211 Class,,,https://b9pubstu.glb.montgomerycollege.edu/StudentRegistrationSsb/ssb/searchResults/searchResults?txt_term=202820&startDatepicker=&endDatepicker=&uniqueSessionId=dgd8ad59a20ef7&pageOffset=0&pageMaxSize=500&sortColumn=subjectDescription&sortDirection=asc,2026-09-12T15:44:33.7698260+00:00,2026-09-12T17:14:25.2355570+00:00
montgomery,202820,Fall 2027 (View Only),BIOL,212L,20256,002,HUMAN ANATOMY & PHYSIOLOGY I,0.0,0.0,0.0,0,,Takoma Park/Silver Spring,23,0,10,0,,,,TR 1300-1440 Leggett Math & Science 115 Class,,,https://b9pubstu.glb.montgomerycollege.edu/StudentRegistrationSsb/ssb/searchResults/searchResults?txt_term=202820&startDatepicker=&endDatepicker=&uniqueSessionId=dgd8ad59a20ef7&pageOffset=500&pageMaxSize=500&sortColumn=subjectDescription&sortDirection=asc,2026-09-12T15:44:39.8258070+00:00,2026-09-12T17:14:25.2355570+00:00
montgomery,202820,Fall 2027 (View Only),BIOL,213,20908,401,HUMAN ANATOMY & PHYSIOLOGY II,4.0,4.0,4.0,4,,Rockville,24,0,10,0,,,,MW 0900-0950 Science Center West 303 Class,,,https://b9pubstu.glb.montgomerycollege.edu/StudentRegistrationSsb/ssb/searchResults/searchResults?txt_term=202820&startDatepicker=&endDatepicker=&uniqueSessionId=dgd8ad59a20ef7&pageOffset=500&pageMaxSize=500&sortColumn=subjectDescription&sortDirection=asc,2026-09-12T15:44:39.8258070+00:00,2026-09-12T17:14:25.2355570+00:00
montgomery,202820,Fall 2027 (View Only),BIOL,213L,22406,LRB,HUMAN ANATOMY & PHYSIOLOGY II,0.0,0.0,0.0,0,,Distance Learning,25,0,10,0,,,,none - Distance Learning WEB Class,,,https://b9pubstu.glb.montgomerycollege.edu/StudentRegistrationSsb/ssb/searchResults/searchResults?txt_term=202820&startDatepicker=&endDatepicker=&uniqueSessionId=dgd8ad59a20ef7&pageOffset=500&pageMaxSize=500&sortColumn=subjectDescription&sortDirection=asc,2026-09-12T15:44:39.8258070+00:00,2026-09-12T17:14:25.2355570+00:00
montgomery,202820,Fall 2027 (View Only),BLDG,172L,22882,400,HVACR ELECTRICITY,0.0,0.0,0.0,0,,Rockville,12,0,40,0,,,,TR 1445-1600 Gudelsky Inst for Tech Ed 228 Class,,,https://b9pubstu.glb.montgomerycollege.edu/StudentRegistrationSsb/ssb/searchResults/searchResults?txt_term=202820&startDatepicker=&endDatepicker=&uniqueSessionId=dgd8ad59a20ef7&pageOffset=500&pageMaxSize=500&sortColumn=subjectDescription&sortDirection=asc,2026-09-12T15:44:39.8258070+00:00,2026-09-12T17:14:25.2355570+00:00
montgomery,202820,Fall 2027 (View Only),CHEM,131,20713,406,PRINCIPLES OF CHEMISTRY I,4.0,4.0,4.0,4,,Rockville,20,0,10,0,,,,MW 1800-1915 Science Center West 316 Class,,,https://b9pubstu.glb.montgomerycollege.edu/StudentRegistrationSsb/ssb/searchResults/searchResults?txt_term=202820&startDatepicker=&endDatepicker=&uniqueSessionId=dgd8ad59a20ef7&pageOffset=500&pageMaxSize=500&sortColumn=subjectDescription&sortDirection=asc,2026-09-12T15:44:39.8258070+00:00,2026-09-12T17:14:25.2355570+00:00
montgomery,202820,Fall 2027 (View Only),CHEM,131D,23621,010,PRINCIPLES OF CHEMISTRY I,0.0,0.0,0.0,0,,Takoma Park/Silver Spring,24,0,10,0,,,,S 0900-0955 Leggett Math & Science 102 Class,,,https://b9pubstu.glb.montgomerycollege.edu/StudentRegistrationSsb/ssb/searchResults/searchResults?txt_term=202820&startDatepicker=&endDatepicker=&uniqueSessionId=dgd8ad59a20ef7&pageOffset=500&pageMaxSize=500&sortColumn=subjectDescription&sortDirection=asc,2026-09-12T15:44:39.8258070+00:00,2026-09-12T17:14:25.2355570+00:00
montgomery,202820,Fall 2027 (View Only),CHEM,131L,22709,4HC,PRINCIPLES OF CHEMISTRY I,0.0,0.0,0.0,0,,Rockville,20,0,10,0,,,,T 1130-1410 Science Center 321 Class,,,https://b9pubstu.glb.montgomerycollege.edu/StudentRegistrationSsb/ssb/searchResults/searchResults?txt_term=202820&startDatepicker=&endDatepicker=&uniqueSessionId=dgd8ad59a20ef7&pageOffset=500&pageMaxSize=500&sortColumn=subjectDescription&sortDirection=asc,2026-09-12T15:44:39.8258070+00:00,2026-09-12T17:14:25.2355570+00:00
montgomery,202820,Fall 2027 (View Only),CHEM,203L,22943,002,ORGANIC CHEMISTRY I,0.0,0.0,0.0,0,,Takoma Park/Silver Spring,16,0,0,0,,,,R 1200-1530 Leggett Math & Science 015 Class,,,https://b9pubstu.glb.montgomerycollege.edu/StudentRegistrationSsb/ssb/searchResults/searchResults?txt_term=202820&startDatepicker=&endDatepicker=&uniqueSessionId=dgd8ad59a20ef7&pageOffset=500&pageMaxSize=500&sortColumn=subjectDescription&sortDirection=asc,2026-09-12T15:44:39.8258070+00:00,2026-09-12T17:14:25.2355570+00:00
montgomery,202820,Fall 2027 (View Only),CMGT,285,20422,3RA,PRACTICAL CONSTRUCTION LAW,3.0,3.0,3.0,3,,Distance Learning,28,0,40,0,,,,T 1730-2005 Remote Classes  Class,,,https://b9pubstu.glb.montgomerycollege.edu/StudentRegistrationSsb/ssb/searchResults/searchResults?txt_term=202820&startDatepicker=&endDatepicker=&uniqueSessionId=dgd8ad59a20ef7&pageOffset=1000&pageMaxSize=500&sortColumn=subjectDescription&sortDirection=asc,2026-09-12T15:44:46.4690560+00:00,2026-09-12T17:14:25.2355570+00:00
montgomery,202820,Fall 2027 (View Only),CMSC,135,22329,3GB,INTRODUCTION TO SCRIPTING,3.0,3.0,3.0,3,,Distance Learning,25,0,40,0,,,,S 0930-1210 Remote Classes  Class,,,https://b9pubstu.glb.montgomerycollege.edu/StudentRegistrationSsb/ssb/searchResults/searchResults?txt_term=202820&startDatepicker=&endDatepicker=&uniqueSessionId=dgd8ad59a20ef7&pageOffset=1000&pageMaxSize=500&sortColumn=subjectDescription&sortDirection=asc,2026-09-12T15:44:46.4690560+00:00,2026-09-12T17:14:25.2355570+00:00
montgomery,202820,Fall 2027 (View Only),COMM,108,21236,ZRA,FOUNDATIONS OF HUMAN COMMUNICATION,3.0,3.0,3.0,3,,Distance Learning,23,0,40,0,,,,none - Distance Learning WEB Class,,,https://b9pubstu.glb.montgomerycollege.edu/StudentRegistrationSsb/ssb/searchResults/searchResults?txt_term=202820&startDatepicker=&endDatepicker=&uniqueSessionId=dgd8ad59a20ef7&pageOffset=1000&pageMaxSize=500&sortColumn=subjectDescription&sortDirection=asc,2026-09-12T15:44:46.4690560+00:00,2026-09-12T17:14:25.2355570+00:00
montgomery,202820,Fall 2027 (View Only),COMM,108,23066,4HB,FOUNDATIONS OF HUMAN COMMUNICATION,3.0,3.0,3.0,3,,Rockville,22,0,40,0,,,,MW 0900-1015 Theatre Arts Building 108 Class,,,https://b9pubstu.glb.montgomerycollege.edu/StudentRegistrationSsb/ssb/searchResults/searchResults?txt_term=202820&startDatepicker=&endDatepicker=&uniqueSessionId=dgd8ad59a20ef7&pageOffset=1000&pageMaxSize=500&sortColumn=subjectDescription&sortDirection=asc,2026-09-12T15:44:46.4690560+00:00,2026-09-12T17:14:25.2355570+00:00
montgomery,202820,Fall 2027 (View Only),COMM,108,23069,2HE,FOUNDATIONS OF HUMAN COMMUNICATION,3.0,3.0,3.0,3,,Germantown,20,0,40,0,,,,MW 1230-1345 Humanities and Social Sciences 165 Class,,,https://b9pubstu.glb.montgomerycollege.edu/StudentRegistrationSsb/ssb/searchResults/searchResults?txt_term=202820&startDatepicker=&endDatepicker=&uniqueSessionId=dgd8ad59a20ef7&pageOffset=1000&pageMaxSize=500&sortColumn=subjectDescription&sortDirection=asc,2026-09-12T15:44:46.4690560+00:00,2026-09-12T17:14:25.2355570+00:00
montgomery,202820,Fall 2027 (View Only),ECON,202,21395,011,PRINCIPLES OF ECONOMICS II,3.0,3.0,3.0,3,,Takoma Park/Silver Spring,25,0,40,0,,,,TR 1830-2000 Catherine F. Scott Commons 114 Class,,,https://b9pubstu.glb.montgomerycollege.edu/StudentRegistrationSsb/ssb/searchResults/searchResults?txt_term=202820&startDatepicker=&endDatepicker=&uniqueSessionId=dgd8ad59a20ef7&pageOffset=1000&pageMaxSize=500&sortColumn=subjectDescription&sortDirection=asc,2026-09-12T15:44:46.4690560+00:00,2026-09-12T17:14:25.2355570+00:00
montgomery,202820,Fall 2027 (View Only),ELAW,980,23680,3TB,ENGLISH LANGUAGE ACADEMIC WRITING II,5.0,5.0,5.0,5,,Distance Learning,20,0,40,0,,,,TR 1300-1515 Remote Classes  Class,,,https://b9pubstu.glb.montgomerycollege.edu/StudentRegistrationSsb/ssb/searchResults/searchResults?txt_term=202820&startDatepicker=&endDatepicker=&uniqueSessionId=dgd8ad59a20ef7&pageOffset=1000&pageMaxSize=500&sortColumn=subjectDescription&sortDirection=asc,2026-09-12T15:44:46.4690560+00:00,2026-09-12T17:14:25.2355570+00:00
montgomery,202820,Fall 2027 (View Only),ENGL,011,21971,006,INTRODUCTION TO COLLEGE WRITING SUPPORT,2.0,2.0,2.0,2,,Takoma Park/Silver Spring,22,0,40,0,,,,WF 1130-1220 Nunley Student Services Ctr 330 Class,,,https://b9pubstu.glb.montgomerycollege.edu/StudentRegistrationSsb/ssb/searchResults/searchResults?txt_term=202820&startDatepicker=&endDatepicker=&uniqueSessionId=dgd8ad59a20ef7&pageOffset=1000&pageMaxSize=500&sortColumn=subjectDescription&sortDirection=asc,2026-09-12T15:44:46.4690560+00:00,2026-09-12T17:14:25.2355570+00:00
montgomery,202820,Fall 2027 (View Only),ENGL,011,21984,435,INTRODUCTION TO COLLEGE WRITING SUPPORT,2.0,2.0,2.0,2,,Rockville,19,0,40,0,,,,MWF 1000-1035 Humanities Building 325 Class,,,https://b9pubstu.glb.montgomerycollege.edu/StudentRegistrationSsb/ssb/searchResults/searchResults?txt_term=202820&startDatepicker=&endDatepicker=&uniqueSessionId=dgd8ad59a20ef7&pageOffset=1500&pageMaxSize=500&sortColumn=subjectDescription&sortDirection=asc,2026-09-12T15:44:52.8757150+00:00,2026-09-12T17:14:25.2355570+00:00
montgomery,202820,Fall 2027 (View Only),ENGL,011,22682,3TD,INTRODUCTION TO COLLEGE WRITING SUPPORT,2.0,2.0,2.0,2,,Distance Learning,22,0,40,0,,,,MW 1200-1250 Remote Classes  Class,,,https://b9pubstu.glb.montgomerycollege.edu/StudentRegistrationSsb/ssb/searchResults/searchResults?txt_term=202820&startDatepicker=&endDatepicker=&uniqueSessionId=dgd8ad59a20ef7&pageOffset=1500&pageMaxSize=500&sortColumn=subjectDescription&sortDirection=asc,2026-09-12T15:44:52.8757150+00:00,2026-09-12T17:14:25.2355570+00:00
montgomery,202820,Fall 2027 (View Only),ENGL,101,20326,011,INTRODUCTION TO COLLEGE WRITING,3.0,3.0,3.0,3,,Takoma Park/Silver Spring,22,0,40,0,,,,T 1155-1310 Catherine F. Scott Commons 216 Class ; R 1155-1310 Pavilion Three 212 Class,,,https://b9pubstu.glb.montgomerycollege.edu/StudentRegistrationSsb/ssb/searchResults/searchResults?txt_term=202820&startDatepicker=&endDatepicker=&uniqueSessionId=dgd8ad59a20ef7&pageOffset=1500&pageMaxSize=500&sortColumn=subjectDescription&sortDirection=asc,2026-09-12T15:44:52.8757150+00:00,2026-09-12T17:14:25.2355570+00:00
montgomery,202820,Fall 2027 (View Only),ENGL,101,22244,434,INTRODUCTION TO COLLEGE WRITING,3.0,3.0,3.0,3,,Rockville,22,0,40,0,,,,TR 1405-1535 South Campus Instruction Bldg 213 Class,,,https://b9pubstu.glb.montgomerycollege.edu/StudentRegistrationSsb/ssb/searchResults/searchResults?txt_term=202820&startDatepicker=&endDatepicker=&uniqueSessionId=dgd8ad59a20ef7&pageOffset=1500&pageMaxSize=500&sortColumn=subjectDescription&sortDirection=asc,2026-09-12T15:44:52.8757150+00:00,2026-09-12T17:14:25.2355570+00:00
montgomery,202820,Fall 2027 (View Only),ENGL,102,20222,427,"CRITICAL READING,WRITING, & RESEARCH",3.0,3.0,3.0,3,,Rockville,22,0,40,0,,,,TR 1400-1530 Humanities Building 207 Class,,,https://b9pubstu.glb.montgomerycollege.edu/StudentRegistrationSsb/ssb/searchResults/searchResults?txt_term=202820&startDatepicker=&endDatepicker=&uniqueSessionId=dgd8ad59a20ef7&pageOffset=1500&pageMaxSize=500&sortColumn=subjectDescription&sortDirection=asc,2026-09-12T15:44:52.8757150+00:00,2026-09-12T17:14:25.2355570+00:00
montgomery,202820,Fall 2027 (View Only),ENGL,102,21144,ZGB,"CRITICAL READING,WRITING, & RESEARCH",3.0,3.0,3.0,3,,Distance Learning,17,0,40,0,,,,none - Distance Learning WEB Class,,,https://b9pubstu.glb.montgomerycollege.edu/StudentRegistrationSsb/ssb/searchResults/searchResults?txt_term=202820&startDatepicker=&endDatepicker=&uniqueSessionId=dgd8ad59a20ef7&pageOffset=1500&pageMaxSize=500&sortColumn=subjectDescription&sortDirection=asc,2026-09-12T15:44:52.8757150+00:00,2026-09-12T17:14:25.2355570+00:00
montgomery,202820,Fall 2027 (View Only),ENGL,228,22800,ZRA,SURVEY OF LATINA/O/X LITERATURE IN THE US,3.0,3.0,3.0,3,,Distance Learning,22,0,40,0,,,,none - Distance Learning WEB Class,,,https://b9pubstu.glb.montgomerycollege.edu/StudentRegistrationSsb/ssb/searchResults/searchResults?txt_term=202820&startDatepicker=&endDatepicker=&uniqueSessionId=dgd8ad59a20ef7&pageOffset=1500&pageMaxSize=500&sortColumn=subjectDescription&sortDirection=asc,2026-09-12T15:44:52.8757150+00:00,2026-09-12T17:14:25.2355570+00:00
montgomery,202820,Fall 2027 (View Only),GDES,220,22834,400,TYPOGRAPHY I,3.0,3.0,3.0,3,,Rockville,20,0,40,0,,,,MW 1100-1340 Technical Center 246 Class,,,https://b9pubstu.glb.montgomerycollege.edu/StudentRegistrationSsb/ssb/searchResults/searchResults?txt_term=202820&startDatepicker=&endDatepicker=&uniqueSessionId=dgd8ad59a20ef7&pageOffset=1500&pageMaxSize=500&sortColumn=subjectDescription&sortDirection=asc,2026-09-12T15:44:52.8757150+00:00,2026-09-12T17:14:25.2355570+00:00
montgomery,202820,Fall 2027 (View Only),HIST,200,23325,ZTA,HISTORY OF THE US-COLONIAL TIMES TO 1865,3.0,3.0,3.0,3,,Distance Learning,20,0,40,0,,,,none - Distance Learning WEB Class,,,https://b9pubstu.glb.montgomerycollege.edu/StudentRegistrationSsb/ssb/searchResults/searchResults?txt_term=202820&startDatepicker=&endDatepicker=&uniqueSessionId=dgd8ad59a20ef7&pageOffset=2000&pageMaxSize=500&sortColumn=subjectDescription&sortDirection=asc,2026-09-12T15:44:59.7818200+00:00,2026-09-12T17:14:25.2355570+00:00
montgomery,202820,Fall 2027 (View Only),HLTH,131,20774,3RB,DRUGS & LIFESTYLE WELLNESS,3.0,3.0,3.0,3,,Distance Learning,25,0,40,0,,,,none - Distance Learning WEB Class,,,https://b9pubstu.glb.montgomerycollege.edu/StudentRegistrationSsb/ssb/searchResults/searchResults?txt_term=202820&startDatepicker=&endDatepicker=&uniqueSessionId=dgd8ad59a20ef7&pageOffset=2000&pageMaxSize=500&sortColumn=subjectDescription&sortDirection=asc,2026-09-12T15:44:59.7818200+00:00,2026-09-12T17:14:25.2355570+00:00
montgomery,202820,Fall 2027 (View Only),HLTH,150,20490,200,FITNESS AND NUTRITION FOR WEIGHT MANAGEMENT,3.0,3.0,3.0,3,,Germantown,15,0,40,0,,,,TR 1100-1215 Physical Education Bldg Gtwn 102 Class ; none - Distance Learning WEB Class,,,https://b9pubstu.glb.montgomerycollege.edu/StudentRegistrationSsb/ssb/searchResults/searchResults?txt_term=202820&startDatepicker=&endDatepicker=&uniqueSessionId=dgd8ad59a20ef7&pageOffset=2000&pageMaxSize=500&sortColumn=subjectDescription&sortDirection=asc,2026-09-12T15:44:59.7818200+00:00,2026-09-12T17:14:25.2355570+00:00
montgomery,202820,Fall 2027 (View Only),HLTH,215,23796,3RA,WOMEN'S HEALTH,3.0,3.0,3.0,3,,Distance Learning,25,0,40,0,,,,none - Distance Learning WEB Class,,,https://b9pubstu.glb.montgomerycollege.edu/StudentRegistrationSsb/ssb/searchResults/searchResults?txt_term=202820&startDatepicker=&endDatepicker=&uniqueSessionId=dgd8ad59a20ef7&pageOffset=2000&pageMaxSize=500&sortColumn=subjectDescription&sortDirection=asc,2026-09-12T15:44:59.7818200+00:00,2026-09-12T17:14:25.2355570+00:00
montgomery,202820,Fall 2027 (View Only),IDES,262,23542,3RA,INTERIORS: PROFESSIONAL EXPERIENCE,,1.0,3.0,1 TO 3,,Distance Learning,1,0,0,0,,,,none - Remote Classes  Class,,,https://b9pubstu.glb.montgomerycollege.edu/StudentRegistrationSsb/ssb/searchResults/searchResults?txt_term=202820&startDatepicker=&endDatepicker=&uniqueSessionId=dgd8ad59a20ef7&pageOffset=2000&pageMaxSize=500&sortColumn=subjectDescription&sortDirection=asc,2026-09-12T15:44:59.7818200+00:00,2026-09-12T17:14:25.2355570+00:00
montgomery,202820,Fall 2027 (View Only),ITAL,101,20467,401,ELEMENTARY ITALIAN I,3.0,3.0,3.0,3,,Rockville,22,0,40,0,,,,MW 1100-1230 South Campus Instruction Bldg 205 Class,,,https://b9pubstu.glb.montgomerycollege.edu/StudentRegistrationSsb/ssb/searchResults/searchResults?txt_term=202820&startDatepicker=&endDatepicker=&uniqueSessionId=dgd8ad59a20ef7&pageOffset=2000&pageMaxSize=500&sortColumn=subjectDescription&sortDirection=asc,2026-09-12T15:44:59.7818200+00:00,2026-09-12T17:14:25.2355570+00:00
montgomery,202820,Fall 2027 (View Only),MATH,050,21621,3GA,FOUNDATIONS OF ALGEBRA,4.0,4.0,4.0,4,,Distance Learning,25,0,40,0,,,,none - Distance Learning WEB Class,,,https://b9pubstu.glb.montgomerycollege.edu/StudentRegistrationSsb/ssb/searchResults/searchResults?txt_term=202820&startDatepicker=&endDatepicker=&uniqueSessionId=dgd8ad59a20ef7&pageOffset=2000&pageMaxSize=500&sortColumn=subjectDescription&sortDirection=asc,2026-09-12T15:44:59.7818200+00:00,2026-09-12T17:14:25.2355570+00:00
montgomery,202820,Fall 2027 (View Only),MATH,117,21721,ZGU,ELEMENTS OF STATISTICS,3.0,3.0,3.0,3,,Distance Learning,25,0,40,0,,,,none - Distance Learning WEB Class,,,https://b9pubstu.glb.montgomerycollege.edu/StudentRegistrationSsb/ssb/searchResults/searchResults?txt_term=202820&startDatepicker=&endDatepicker=&uniqueSessionId=dgd8ad59a20ef7&pageOffset=2000&pageMaxSize=500&sortColumn=subjectDescription&sortDirection=asc,2026-09-12T15:44:59.7818200+00:00,2026-09-12T17:14:25.2355570+00:00
montgomery,202820,Fall 2027 (View Only),MATH,117,21754,424,ELEMENTS OF STATISTICS,3.0,3.0,3.0,3,,Rockville,10,0,0,0,,,,TR 1230-1400 Science Center 460 Class,,,https://b9pubstu.glb.montgomerycollege.edu/StudentRegistrationSsb/ssb/searchResults/searchResults?txt_term=202820&startDatepicker=&endDatepicker=&uniqueSessionId=dgd8ad59a20ef7&pageOffset=2000&pageMaxSize=500&sortColumn=subjectDescription&sortDirection=asc,2026-09-12T15:44:59.7818200+00:00,2026-09-12T17:14:25.2355570+00:00
montgomery,202820,Fall 2027 (View Only),MATH,117,21830,ZGO,ELEMENTS OF STATISTICS,3.0,3.0,3.0,3,,Distance Learning,24,0,40,0,,,,TR 0755-0910 Remote Classes  Class,,,https://b9pubstu.glb.montgomerycollege.edu/StudentRegistrationSsb/ssb/searchResults/searchResults?txt_term=202820&startDatepicker=&endDatepicker=&uniqueSessionId=dgd8ad59a20ef7&pageOffset=2000&pageMaxSize=500&sortColumn=subjectDescription&sortDirection=asc,2026-09-12T15:44:59.7818200+00:00,2026-09-12T17:14:25.2355570+00:00
montgomery,202820,Fall 2027 (View Only),MATH,150,22515,003,ELEMENTARY APPLIED CALCULUS I,4.0,4.0,4.0,4,,Takoma Park/Silver Spring,24,0,40,0,,,,TR 0900-1040 Nunley Student Services Ctr 329 Class,,,https://b9pubstu.glb.montgomerycollege.edu/StudentRegistrationSsb/ssb/searchResults/searchResults?txt_term=202820&startDatepicker=&endDatepicker=&uniqueSessionId=dgd8ad59a20ef7&pageOffset=2000&pageMaxSize=500&sortColumn=subjectDescription&sortDirection=asc,2026-09-12T15:44:59.7818200+00:00,2026-09-12T17:14:25.2355570+00:00
montgomery,202820,Fall 2027 (View Only),MGMT,201,21666,001,BUSINESS LAW,3.0,3.0,3.0,3,,Takoma Park/Silver Spring,25,0,40,0,,,,TR 0930-1100 Catherine F. Scott Commons 112 Class,,,https://b9pubstu.glb.montgomerycollege.edu/StudentRegistrationSsb/ssb/searchResults/searchResults?txt_term=202820&startDatepicker=&endDatepicker=&uniqueSessionId=dgd8ad59a20ef7&pageOffset=2500&pageMaxSize=500&sortColumn=subjectDescription&sortDirection=asc,2026-09-12T15:45:05.8975330+00:00,2026-09-12T17:14:25.2355570+00:00
montgomery,202820,Fall 2027 (View Only),NURS,225C,22141,006,NURSING IN HEALTH AND ILLNESS II,0.0,0.0,0.0,0,,Takoma Park/Silver Spring,6,0,0,0,,,,none - Off Campus Location OC Class,,,https://b9pubstu.glb.montgomerycollege.edu/StudentRegistrationSsb/ssb/searchResults/searchResults?txt_term=202820&startDatepicker=&endDatepicker=&uniqueSessionId=dgd8ad59a20ef7&pageOffset=2500&pageMaxSize=500&sortColumn=subjectDescription&sortDirection=asc,2026-09-12T15:45:05.8975330+00:00,2026-09-12T17:14:25.2355570+00:00
montgomery,202820,Fall 2027 (View Only),NURS,226C,22853,013,NURSING CARE OF SPECIAL POPULATIONS II: MATERNAL/CHILD NURSING,0.0,0.0,0.0,0,,Takoma Park/Silver Spring,6,0,0,0,,,,none - Off Campus Location OC Class,,,https://b9pubstu.glb.montgomerycollege.edu/StudentRegistrationSsb/ssb/searchResults/searchResults?txt_term=202820&startDatepicker=&endDatepicker=&uniqueSessionId=dgd8ad59a20ef7&pageOffset=2500&pageMaxSize=500&sortColumn=subjectDescription&sortDirection=asc,2026-09-12T15:45:05.8975330+00:00,2026-09-12T17:14:25.2355570+00:00
montgomery,202820,Fall 2027 (View Only),PHED,170,23639,001,STRENGTH TRAINING & CONDITIONING I,1.0,1.0,1.0,1,,Takoma Park/Silver Spring,10,0,40,0,,,,MW 1000-1050 Health Sciences Center 123 Class ; none - Distance Learning WEB Class,,,https://b9pubstu.glb.montgomerycollege.edu/StudentRegistrationSsb/ssb/searchResults/searchResults?txt_term=202820&startDatepicker=&endDatepicker=&uniqueSessionId=dgd8ad59a20ef7&pageOffset=3000&pageMaxSize=500&sortColumn=subjectDescription&sortDirection=asc,2026-09-12T15:45:14.0714900+00:00,2026-09-12T17:14:25.2355570+00:00
montgomery,202820,Fall 2027 (View Only),PHIL,101,22968,3GC,INTRODUCTION TO PHILOSOPHY,3.0,3.0,3.0,3,,Distance Learning,25,0,40,0,,,,none - Distance Learning WEB Class,,,https://b9pubstu.glb.montgomerycollege.edu/StudentRegistrationSsb/ssb/searchResults/searchResults?txt_term=202820&startDatepicker=&endDatepicker=&uniqueSessionId=dgd8ad59a20ef7&pageOffset=3000&pageMaxSize=500&sortColumn=subjectDescription&sortDirection=asc,2026-09-12T15:45:14.0714900+00:00,2026-09-12T17:14:25.2355570+00:00
montgomery,202820,Fall 2027 (View Only),PHTH,104,20621,001,"SURFACE ANATOMY, PALPATION, & SOFT TISSUE",3.0,3.0,3.0,3,,Takoma Park/Silver Spring,26,0,0,0,,,,M 1100-1300 Health Sciences Center 229 Class,,,https://b9pubstu.glb.montgomerycollege.edu/StudentRegistrationSsb/ssb/searchResults/searchResults?txt_term=202820&startDatepicker=&endDatepicker=&uniqueSessionId=dgd8ad59a20ef7&pageOffset=3000&pageMaxSize=500&sortColumn=subjectDescription&sortDirection=asc,2026-09-12T15:45:14.0714900+00:00,2026-09-12T17:14:25.2355570+00:00
montgomery,202820,Fall 2027 (View Only),PHYS,161,21020,405,GENERAL PHYSICS I: MECH & HEAT,3.0,3.0,3.0,3,,Rockville,24,0,40,0,,,,MWF 1300-1350 Science Center West 314 Class ; F 1530-1700 Science Center 412 Class ; F 1530-1700 Science Center 412 Class ; F 1530-1700 Science Center 412 Class ; F 1530-1730 Science Center 412 Class,,,https://b9pubstu.glb.montgomerycollege.edu/StudentRegistrationSsb/ssb/searchResults/searchResults?txt_term=202820&startDatepicker=&endDatepicker=&uniqueSessionId=dgd8ad59a20ef7&pageOffset=3000&pageMaxSize=500&sortColumn=subjectDescription&sortDirection=asc,2026-09-12T15:45:14.0714900+00:00,2026-09-12T17:14:25.2355570+00:00
montgomery,202820,Fall 2027 (View Only),PSYC,100,22784,415,GENERAL PSYCHOLOGY,3.0,3.0,3.0,3,,Rockville,30,0,40,0,,,,TR 1230-1400 Science Center West 303 Class,,,https://b9pubstu.glb.montgomerycollege.edu/StudentRegistrationSsb/ssb/searchResults/searchResults?txt_term=202820&startDatepicker=&endDatepicker=&uniqueSessionId=dgd8ad59a20ef7&pageOffset=3000&pageMaxSize=500&sortColumn=subjectDescription&sortDirection=asc,2026-09-12T15:45:14.0714900+00:00,2026-09-12T17:14:25.2355570+00:00
montgomery,202820,Fall 2027 (View Only),PSYC,203,23718,001,HUMAN GROWTH & DEVELOPMENT DURING THE LIFE SPAN,3.0,3.0,3.0,3,,Takoma Park/Silver Spring,30,0,40,0,,,,TR 1400-1515 Catherine F. Scott Commons 112 Class,,,https://b9pubstu.glb.montgomerycollege.edu/StudentRegistrationSsb/ssb/searchResults/searchResults?txt_term=202820&startDatepicker=&endDatepicker=&uniqueSessionId=dgd8ad59a20ef7&pageOffset=3000&pageMaxSize=500&sortColumn=subjectDescription&sortDirection=asc,2026-09-12T15:45:14.0714900+00:00,2026-09-12T17:14:25.2355570+00:00
montgomery,202820,Fall 2027 (View Only),RADT,120,22455,002,CLINICAL RADIOLOGY II,2.0,2.0,2.0,2,,Takoma Park/Silver Spring,8,0,0,0,,,,TR 0730-1600 Off Campus Location OC Class,,,https://b9pubstu.glb.montgomerycollege.edu/StudentRegistrationSsb/ssb/searchResults/searchResults?txt_term=202820&startDatepicker=&endDatepicker=&uniqueSessionId=dgd8ad59a20ef7&pageOffset=3000&pageMaxSize=500&sortColumn=subjectDescription&sortDirection=asc,2026-09-12T15:45:14.0714900+00:00,2026-09-12T17:14:25.2355570+00:00
montgomery,202820,Fall 2027 (View Only),SOCY,100,23856,ZRF,INTRODUCTION TO SOCIOLOGY,3.0,3.0,3.0,3,,Distance Learning,25,0,40,0,,,,none - Distance Learning WEB Class,,,https://b9pubstu.glb.montgomerycollege.edu/StudentRegistrationSsb/ssb/searchResults/searchResults?txt_term=202820&startDatepicker=&endDatepicker=&uniqueSessionId=dgd8ad59a20ef7&pageOffset=3000&pageMaxSize=500&sortColumn=subjectDescription&sortDirection=asc,2026-09-12T15:45:14.0714900+00:00,2026-09-12T17:14:25.2355570+00:00
montgomery,202820,Fall 2027 (View Only),SONO,264,21327,004,SONOGRAPHY PRACTICUM IV,4.0,4.0,4.0,4,,Takoma Park/Silver Spring,6,0,0,0,,,,MTWRF - Off Campus Location OC Class ; none - Distance Learning WEB Class,,,https://b9pubstu.glb.montgomerycollege.edu/StudentRegistrationSsb/ssb/searchResults/searchResults?txt_term=202820&startDatepicker=&endDatepicker=&uniqueSessionId=dgd8ad59a20ef7&pageOffset=3000&pageMaxSize=500&sortColumn=subjectDescription&sortDirection=asc,2026-09-12T15:45:14.0714900+00:00,2026-09-12T17:14:25.2355570+00:00
montgomery,202820,Fall 2027 (View Only),SPAN,101,20299,001,ELEMENTARY SPANISH I,3.0,3.0,3.0,3,,Takoma Park/Silver Spring,22,0,40,0,,,,S 0930-1225 Catherine F. Scott Commons 218 Class,,,https://b9pubstu.glb.montgomerycollege.edu/StudentRegistrationSsb/ssb/searchResults/searchResults?txt_term=202820&startDatepicker=&endDatepicker=&uniqueSessionId=dgd8ad59a20ef7&pageOffset=3000&pageMaxSize=500&sortColumn=subjectDescription&sortDirection=asc,2026-09-12T15:45:14.0714900+00:00,2026-09-12T17:14:25.2355570+00:00
montgomery,202820,Fall 2027 (View Only),SURG,100,22558,001,INTRODUCTION TO SURGICAL TECHNOLOGY,4.0,4.0,4.0,4,,Takoma Park/Silver Spring,25,0,0,0,,,,MW 0930-1120 Health Sciences Center 351 Class,,,https://b9pubstu.glb.montgomerycollege.edu/StudentRegistrationSsb/ssb/searchResults/searchResults?txt_term=202820&startDatepicker=&endDatepicker=&uniqueSessionId=dgd8ad59a20ef7&pageOffset=3500&pageMaxSize=500&sortColumn=subjectDescription&sortDirection=asc,2026-09-12T15:45:15.0999410+00:00,2026-09-12T17:14:25.2355570+00:00
montgomery,202824,Winter 2028 (View Only),ARTT,100,50354,3RB,INTRODUCTION TO DRAWING,3.0,3.0,3.0,3,,Distance Learning,20,0,40,0,,,,MTWR 1300-1730 Remote Classes  Class,,,https://b9pubstu.glb.montgomerycollege.edu/StudentRegistrationSsb/ssb/searchResults/searchResults?txt_term=202824&startDatepicker=&endDatepicker=&uniqueSessionId=dgf1f1f55358d0&pageOffset=0&pageMaxSize=500&sortColumn=subjectDescription&sortDirection=asc,2026-09-12T15:44:22.9941210+00:00,2026-09-12T17:13:27.0508200+00:00
montgomery,202824,Winter 2028 (View Only),COMM,108,50374,3RC,FOUNDATIONS OF HUMAN COMMUNICATION,3.0,3.0,3.0,3,,Distance Learning,20,0,40,0,,,,none - Distance Learning WEB Class,,,https://b9pubstu.glb.montgomerycollege.edu/StudentRegistrationSsb/ssb/searchResults/searchResults?txt_term=202824&startDatepicker=&endDatepicker=&uniqueSessionId=dgf1f1f55358d0&pageOffset=0&pageMaxSize=500&sortColumn=subjectDescription&sortDirection=asc,2026-09-12T15:44:22.9941210+00:00,2026-09-12T17:13:27.0508200+00:00
montgomery,202824,Winter 2028 (View Only),ENGL,272,50349,3TA,INTRODUCTION TO CREATIVE WRITING OF POETRY,3.0,3.0,3.0,3,,Distance Learning,25,0,40,0,,,,TR 1200-1605 Remote Classes  Class,,,https://b9pubstu.glb.montgomerycollege.edu/StudentRegistrationSsb/ssb/searchResults/searchResults?txt_term=202824&startDatepicker=&endDatepicker=&uniqueSessionId=dgf1f1f55358d0&pageOffset=0&pageMaxSize=500&sortColumn=subjectDescription&sortDirection=asc,2026-09-12T15:44:22.9941210+00:00,2026-09-12T17:13:27.0508200+00:00
montgomery,202824,Winter 2028 (View Only),PHIL,101,50235,3RA,INTRODUCTION TO PHILOSOPHY,3.0,3.0,3.0,3,,Distance Learning,25,0,40,0,,,,none - Distance Learning WEB Class,,,https://b9pubstu.glb.montgomerycollege.edu/StudentRegistrationSsb/ssb/searchResults/searchResults?txt_term=202824&startDatepicker=&endDatepicker=&uniqueSessionId=dgf1f1f55358d0&pageOffset=0&pageMaxSize=500&sortColumn=subjectDescription&sortDirection=asc,2026-09-12T15:44:22.9941210+00:00,2026-09-12T17:13:27.0508200+00:00
montgomery,202824,Winter 2028 (View Only),PSYC,100,50348,ZRA,GENERAL PSYCHOLOGY,3.0,3.0,3.0,3,,Distance Learning,25,0,40,0,,,,none - Distance Learning WEB Class,,,https://b9pubstu.glb.montgomerycollege.edu/StudentRegistrationSsb/ssb/searchResults/searchResults?txt_term=202824&startDatepicker=&endDatepicker=&uniqueSessionId=dgf1f1f55358d0&pageOffset=0&pageMaxSize=500&sortColumn=subjectDescription&sortDirection=asc,2026-09-12T15:44:22.9941210+00:00,2026-09-12T17:13:27.0508200+00:00
montgomery,202830,Spring 2028 (View Only),ARCH,103,32763,402,BUILDING TECHNOLOGY AND DOCUMENTATION,3.0,3.0,3.0,3,,Rockville,18,0,40,0,,,,TR 1800-1850 Technical Center 214 Class,,,https://b9pubstu.glb.montgomerycollege.edu/StudentRegistrationSsb/ssb/searchResults/searchResults?txt_term=202830&startDatepicker=&endDatepicker=&uniqueSessionId=dge456860a65e6&pageOffset=0&pageMaxSize=500&sortColumn=subjectDescription&sortDirection=asc,2026-09-12T15:43:33.2513080+00:00,2026-09-12T17:13:21.0398400+00:00
montgomery,202830,Spring 2028 (View Only),AUTO,161L,33235,400,AUTOMOTIVE ELECTRICITY I,0.0,0.0,0.0,0,,Rockville,12,0,40,0,,,,W 1915-2200 Gudelsky Inst for Tech Ed 154 Class,,,https://b9pubstu.glb.montgomerycollege.edu/StudentRegistrationSsb/ssb/searchResults/searchResults?txt_term=202830&startDatepicker=&endDatepicker=&uniqueSessionId=dge456860a65e6&pageOffset=0&pageMaxSize=500&sortColumn=subjectDescription&sortDirection=asc,2026-09-12T15:43:33.2513080+00:00,2026-09-12T17:13:21.0398400+00:00
montgomery,202830,Spring 2028 (View Only),BEHE,201,32736,3RA,FIELD EXPERIENCE IN BEHAVIORAL HEALTH,5.0,5.0,5.0,5,,Distance Learning,10,0,40,0,,,,T 1700-1840 Remote Classes  Class,,,https://b9pubstu.glb.montgomerycollege.edu/StudentRegistrationSsb/ssb/searchResults/searchResults?txt_term=202830&startDatepicker=&endDatepicker=&uniqueSessionId=dge456860a65e6&pageOffset=0&pageMaxSize=500&sortColumn=subjectDescription&sortDirection=asc,2026-09-12T15:43:33.2513080+00:00,2026-09-12T17:13:21.0398400+00:00
montgomery,202830,Spring 2028 (View Only),BIOL,105,31073,ZRD,ENVIRONMENTAL BIOLOGY,3.0,3.0,3.0,3,,Distance Learning,25,0,10,0,,,,none - Distance Learning WEB Class,,,https://b9pubstu.glb.montgomerycollege.edu/StudentRegistrationSsb/ssb/searchResults/searchResults?txt_term=202830&startDatepicker=&endDatepicker=&uniqueSessionId=dge456860a65e6&pageOffset=0&pageMaxSize=500&sortColumn=subjectDescription&sortDirection=asc,2026-09-12T15:43:33.2513080+00:00,2026-09-12T17:13:21.0398400+00:00
montgomery,202830,Spring 2028 (View Only),BIOL,210,30327,408,MICROBIOLOGY,4.0,4.0,4.0,4,,Rockville,18,0,6,0,,,,MW 1830-1920 Science Center West 306 Class,,,https://b9pubstu.glb.montgomerycollege.edu/StudentRegistrationSsb/ssb/searchResults/searchResults?txt_term=202830&startDatepicker=&endDatepicker=&uniqueSessionId=dge456860a65e6&pageOffset=500&pageMaxSize=500&sortColumn=subjectDescription&sortDirection=asc,2026-09-12T15:43:39.8569470+00:00,2026-09-12T17:13:21.0398400+00:00
montgomery,202830,Spring 2028 (View Only),BIOL,210L,30335,406,MICROBIOLOGY,0.0,0.0,0.0,0,,Rockville,18,0,6,0,,,,TR 0900-1050 Science Center 203 Class,,,https://b9pubstu.glb.montgomerycollege.edu/StudentRegistrationSsb/ssb/searchResults/searchResults?txt_term=202830&startDatepicker=&endDatepicker=&uniqueSessionId=dge456860a65e6&pageOffset=500&pageMaxSize=500&sortColumn=subjectDescription&sortDirection=asc,2026-09-12T15:43:39.8569470+00:00,2026-09-12T17:13:21.0398400+00:00
montgomery,202830,Spring 2028 (View Only),BIOL,212,31713,400,HUMAN ANATOMY & PHYSIOLOGY I,4.0,4.0,4.0,4,,Rockville,24,0,10,0,,,,MW 1800-1850 Science Center 362 Class,,,https://b9pubstu.glb.montgomerycollege.edu/StudentRegistrationSsb/ssb/searchResults/searchResults?txt_term=202830&startDatepicker=&endDatepicker=&uniqueSessionId=dge456860a65e6&pageOffset=500&pageMaxSize=500&sortColumn=subjectDescription&sortDirection=asc,2026-09-12T15:43:39.8569470+00:00,2026-09-12T17:13:21.0398400+00:00
montgomery,202830,Spring 2028 (View Only),BSAD,101,31722,ZGA,INTRODUCTION TO BUSINESS,3.0,3.0,3.0,3,,Distance Learning,25,0,40,0,,,,none - Distance Learning WEB Class,,,https://b9pubstu.glb.montgomerycollege.edu/StudentRegistrationSsb/ssb/searchResults/searchResults?txt_term=202830&startDatepicker=&endDatepicker=&uniqueSessionId=dge456860a65e6&pageOffset=500&pageMaxSize=500&sortColumn=subjectDescription&sortDirection=asc,2026-09-12T15:43:39.8569470+00:00,2026-09-12T17:13:21.0398400+00:00
montgomery,202830,Spring 2028 (View Only),CHEM,131D,30175,002,PRINCIPLES OF CHEMISTRY I,0.0,0.0,0.0,0,,Takoma Park/Silver Spring,24,0,10,0,,,,TR 1200-1225 Leggett Math & Science 102 Class,,,https://b9pubstu.glb.montgomerycollege.edu/StudentRegistrationSsb/ssb/searchResults/searchResults?txt_term=202830&startDatepicker=&endDatepicker=&uniqueSessionId=dge456860a65e6&pageOffset=500&pageMaxSize=500&sortColumn=subjectDescription&sortDirection=asc,2026-09-12T15:43:39.8569470+00:00,2026-09-12T17:13:21.0398400+00:00
montgomery,202830,Spring 2028 (View Only),CMGT,110,32488,400,CONSTRUCTION PLAN READING,3.0,3.0,3.0,3,,Rockville,22,0,40,0,,,,TR 0800-0915 Technical Center 235 Class,,,https://b9pubstu.glb.montgomerycollege.edu/StudentRegistrationSsb/ssb/searchResults/searchResults?txt_term=202830&startDatepicker=&endDatepicker=&uniqueSessionId=dge456860a65e6&pageOffset=1000&pageMaxSize=500&sortColumn=subjectDescription&sortDirection=asc,2026-09-12T15:43:47.1626390+00:00,2026-09-12T17:13:21.0398400+00:00
montgomery,202830,Spring 2028 (View Only),CMSC,140,30311,410,INTRODUCTION TO PROGRAMMING,3.0,3.0,3.0,3,,Rockville,24,0,40,0,,,,TR 1100-1215 Science Center 451 Class,,,https://b9pubstu.glb.montgomerycollege.edu/StudentRegistrationSsb/ssb/searchResults/searchResults?txt_term=202830&startDatepicker=&endDatepicker=&uniqueSessionId=dge456860a65e6&pageOffset=1000&pageMaxSize=500&sortColumn=subjectDescription&sortDirection=asc,2026-09-12T15:43:47.1626390+00:00,2026-09-12T17:13:21.0398400+00:00
montgomery,202830,Spring 2028 (View Only),CMSC,243,30291,400,SYSTEMS ANALYSIS & DESIGN,3.0,3.0,3.0,3,,Rockville,24,0,40,0,,,,TR 0930-1045 Science Center 450 Class,,,https://b9pubstu.glb.montgomerycollege.edu/StudentRegistrationSsb/ssb/searchResults/searchResults?txt_term=202830&startDatepicker=&endDatepicker=&uniqueSessionId=dge456860a65e6&pageOffset=1000&pageMaxSize=500&sortColumn=subjectDescription&sortDirection=asc,2026-09-12T15:43:47.1626390+00:00,2026-09-12T17:13:21.0398400+00:00
montgomery,202830,Spring 2028 (View Only),COMM,108,30587,3TC,FOUNDATIONS OF HUMAN COMMUNICATION,3.0,3.0,3.0,3,,Distance Learning,22,0,40,0,,,,TR 1100-1230 Remote Classes  Class,,,https://b9pubstu.glb.montgomerycollege.edu/StudentRegistrationSsb/ssb/searchResults/searchResults?txt_term=202830&startDatepicker=&endDatepicker=&uniqueSessionId=dge456860a65e6&pageOffset=1000&pageMaxSize=500&sortColumn=subjectDescription&sortDirection=asc,2026-09-12T15:43:47.1626390+00:00,2026-09-12T17:13:21.0398400+00:00
montgomery,202830,Spring 2028 (View Only),COMM,112,32192,3RA,BUSINESS & PROFESSIONAL SPEECH COMMUNICATION,3.0,3.0,3.0,3,,Distance Learning,23,0,40,0,,,,none - Distance Learning WEB Class,,,https://b9pubstu.glb.montgomerycollege.edu/StudentRegistrationSsb/ssb/searchResults/searchResults?txt_term=202830&startDatepicker=&endDatepicker=&uniqueSessionId=dge456860a65e6&pageOffset=1000&pageMaxSize=500&sortColumn=subjectDescription&sortDirection=asc,2026-09-12T15:43:47.1626390+00:00,2026-09-12T17:13:21.0398400+00:00
montgomery,202830,Spring 2028 (View Only),ECON,201,30316,ZTA,PRINCIPLES OF ECONOMICS I,3.0,3.0,3.0,3,,Distance Learning,25,0,40,0,,,,MWF 1000-1050 Remote Classes  Class,,,https://b9pubstu.glb.montgomerycollege.edu/StudentRegistrationSsb/ssb/searchResults/searchResults?txt_term=202830&startDatepicker=&endDatepicker=&uniqueSessionId=dge456860a65e6&pageOffset=1000&pageMaxSize=500&sortColumn=subjectDescription&sortDirection=asc,2026-09-12T15:43:47.1626390+00:00,2026-09-12T17:13:21.0398400+00:00
montgomery,202830,Spring 2028 (View Only),ECON,202,30483,200,PRINCIPLES OF ECONOMICS II,3.0,3.0,3.0,3,,Germantown,25,0,40,0,,,,TR 1100-1215 High Tech and Science Center 404 Class,,,https://b9pubstu.glb.montgomerycollege.edu/StudentRegistrationSsb/ssb/searchResults/searchResults?txt_term=202830&startDatepicker=&endDatepicker=&uniqueSessionId=dge456860a65e6&pageOffset=1000&pageMaxSize=500&sortColumn=subjectDescription&sortDirection=asc,2026-09-12T15:43:47.1626390+00:00,2026-09-12T17:13:21.0398400+00:00
montgomery,202830,Spring 2028 (View Only),ECON,202,32309,ZTA,PRINCIPLES OF ECONOMICS II,3.0,3.0,3.0,3,,Distance Learning,25,0,40,0,,,,none - Distance Learning WEB Class,,,https://b9pubstu.glb.montgomerycollege.edu/StudentRegistrationSsb/ssb/searchResults/searchResults?txt_term=202830&startDatepicker=&endDatepicker=&uniqueSessionId=dge456860a65e6&pageOffset=1000&pageMaxSize=500&sortColumn=subjectDescription&sortDirection=asc,2026-09-12T15:43:47.1626390+00:00,2026-09-12T17:13:21.0398400+00:00
montgomery,202830,Spring 2028 (View Only),ELAS,980,32465,3TA,ENGLISH LANGUAGE ACADEMIC SPEAKING/LISTENING II,5.0,5.0,5.0,5,,Distance Learning,20,0,40,0,,,,MW 1300-1540 Remote Classes  Class,,,https://b9pubstu.glb.montgomerycollege.edu/StudentRegistrationSsb/ssb/searchResults/searchResults?txt_term=202830&startDatepicker=&endDatepicker=&uniqueSessionId=dge456860a65e6&pageOffset=1000&pageMaxSize=500&sortColumn=subjectDescription&sortDirection=asc,2026-09-12T15:43:47.1626390+00:00,2026-09-12T17:13:21.0398400+00:00
montgomery,202830,Spring 2028 (View Only),ENGL,011,31746,008,INTRODUCTION TO COLLEGE WRITING SUPPORT,2.0,2.0,2.0,2,,Takoma Park/Silver Spring,22,0,40,0,,,,MWF 1300-1335 Pavilion Three 111 Class,,,https://b9pubstu.glb.montgomerycollege.edu/StudentRegistrationSsb/ssb/searchResults/searchResults?txt_term=202830&startDatepicker=&endDatepicker=&uniqueSessionId=dge456860a65e6&pageOffset=1000&pageMaxSize=500&sortColumn=subjectDescription&sortDirection=asc,2026-09-12T15:43:47.1626390+00:00,2026-09-12T17:13:21.0398400+00:00
montgomery,202830,Spring 2028 (View Only),ENGL,011,32626,208,INTRODUCTION TO COLLEGE WRITING SUPPORT,2.0,2.0,2.0,2,,Germantown,22,0,40,0,,,,MW 0900-0950 Student Affairs and Science 212 Class,,,https://b9pubstu.glb.montgomerycollege.edu/StudentRegistrationSsb/ssb/searchResults/searchResults?txt_term=202830&startDatepicker=&endDatepicker=&uniqueSessionId=dge456860a65e6&pageOffset=1000&pageMaxSize=500&sortColumn=subjectDescription&sortDirection=asc,2026-09-12T15:43:47.1626390+00:00,2026-09-12T17:13:21.0398400+00:00
montgomery,202830,Spring 2028 (View Only),ENGL,011,33111,410,INTRODUCTION TO COLLEGE WRITING SUPPORT,2.0,2.0,2.0,2,,Rockville,22,0,40,0,,,,MW 0900-1000 Humanities Building 123 Class,,,https://b9pubstu.glb.montgomerycollege.edu/StudentRegistrationSsb/ssb/searchResults/searchResults?txt_term=202830&startDatepicker=&endDatepicker=&uniqueSessionId=dge456860a65e6&pageOffset=1000&pageMaxSize=500&sortColumn=subjectDescription&sortDirection=asc,2026-09-12T15:43:47.1626390+00:00,2026-09-12T17:13:21.0398400+00:00
montgomery,202830,Spring 2028 (View Only),ENGL,101,31769,3RD,INTRODUCTION TO COLLEGE WRITING,3.0,3.0,3.0,3,,Distance Learning,20,0,40,0,,,,MW 1925-2040 Remote Classes  Class,,,https://b9pubstu.glb.montgomerycollege.edu/StudentRegistrationSsb/ssb/searchResults/searchResults?txt_term=202830&startDatepicker=&endDatepicker=&uniqueSessionId=dge456860a65e6&pageOffset=1500&pageMaxSize=500&sortColumn=subjectDescription&sortDirection=asc,2026-09-12T15:43:54.9673710+00:00,2026-09-12T17:13:21.0398400+00:00
montgomery,202830,Spring 2028 (View Only),ENGL,101,32284,013,INTRODUCTION TO COLLEGE WRITING,3.0,3.0,3.0,3,,Takoma Park/Silver Spring,22,0,40,0,,,,TR 1905-2035 Pavilion Three 210 Class,,,https://b9pubstu.glb.montgomerycollege.edu/StudentRegistrationSsb/ssb/searchResults/searchResults?txt_term=202830&startDatepicker=&endDatepicker=&uniqueSessionId=dge456860a65e6&pageOffset=1000&pageMaxSize=500&sortColumn=subjectDescription&sortDirection=asc,2026-09-12T15:43:47.1626390+00:00,2026-09-12T17:13:21.0398400+00:00
montgomery,202830,Spring 2028 (View Only),ENGL,101,32715,205,INTRODUCTION TO COLLEGE WRITING,3.0,3.0,3.0,3,,Germantown,22,0,40,0,,,,MWF 1000-1100 High Tech and Science Center 203 Class,,,https://b9pubstu.glb.montgomerycollege.edu/StudentRegistrationSsb/ssb/searchResults/searchResults?txt_term=202830&startDatepicker=&endDatepicker=&uniqueSessionId=dge456860a65e6&pageOffset=1000&pageMaxSize=500&sortColumn=subjectDescription&sortDirection=asc,2026-09-12T15:43:47.1626390+00:00,2026-09-12T17:13:21.0398400+00:00
montgomery,202830,Spring 2028 (View Only),ENGL,102,32297,3RH,"CRITICAL READING,WRITING, & RESEARCH",3.0,3.0,3.0,3,,Distance Learning,22,0,40,0,,,,MW 1830-2000 Remote Classes  Class,,,https://b9pubstu.glb.montgomerycollege.edu/StudentRegistrationSsb/ssb/searchResults/searchResults?txt_term=202830&startDatepicker=&endDatepicker=&uniqueSessionId=dge456860a65e6&pageOffset=1500&pageMaxSize=500&sortColumn=subjectDescription&sortDirection=asc,2026-09-12T15:43:54.9673710+00:00,2026-09-12T17:13:21.0398400+00:00
montgomery,202830,Spring 2028 (View Only),ENGL,102,33110,426,"CRITICAL READING,WRITING, & RESEARCH",3.0,3.0,3.0,3,,Rockville,22,0,40,0,,,,TR 0900-1030 Computer Science 021 Class,,,https://b9pubstu.glb.montgomerycollege.edu/StudentRegistrationSsb/ssb/searchResults/searchResults?txt_term=202830&startDatepicker=&endDatepicker=&uniqueSessionId=dge456860a65e6&pageOffset=1500&pageMaxSize=500&sortColumn=subjectDescription&sortDirection=asc,2026-09-12T15:43:54.9673710+00:00,2026-09-12T17:13:21.0398400+00:00
montgomery,202830,Spring 2028 (View Only),FILM,220,32432,001,BASIC MOVIE PRODUCTION,3.0,3.0,3.0,3,,Takoma Park/Silver Spring,12,0,40,0,,,,F 1000-1140 Cultural Arts Center 106 Class,,,https://b9pubstu.glb.montgomerycollege.edu/StudentRegistrationSsb/ssb/searchResults/searchResults?txt_term=202830&startDatepicker=&endDatepicker=&uniqueSessionId=dge456860a65e6&pageOffset=1500&pageMaxSize=500&sortColumn=subjectDescription&sortDirection=asc,2026-09-12T15:43:54.9673710+00:00,2026-09-12T17:13:21.0398400+00:00
montgomery,202830,Spring 2028 (View Only),HINM,115,33035,3TJ,MEDICAL TERMINOLOGY I,2.0,2.0,2.0,2,,Distance Learning,25,0,40,0,,,,none - Distance Learning WEB Class,,,https://b9pubstu.glb.montgomerycollege.edu/StudentRegistrationSsb/ssb/searchResults/searchResults?txt_term=202830&startDatepicker=&endDatepicker=&uniqueSessionId=dge456860a65e6&pageOffset=1500&pageMaxSize=500&sortColumn=subjectDescription&sortDirection=asc,2026-09-12T15:43:54.9673710+00:00,2026-09-12T17:13:21.0398400+00:00
montgomery,202830,Spring 2028 (View Only),HIST,114,30676,401,THE WORLD IN THE 20TH CENTURY,3.0,3.0,3.0,3,,Rockville,25,0,40,0,,,,MWF 1000-1055 Humanities Building 116 Class,,,https://b9pubstu.glb.montgomerycollege.edu/StudentRegistrationSsb/ssb/searchResults/searchResults?txt_term=202830&startDatepicker=&endDatepicker=&uniqueSessionId=dge456860a65e6&pageOffset=1500&pageMaxSize=500&sortColumn=subjectDescription&sortDirection=asc,2026-09-12T15:43:54.9673710+00:00,2026-09-12T17:13:21.0398400+00:00
montgomery,202830,Spring 2028 (View Only),HORT,100,33207,011,INTRODUCTION TO PLANT SCIENCES,4.0,4.0,4.0,4,,Takoma Park/Silver Spring,18,0,40,0,,,,T 0900-1050 Leggett Math & Science 003 Class,,,https://b9pubstu.glb.montgomerycollege.edu/StudentRegistrationSsb/ssb/searchResults/searchResults?txt_term=202830&startDatepicker=&endDatepicker=&uniqueSessionId=dge456860a65e6&pageOffset=2000&pageMaxSize=500&sortColumn=subjectDescription&sortDirection=asc,2026-09-12T15:44:02.2405760+00:00,2026-09-12T17:13:21.0398400+00:00
montgomery,202830,Spring 2028 (View Only),IDES,101,30699,401,INTERIOR DESIGN I,3.0,3.0,3.0,3,,Rockville,18,0,40,0,,,,TR 0900-0950 Technical Center 251 Class,,,https://b9pubstu.glb.montgomerycollege.edu/StudentRegistrationSsb/ssb/searchResults/searchResults?txt_term=202830&startDatepicker=&endDatepicker=&uniqueSessionId=dge456860a65e6&pageOffset=2000&pageMaxSize=500&sortColumn=subjectDescription&sortDirection=asc,2026-09-12T15:44:02.2405760+00:00,2026-09-12T17:13:21.0398400+00:00
montgomery,202830,Spring 2028 (View Only),MATH,050,31476,3GA,FOUNDATIONS OF ALGEBRA,4.0,4.0,4.0,4,,Distance Learning,25,0,40,0,,,,none - Distance Learning WEB Class,,,https://b9pubstu.glb.montgomerycollege.edu/StudentRegistrationSsb/ssb/searchResults/searchResults?txt_term=202830&startDatepicker=&endDatepicker=&uniqueSessionId=dge456860a65e6&pageOffset=2000&pageMaxSize=500&sortColumn=subjectDescription&sortDirection=asc,2026-09-12T15:44:02.2405760+00:00,2026-09-12T17:13:21.0398400+00:00
montgomery,202830,Spring 2028 (View Only),MATH,117,31582,210,ELEMENTS OF STATISTICS,3.0,3.0,3.0,3,,Germantown,24,0,40,0,,,,TR 0800-0915 High Tech and Science Center 203 Class,,,https://b9pubstu.glb.montgomerycollege.edu/StudentRegistrationSsb/ssb/searchResults/searchResults?txt_term=202830&startDatepicker=&endDatepicker=&uniqueSessionId=dge456860a65e6&pageOffset=2000&pageMaxSize=500&sortColumn=subjectDescription&sortDirection=asc,2026-09-12T15:44:02.2405760+00:00,2026-09-12T17:13:21.0398400+00:00
montgomery,202830,Spring 2028 (View Only),MATH,131,32154,3GA,GEOMETRY AND ALGEBRA,4.0,4.0,4.0,4,,Distance Learning,25,0,40,0,,,,none - Distance Learning WEB Class,,,https://b9pubstu.glb.montgomerycollege.edu/StudentRegistrationSsb/ssb/searchResults/searchResults?txt_term=202830&startDatepicker=&endDatepicker=&uniqueSessionId=dge456860a65e6&pageOffset=2000&pageMaxSize=500&sortColumn=subjectDescription&sortDirection=asc,2026-09-12T15:44:02.2405760+00:00,2026-09-12T17:13:21.0398400+00:00
montgomery,202830,Spring 2028 (View Only),MATH,181,31116,412,CALCULUS I,4.0,4.0,4.0,4,,Rockville,24,0,0,0,,,,MWF 1000-1110 Science Center 462 Class,,,https://b9pubstu.glb.montgomerycollege.edu/StudentRegistrationSsb/ssb/searchResults/searchResults?txt_term=202830&startDatepicker=&endDatepicker=&uniqueSessionId=dge456860a65e6&pageOffset=2000&pageMaxSize=500&sortColumn=subjectDescription&sortDirection=asc,2026-09-12T15:44:02.2405760+00:00,2026-09-12T17:13:21.0398400+00:00
montgomery,202830,Spring 2028 (View Only),MUSC,125,33473,200,HISTORY OF JAZZ,3.0,3.0,3.0,3,,Germantown,20,0,40,0,,,,TR 1130-1245 Humanities and Social Sciences 171 Class,,,https://b9pubstu.glb.montgomerycollege.edu/StudentRegistrationSsb/ssb/searchResults/searchResults?txt_term=202830&startDatepicker=&endDatepicker=&uniqueSessionId=dge456860a65e6&pageOffset=2000&pageMaxSize=500&sortColumn=subjectDescription&sortDirection=asc,2026-09-12T15:44:02.2405760+00:00,2026-09-12T17:13:21.0398400+00:00
montgomery,202830,Spring 2028 (View Only),NURS,106,33334,5TB,ACUTE CARE PRACTICAL NURSING,4.0,4.0,4.0,4,,East County Education Center,24,0,0,0,,,,MW 0800-1200 East County Education Center 111 Class,,,https://b9pubstu.glb.montgomerycollege.edu/StudentRegistrationSsb/ssb/searchResults/searchResults?txt_term=202830&startDatepicker=&endDatepicker=&uniqueSessionId=dge456860a65e6&pageOffset=2000&pageMaxSize=500&sortColumn=subjectDescription&sortDirection=asc,2026-09-12T15:44:02.2405760+00:00,2026-09-12T17:13:21.0398400+00:00
montgomery,202830,Spring 2028 (View Only),NURS,113C,33007,013,FUNDAMENTALS OF NURSING,0.0,0.0,0.0,0,,Takoma Park/Silver Spring,6,0,0,0,,,,none - Off Campus Location OC Class,,,https://b9pubstu.glb.montgomerycollege.edu/StudentRegistrationSsb/ssb/searchResults/searchResults?txt_term=202830&startDatepicker=&endDatepicker=&uniqueSessionId=dge456860a65e6&pageOffset=2500&pageMaxSize=500&sortColumn=subjectDescription&sortDirection=asc,2026-09-12T15:44:09.9976350+00:00,2026-09-12T17:13:21.0398400+00:00
montgomery,202830,Spring 2028 (View Only),NURS,226C,32056,002,NURSING CARE OF SPECIAL POPULATIONS II: MATERNAL/CHILD NURSING,0.0,0.0,0.0,0,,Takoma Park/Silver Spring,6,0,0,0,,,,none - Off Campus Location OC Class,,,https://b9pubstu.glb.montgomerycollege.edu/StudentRegistrationSsb/ssb/searchResults/searchResults?txt_term=202830&startDatepicker=&endDatepicker=&uniqueSessionId=dge456860a65e6&pageOffset=2500&pageMaxSize=500&sortColumn=subjectDescription&sortDirection=asc,2026-09-12T15:44:09.9976350+00:00,2026-09-12T17:13:21.0398400+00:00
montgomery,202830,Spring 2028 (View Only),NURS,226C,32540,025,NURSING CARE OF SPECIAL POPULATIONS II: MATERNAL/CHILD NURSING,0.0,0.0,0.0,0,,Takoma Park/Silver Spring,6,0,0,0,,,,none - Off Campus Location OC Class,,,https://b9pubstu.glb.montgomerycollege.edu/StudentRegistrationSsb/ssb/searchResults/searchResults?txt_term=202830&startDatepicker=&endDatepicker=&uniqueSessionId=dge456860a65e6&pageOffset=2500&pageMaxSize=500&sortColumn=subjectDescription&sortDirection=asc,2026-09-12T15:44:09.9976350+00:00,2026-09-12T17:13:21.0398400+00:00
montgomery,202830,Spring 2028 (View Only),NURS,226C,32778,027,NURSING CARE OF SPECIAL POPULATIONS II: MATERNAL/CHILD NURSING,0.0,0.0,0.0,0,,Takoma Park/Silver Spring,6,0,0,0,,,,none - Off Campus Location OC Class,,,https://b9pubstu.glb.montgomerycollege.edu/StudentRegistrationSsb/ssb/searchResults/searchResults?txt_term=202830&startDatepicker=&endDatepicker=&uniqueSessionId=dge456860a65e6&pageOffset=2500&pageMaxSize=500&sortColumn=subjectDescription&sortDirection=asc,2026-09-12T15:44:09.9976350+00:00,2026-09-12T17:13:21.0398400+00:00
montgomery,202830,Spring 2028 (View Only),PHYS,110L,30902,401,SOUND & LIGHT IN THE ARTS,0.0,0.0,0.0,0,,Rockville,24,0,40,0,,,,W 1800-2030 Science Center 412 Class,,,https://b9pubstu.glb.montgomerycollege.edu/StudentRegistrationSsb/ssb/searchResults/searchResults?txt_term=202830&startDatepicker=&endDatepicker=&uniqueSessionId=dge456860a65e6&pageOffset=2500&pageMaxSize=500&sortColumn=subjectDescription&sortDirection=asc,2026-09-12T15:44:09.9976350+00:00,2026-09-12T17:13:21.0398400+00:00
montgomery,202830,Spring 2028 (View Only),PHYS,161,31042,201,GENERAL PHYSICS I: MECH & HEAT,3.0,3.0,3.0,3,,Germantown,24,0,40,0,,,,TR 1300-1415 Student Affairs and Science 308 Class,,,https://b9pubstu.glb.montgomerycollege.edu/StudentRegistrationSsb/ssb/searchResults/searchResults?txt_term=202830&startDatepicker=&endDatepicker=&uniqueSessionId=dge456860a65e6&pageOffset=2500&pageMaxSize=500&sortColumn=subjectDescription&sortDirection=asc,2026-09-12T15:44:09.9976350+00:00,2026-09-12T17:13:21.0398400+00:00
montgomery,202830,Spring 2028 (View Only),PHYS,262D,31240,200,GENERAL PHYSICS II: ELEC & MAG,0.0,0.0,0.0,0,,Germantown,20,0,40,0,,,,MW 1025-1050 Student Affairs and Science 312 Class,,,https://b9pubstu.glb.montgomerycollege.edu/StudentRegistrationSsb/ssb/searchResults/searchResults?txt_term=202830&startDatepicker=&endDatepicker=&uniqueSessionId=dge456860a65e6&pageOffset=2500&pageMaxSize=500&sortColumn=subjectDescription&sortDirection=asc,2026-09-12T15:44:09.9976350+00:00,2026-09-12T17:13:21.0398400+00:00
montgomery,202830,Spring 2028 (View Only),PSYC,100,32611,402,GENERAL PSYCHOLOGY,3.0,3.0,3.0,3,,Rockville,30,0,40,0,,,,TR 0930-1045 Humanities Building 133 Class,,,https://b9pubstu.glb.montgomerycollege.edu/StudentRegistrationSsb/ssb/searchResults/searchResults?txt_term=202830&startDatepicker=&endDatepicker=&uniqueSessionId=dge456860a65e6&pageOffset=2500&pageMaxSize=500&sortColumn=subjectDescription&sortDirection=asc,2026-09-12T15:44:09.9976350+00:00,2026-09-12T17:13:21.0398400+00:00
montgomery,202830,Spring 2028 (View Only),PSYC,228,31561,3TA,THE PSYCHOLOGY OF LEARNING,3.0,3.0,3.0,3,,Distance Learning,25,0,40,0,,,,MW 1730-1900 Remote Classes  Class,,,https://b9pubstu.glb.montgomerycollege.edu/StudentRegistrationSsb/ssb/searchResults/searchResults?txt_term=202830&startDatepicker=&endDatepicker=&uniqueSessionId=dge456860a65e6&pageOffset=3000&pageMaxSize=500&sortColumn=subjectDescription&sortDirection=asc,2026-09-12T15:44:14.8070490+00:00,2026-09-12T17:13:21.0398400+00:00
montgomery,202830,Spring 2028 (View Only),SONO,112L,32665,003,ABDOMINAL SONOGRAPHY I,0.0,0.0,0.0,0,,Takoma Park/Silver Spring,5,0,0,0,,,,T 1540-1810 Health Sciences Center 426 Class ; T 1540-1810 Health Sciences Center 426 Class ; T 1540-1810 Health Sciences Center 426 Class ; T 1540-1810 Health Sciences Center 426 Class ; T 1540-1810 Health Sciences Center 426 Class ; T 1540-1810 Health Sciences Center 426 Class ; T 1540-1810 Health Sciences Center 426 Class ; R 1540-1810 Health Sciences Center 426 Class ; none - Distance Learning WEB Class,,,https://b9pubstu.glb.montgomerycollege.edu/StudentRegistrationSsb/ssb/searchResults/searchResults?txt_term=202830&startDatepicker=&endDatepicker=&uniqueSessionId=dge456860a65e6&pageOffset=3000&pageMaxSize=500&sortColumn=subjectDescription&sortDirection=asc,2026-09-12T15:44:14.8070490+00:00,2026-09-12T17:13:21.0398400+00:00
montgomery,202830,Spring 2028 (View Only),THET,100,32513,3GA,INTRODUCTION TO THEATRE,3.0,3.0,3.0,3,,Distance Learning,15,0,40,0,,,,MW 0930-1045 Remote Classes  Class,,,https://b9pubstu.glb.montgomerycollege.edu/StudentRegistrationSsb/ssb/searchResults/searchResults?txt_term=202830&startDatepicker=&endDatepicker=&uniqueSessionId=dge456860a65e6&pageOffset=3000&pageMaxSize=500&sortColumn=subjectDescription&sortDirection=asc,2026-09-12T15:44:14.8070490+00:00,2026-09-12T17:13:21.0398400+00:00
montgomery,202830,Spring 2028 (View Only),TVRA,100,31379,ZRA,INTRODUCTION TO NEW MEDIA,3.0,3.0,3.0,3,,Distance Learning,18,0,40,0,,,,none - Distance Learning WEB Class,,,https://b9pubstu.glb.montgomerycollege.edu/StudentRegistrationSsb/ssb/searchResults/searchResults?txt_term=202830&startDatepicker=&endDatepicker=&uniqueSessionId=dge456860a65e6&pageOffset=3000&pageMaxSize=500&sortColumn=subjectDescription&sortDirection=asc,2026-09-12T15:44:14.8070490+00:00,2026-09-12T17:13:21.0398400+00:00
msudenver,201930,Spring 2019 (View Only),AES,4100,35245,001,Adv Air Traffic Control,3.0,3.0,3.0,3,Do Not Use (Face to Face),Main,16,12,10,0,,,,MW 1230-1345 Seventh Street Building 112 Class,"Reale,Carmen (primary)",,https://ssb.msudenver.edu/StudentRegistrationSsb/ssb/searchResults/searchResults?txt_term=201930&startDatepicker=&endDatepicker=&uniqueSessionId=dg8c119f6f567f&pageOffset=0&pageMaxSize=500&sortColumn=subjectDescription&sortDirection=asc,2026-09-12T16:08:48.3369070+00:00,2026-09-12T17:39:06.0992340+00:00
msudenver,201930,Spring 2019 (View Only),ANT,1010,37996,002,Intro to Biological Anthrplgy,3.0,3.0,3.0,3,Do Not Use (Face to Face),Main,28,16,0,0,,,,MW 1400-1450 Central Classroom Building 301 Class ; W 1530-1645 Cherry Creek 241 Class,"Yokley,Todd (primary)",,https://ssb.msudenver.edu/StudentRegistrationSsb/ssb/searchResults/searchResults?txt_term=201930&startDatepicker=&endDatepicker=&uniqueSessionId=dg8c119f6f567f&pageOffset=0&pageMaxSize=500&sortColumn=subjectDescription&sortDirection=asc,2026-09-12T16:08:48.3369070+00:00,2026-09-12T17:39:06.0992340+00:00
msudenver,201930,Spring 2019 (View Only),ARCH,498A,39030,001,Achtctl Aspcts in Rfrbshd Strc,3.0,3.0,3.0,3,Do Not Use (Face to Face),Main,0,0,0,0,,,,,,,https://ssb.msudenver.edu/StudentRegistrationSsb/ssb/searchResults/searchResults?txt_term=201930&startDatepicker=&endDatepicker=&uniqueSessionId=dg8c119f6f567f&pageOffset=0&pageMaxSize=500&sortColumn=subjectDescription&sortDirection=asc,2026-09-12T16:08:48.3369070+00:00,2026-09-12T17:39:06.0992340+00:00
msudenver,201930,Spring 2019 (View Only),ARTH,2080,33106,001,Art of the 20th/21st Centuries,3.0,3.0,3.0,3,Do Not Use (Face to Face),Main,40,26,99,0,,,,MW 0930-1045 Arts Building 186 Class,"Armstrong,Leila (primary)",,https://ssb.msudenver.edu/StudentRegistrationSsb/ssb/searchResults/searchResults?txt_term=201930&startDatepicker=&endDatepicker=&uniqueSessionId=dg8c119f6f567f&pageOffset=0&pageMaxSize=500&sortColumn=subjectDescription&sortDirection=asc,2026-09-12T16:08:48.3369070+00:00,2026-09-12T17:39:06.0992340+00:00
msudenver,201930,Spring 2019 (View Only),ARTH,3340,38057,001,Asian Art,3.0,3.0,3.0,3,Do Not Use (Face to Face),Main,30,14,99,0,,,,MW 1230-1345 Arts Building 186 Class,"Boyd,Kealey (primary)",,https://ssb.msudenver.edu/StudentRegistrationSsb/ssb/searchResults/searchResults?txt_term=201930&startDatepicker=&endDatepicker=&uniqueSessionId=dg8c119f6f567f&pageOffset=0&pageMaxSize=500&sortColumn=subjectDescription&sortDirection=asc,2026-09-12T16:08:48.3369070+00:00,2026-09-12T17:39:06.0992340+00:00
msudenver,201930,Spring 2019 (View Only),AST,1040,30037,002,Introduction to Astronomy,3.0,3.0,3.0,3,Do Not Use (Face to Face),Main,48,31,5,0,,,,TR 1830-1945 King Center 314 Class,"Sessions,Larry (primary)",,https://ssb.msudenver.edu/StudentRegistrationSsb/ssb/searchResults/searchResults?txt_term=201930&startDatepicker=&endDatepicker=&uniqueSessionId=dg8c119f6f567f&pageOffset=0&pageMaxSize=500&sortColumn=subjectDescription&sortDirection=asc,2026-09-12T16:08:48.3369070+00:00,2026-09-12T17:39:06.0992340+00:00
msudenver,201930,Spring 2019 (View Only),BIO,1091,31566,011,General Biology Lab II,1.0,1.0,1.0,1,Do Not Use (Face to Face),Main,24,19,0,0,,,,R 0900-1150 Science Building 1090 Class,"Meloche,Christopher (primary)",,https://ssb.msudenver.edu/StudentRegistrationSsb/ssb/searchResults/searchResults?txt_term=201930&startDatepicker=&endDatepicker=&uniqueSessionId=dg8c119f6f567f&pageOffset=500&pageMaxSize=500&sortColumn=subjectDescription&sortDirection=asc,2026-09-12T16:08:59.4871850+00:00,2026-09-12T17:39:06.0992340+00:00
msudenver,201930,Spring 2019 (View Only),CHE,4710,30087,001,Criminalistics Internship II,3.0,3.0,3.0,3,Do Not Use (Face to Face),Main,10,2,99,0,,,,none - Class,"Hill,April (primary)",,https://ssb.msudenver.edu/StudentRegistrationSsb/ssb/searchResults/searchResults?txt_term=201930&startDatepicker=&endDatepicker=&uniqueSessionId=dg8c119f6f567f&pageOffset=500&pageMaxSize=500&sortColumn=subjectDescription&sortDirection=asc,2026-09-12T16:08:59.4871850+00:00,2026-09-12T17:39:06.0992340+00:00
msudenver,201930,Spring 2019 (View Only),CHS,1000,30941,005,Intro to Chicana/o Studies,3.0,3.0,3.0,3,Do Not Use (Face to Face),Main,30,28,0,0,,,,MW 1100-1215 West Classroom Building 144 Class,"Quintana,Jose (primary)",,https://ssb.msudenver.edu/StudentRegistrationSsb/ssb/searchResults/searchResults?txt_term=201930&startDatepicker=&endDatepicker=&uniqueSessionId=dg8c119f6f567f&pageOffset=500&pageMaxSize=500&sortColumn=subjectDescription&sortDirection=asc,2026-09-12T16:08:59.4871850+00:00,2026-09-12T17:39:06.0992340+00:00
msudenver,201930,Spring 2019 (View Only),ECO,2020,33210,004,Principles of Microeconomics,3.0,3.0,3.0,3,Do Not Use (Face to Face),Main,35,11,99,0,,,,MW 1730-1845 King Center 203 Class,"Cachanosky,Nicolas (primary)",,https://ssb.msudenver.edu/StudentRegistrationSsb/ssb/searchResults/searchResults?txt_term=201930&startDatepicker=&endDatepicker=&uniqueSessionId=dg8c119f6f567f&pageOffset=1000&pageMaxSize=500&sortColumn=subjectDescription&sortDirection=asc,2026-09-12T16:09:11.7490800+00:00,2026-09-12T17:39:06.0992340+00:00
msudenver,201930,Spring 2019 (View Only),MKT,3000,31496,012,Principles of Marketing,3.0,3.0,3.0,3,Do not use Online,Online,34,31,99,0,,,,none - Online Course  Class,"Chang,Tungzong (primary)",,https://ssb.msudenver.edu/StudentRegistrationSsb/ssb/searchResults/searchResults?txt_term=201930&startDatepicker=&endDatepicker=&uniqueSessionId=dg8c119f6f567f&pageOffset=2000&pageMaxSize=500&sortColumn=subjectDescription&sortDirection=asc,2026-09-12T16:09:34.3288230+00:00,2026-09-12T17:39:06.0992340+00:00
msudenver,201930,Spring 2019 (View Only),MTR,1600,32387,005,Global Climate Change,3.0,3.0,3.0,3,Do Not Use (Face to Face),Main,30,30,99,0,,,,TR 0930-1045 Science Building 2005 Class,"Wagner,Richard (primary)",,https://ssb.msudenver.edu/StudentRegistrationSsb/ssb/searchResults/searchResults?txt_term=201930&startDatepicker=&endDatepicker=&uniqueSessionId=dg8c119f6f567f&pageOffset=2500&pageMaxSize=500&sortColumn=subjectDescription&sortDirection=asc,2026-09-12T16:09:45.1388420+00:00,2026-09-12T17:39:06.0992340+00:00
msudenver,201930,Spring 2019 (View Only),MUS,4790,38776,001,Senior Recital Project,1.0,1.0,1.0,1,Do Not Use (Face to Face),Main,1,2,0,0,,,,none - Class,"Gibson,Joice ; Macy,Elizabeth (primary)",,https://ssb.msudenver.edu/StudentRegistrationSsb/ssb/searchResults/searchResults?txt_term=201930&startDatepicker=&endDatepicker=&uniqueSessionId=dg8c119f6f567f&pageOffset=2500&pageMaxSize=500&sortColumn=subjectDescription&sortDirection=asc,2026-09-12T16:09:45.1388420+00:00,2026-09-12T17:39:06.0992340+00:00
msudenver,201930,Spring 2019 (View Only),SWKM,5650,37765,006,Generalist Practice II,3.0,3.0,3.0,3,Do Not Use (Face to Face),Main,17,10,99,0,,,,M 1700-1950 Central Classroom Building 212 Class,"Drake,Matt (primary)",,https://ssb.msudenver.edu/StudentRegistrationSsb/ssb/searchResults/searchResults?txt_term=201930&startDatepicker=&endDatepicker=&uniqueSessionId=dg8c119f6f567f&pageOffset=2000&pageMaxSize=500&sortColumn=subjectDescription&sortDirection=asc,2026-09-12T16:09:34.3288230+00:00,2026-09-12T17:39:06.0992340+00:00
msudenver,201940,Summer 2019 (View Only),ACC,4440,43703,001,Ethics in Accounting,3.0,3.0,3.0,3,Do Not Use (Face to Face),Main,35,13,99,0,,,,TR 0940-1210 King Center 305 Class,"Lopez,Tony (primary) ; Harrison,Paul",,https://ssb.msudenver.edu/StudentRegistrationSsb/ssb/searchResults/searchResults?txt_term=201940&startDatepicker=&endDatepicker=&uniqueSessionId=dgc693a7664099&pageOffset=0&pageMaxSize=500&sortColumn=subjectDescription&sortDirection=asc,2026-09-12T16:08:23.4872580+00:00,2026-09-12T17:37:35.7289560+00:00
msudenver,201940,Summer 2019 (View Only),CHE,1810,42188,002,General Chemistry II,4.0,4.0,4.0,4,Do Not Use (Face to Face),Main,80,35,99,0,,,,MWF 0830-1220 West Classroom Building 155 Class,"Woolman,Brooke (primary)",,https://ssb.msudenver.edu/StudentRegistrationSsb/ssb/searchResults/searchResults?txt_term=201940&startDatepicker=&endDatepicker=&uniqueSessionId=dgc693a7664099&pageOffset=0&pageMaxSize=500&sortColumn=subjectDescription&sortDirection=asc,2026-09-12T16:08:23.4872580+00:00,2026-09-12T17:37:35.7289560+00:00
msudenver,201940,Summer 2019 (View Only),GEG,1910,42448,001,Global Water Concerns,3.0,3.0,3.0,3,Do Not Use (Face to Face),Main,30,14,47,0,,,,TR 0940-1210 Science Building 2002 Class,"Katz,Gabrielle (primary)",,https://ssb.msudenver.edu/StudentRegistrationSsb/ssb/searchResults/searchResults?txt_term=201940&startDatepicker=&endDatepicker=&uniqueSessionId=dgc693a7664099&pageOffset=0&pageMaxSize=500&sortColumn=subjectDescription&sortDirection=asc,2026-09-12T16:08:23.4872580+00:00,2026-09-12T17:37:35.7289560+00:00
msudenver,201940,Summer 2019 (View Only),MKT,4560,42494,001,Marketing Strategy,3.0,3.0,3.0,3,Do Not Use (Face to Face),Main,30,7,99,0,,,,MTWR 1500-1700 Seventh Street Building 126D Class,"Kassaye,wossen (primary)",,https://ssb.msudenver.edu/StudentRegistrationSsb/ssb/searchResults/searchResults?txt_term=201940&startDatepicker=&endDatepicker=&uniqueSessionId=dgc693a7664099&pageOffset=500&pageMaxSize=500&sortColumn=subjectDescription&sortDirection=asc,2026-09-12T16:08:31.8179660+00:00,2026-09-12T17:37:35.7289560+00:00
msudenver,201940,Summer 2019 (View Only),SOC,3780,43712,001,Gender and Disaster,3.0,3.0,3.0,3,Do not use Online,Online,5,3,0,0,14,30,22,none - Online Course  Class,"Miller,Katherine (primary)",,https://ssb.msudenver.edu/StudentRegistrationSsb/ssb/searchResults/searchResults?txt_term=201940&startDatepicker=&endDatepicker=&uniqueSessionId=dgc693a7664099&pageOffset=500&pageMaxSize=500&sortColumn=subjectDescription&sortDirection=asc,2026-09-12T16:08:31.8179660+00:00,2026-09-12T17:37:35.7289560+00:00
msudenver,201950,Fall 2019 (View Only),ACC,3090,54064,001,Income Tax I,3.0,3.0,3.0,3,Do not use Online,Online,40,31,99,0,,,,none - mostly ONLINE Class,"Russell,Richard (primary)",,https://ssb.msudenver.edu/StudentRegistrationSsb/ssb/searchResults/searchResults?txt_term=201950&startDatepicker=&endDatepicker=&uniqueSessionId=dg6e93ce611059&pageOffset=0&pageMaxSize=500&sortColumn=subjectDescription&sortDirection=asc,2026-09-12T16:06:49.1550520+00:00,2026-09-12T17:37:12.5463070+00:00
msudenver,201950,Fall 2019 (View Only),ART,1501,51577,006,Studio Foundations: 3D,3.0,3.0,3.0,3,Do Not Use (Face to Face),Main,20,18,99,0,,,,TR 1530-1815 Arts Building 166D Class,"Mullins,Heather (primary)",,https://ssb.msudenver.edu/StudentRegistrationSsb/ssb/searchResults/searchResults?txt_term=201950&startDatepicker=&endDatepicker=&uniqueSessionId=dg6e93ce611059&pageOffset=0&pageMaxSize=500&sortColumn=subjectDescription&sortDirection=asc,2026-09-12T16:06:49.1550520+00:00,2026-09-12T17:37:12.5463070+00:00
msudenver,201950,Fall 2019 (View Only),CAS,2770,53237,002,Gender and Communication,3.0,3.0,3.0,3,Do Not Use (Face to Face),Main,14,10,10,0,44,24,20,TR 0800-0915 Boulder Creek 130B Class,"Mahoney,Tracey (primary)",,https://ssb.msudenver.edu/StudentRegistrationSsb/ssb/searchResults/searchResults?txt_term=201950&startDatepicker=&endDatepicker=&uniqueSessionId=dg6e93ce611059&pageOffset=500&pageMaxSize=500&sortColumn=subjectDescription&sortDirection=asc,2026-09-12T16:07:00.7653690+00:00,2026-09-12T17:37:12.5463070+00:00
msudenver,201950,Fall 2019 (View Only),CHS,2010,50848,001,Survey of Chicana/o Literature,3.0,3.0,3.0,3,Do Not Use (Face to Face),Main,11,10,0,0,03,26,22,TR 1230-1345 Student Success Building 202 Class,"Barcelo,Margarita (primary)",,https://ssb.msudenver.edu/StudentRegistrationSsb/ssb/searchResults/searchResults?txt_term=201950&startDatepicker=&endDatepicker=&uniqueSessionId=dg6e93ce611059&pageOffset=500&pageMaxSize=500&sortColumn=subjectDescription&sortDirection=asc,2026-09-12T16:07:00.7653690+00:00,2026-09-12T17:37:12.5463070+00:00
msudenver,201950,Fall 2019 (View Only),ECO,2010,54358,010,Principles of Macroeconomics,3.0,3.0,3.0,3,Do not use Online,Online,45,35,99,0,,,,none - Online Course  Class,"Akacem,Mohammed (primary)",,https://ssb.msudenver.edu/StudentRegistrationSsb/ssb/searchResults/searchResults?txt_term=201950&startDatepicker=&endDatepicker=&uniqueSessionId=dg6e93ce611059&pageOffset=1000&pageMaxSize=500&sortColumn=subjectDescription&sortDirection=asc,2026-09-12T16:07:12.8534460+00:00,2026-09-12T17:37:12.5463070+00:00
msudenver,201950,Fall 2019 (View Only),JMP,1000,57828,002,Intro to Journalism & Mass Med,3.0,3.0,3.0,3,Do not use Online,Online,25,13,0,0,,,,none - Online Course  Class,"Thomas,Arthur (primary)",,https://ssb.msudenver.edu/StudentRegistrationSsb/ssb/searchResults/searchResults?txt_term=201950&startDatepicker=&endDatepicker=&uniqueSessionId=dg6e93ce611059&pageOffset=2000&pageMaxSize=500&sortColumn=subjectDescription&sortDirection=asc,2026-09-12T16:07:36.0176410+00:00,2026-09-12T17:37:12.5463070+00:00
msudenver,201950,Fall 2019 (View Only),JMP,2420,57824,002,Basic Video Production,3.0,3.0,3.0,3,Do Not Use (Face to Face),Main,21,5,0,0,,,,TR 1230-1345 Central Classroom Building 111 Class,"Barton,Stacy (primary)",,https://ssb.msudenver.edu/StudentRegistrationSsb/ssb/searchResults/searchResults?txt_term=201950&startDatepicker=&endDatepicker=&uniqueSessionId=dg6e93ce611059&pageOffset=2000&pageMaxSize=500&sortColumn=subjectDescription&sortDirection=asc,2026-09-12T16:07:36.0176410+00:00,2026-09-12T17:37:12.5463070+00:00
msudenver,201950,Fall 2019 (View Only),MUS,372K,58173,001,Private Guitar VI,2.0,2.0,2.0,2,Do Not Use (Face to Face),Main,10,2,0,0,,,,M 1430-1520 King Center  Class,"Komodore,Alex (primary)",,https://ssb.msudenver.edu/StudentRegistrationSsb/ssb/searchResults/searchResults?txt_term=201950&startDatepicker=&endDatepicker=&uniqueSessionId=dg6e93ce611059&pageOffset=2500&pageMaxSize=500&sortColumn=subjectDescription&sortDirection=asc,2026-09-12T16:07:47.5023130+00:00,2026-09-12T17:37:12.5463070+00:00
msudenver,201950,Fall 2019 (View Only),NUR,4300,54214,001,Ldrshp in Mgt Prof Nur Practce,4.0,4.0,4.0,4,Do not use Online,Online,25,20,0,0,,,,none - Online Course  Class,"Little,Katrina (primary)",,https://ssb.msudenver.edu/StudentRegistrationSsb/ssb/searchResults/searchResults?txt_term=201950&startDatepicker=&endDatepicker=&uniqueSessionId=dg6e93ce611059&pageOffset=3000&pageMaxSize=500&sortColumn=subjectDescription&sortDirection=asc,2026-09-12T16:07:59.9435140+00:00,2026-09-12T17:37:12.5463070+00:00
msudenver,201950,Fall 2019 (View Only),NUT,3160,54868,002,Advanced Nutrition - Micro,3.0,3.0,3.0,3,Do Not Use,Main,25,12,30,0,,,,F 1400-1515 West Classroom Building 233 Class ; none - Online/On Campus  Class,"Foote,Jerald (primary)",,https://ssb.msudenver.edu/StudentRegistrationSsb/ssb/searchResults/searchResults?txt_term=201950&startDatepicker=&endDatepicker=&uniqueSessionId=dg6e93ce611059&pageOffset=3000&pageMaxSize=500&sortColumn=subjectDescription&sortDirection=asc,2026-09-12T16:07:59.9435140+00:00,2026-09-12T17:37:12.5463070+00:00
msudenver,201950,Fall 2019 (View Only),SED,4440,51924,001,K-12 Practicum in Special Ed.,,3.0,6.0,3 OR 6,Do Not Use Hybrid,Main,16,2,75,0,,,,T 1700-1850 West Classroom Building 137 Class ; none - Online/On Campus  Class,"Halley,Kara (primary)",,https://ssb.msudenver.edu/StudentRegistrationSsb/ssb/searchResults/searchResults?txt_term=201950&startDatepicker=&endDatepicker=&uniqueSessionId=dg6e93ce611059&pageOffset=3500&pageMaxSize=500&sortColumn=subjectDescription&sortDirection=asc,2026-09-12T16:08:08.0232260+00:00,2026-09-12T17:37:12.5463070+00:00
msudenver,201950,Fall 2019 (View Only),SSE,3185,53424,002,Fundamental Fluid Mechanics,3.0,3.0,3.0,3,Do Not Use (Face to Face),Main,3,3,5,0,,,,MW 1600-1750 Aerospace and Engineering Sci. 325 Class,"Elseid,Fatma (primary)",,https://ssb.msudenver.edu/StudentRegistrationSsb/ssb/searchResults/searchResults?txt_term=201950&startDatepicker=&endDatepicker=&uniqueSessionId=dg6e93ce611059&pageOffset=3500&pageMaxSize=500&sortColumn=subjectDescription&sortDirection=asc,2026-09-12T16:08:08.0232260+00:00,2026-09-12T17:37:12.5463070+00:00
msudenver,201950,Fall 2019 (View Only),THE,4270,51664,003,Theatre: Practicum II,2.0,2.0,2.0,2,Do Not Use (Face to Face),Main,25,4,0,0,,,,none - Class,"Love,Laura (primary)",,https://ssb.msudenver.edu/StudentRegistrationSsb/ssb/searchResults/searchResults?txt_term=201950&startDatepicker=&endDatepicker=&uniqueSessionId=dg6e93ce611059&pageOffset=3500&pageMaxSize=500&sortColumn=subjectDescription&sortDirection=asc,2026-09-12T16:08:08.0232260+00:00,2026-09-12T17:37:12.5463070+00:00
msudenver,202030,Spring 2020 (View Only),AAS,2100,35164,003,Women of Color,3.0,3.0,3.0,3,Do Not Use (Face to Face),Main,5,2,10,0,29,30,15,TR 1400-1515 Student Success Building 200 Class,"Foley-Ray,Ellamaria (primary)",,https://ssb.msudenver.edu/StudentRegistrationSsb/ssb/searchResults/searchResults?txt_term=202030&startDatepicker=&endDatepicker=&uniqueSessionId=dgefff2eba06e0&pageOffset=0&pageMaxSize=500&sortColumn=subjectDescription&sortDirection=asc,2026-09-12T16:05:17.9856030+00:00,2026-09-12T17:35:41.0716260+00:00
msudenver,202030,Spring 2020 (View Only),ART,4844,31318,001,Directed Studies in Drawing,,1.0,4.0,1 TO 4,Do Not Use (Face to Face),Main,1,0,0,0,,,,none - Class,"Lane,Sandy (primary)",,https://ssb.msudenver.edu/StudentRegistrationSsb/ssb/searchResults/searchResults?txt_term=202030&startDatepicker=&endDatepicker=&uniqueSessionId=dgefff2eba06e0&pageOffset=0&pageMaxSize=500&sortColumn=subjectDescription&sortDirection=asc,2026-09-12T16:05:17.9856030+00:00,2026-09-12T17:35:41.0716260+00:00
msudenver,202030,Spring 2020 (View Only),BNK,2700,39359,001,Introduction to Banking,3.0,3.0,3.0,3,Do Not Use (Face to Face),Main,25,8,99,0,,,,TR 1230-1345 Administration Building 200 Class,"Hernandez-Julian,Rey (primary)",,https://ssb.msudenver.edu/StudentRegistrationSsb/ssb/searchResults/searchResults?txt_term=202030&startDatepicker=&endDatepicker=&uniqueSessionId=dgefff2eba06e0&pageOffset=0&pageMaxSize=500&sortColumn=subjectDescription&sortDirection=asc,2026-09-12T16:05:17.9856030+00:00,2026-09-12T17:35:41.0716260+00:00
msudenver,202030,Spring 2020 (View Only),CYB,2001,38056,001,Cyber Laws and Regulations,3.0,3.0,3.0,3,Do not use Online,Online,35,28,0,0,,,,none - Online Course  Class,"Koehler,Barbara (primary)",,https://ssb.msudenver.edu/StudentRegistrationSsb/ssb/searchResults/searchResults?txt_term=202030&startDatepicker=&endDatepicker=&uniqueSessionId=dgefff2eba06e0&pageOffset=1000&pageMaxSize=500&sortColumn=subjectDescription&sortDirection=asc,2026-09-12T16:05:41.1588230+00:00,2026-09-12T17:35:41.0716260+00:00
msudenver,202030,Spring 2020 (View Only),EET,2310,33668,002,Digital Circuits I,3.0,3.0,3.0,3,Do Not Use (Face to Face),Main,22,7,5,0,,,,MW 1000-1150 Aerospace and Engineering Sci. 385 Class,"McGarvey,Bradley (primary)",,https://ssb.msudenver.edu/StudentRegistrationSsb/ssb/searchResults/searchResults?txt_term=202030&startDatepicker=&endDatepicker=&uniqueSessionId=dgefff2eba06e0&pageOffset=1000&pageMaxSize=500&sortColumn=subjectDescription&sortDirection=asc,2026-09-12T16:05:41.1588230+00:00,2026-09-12T17:35:41.0716260+00:00
msudenver,202030,Spring 2020 (View Only),GEG,4150,38401,001,Hydrology (Surface Water),4.0,4.0,4.0,4,Do Not Use (Face to Face),Main,4,3,10,0,22,25,15,TR 1000-1215 Science Building 2002 Class,"Katz,Gabrielle (primary)",,https://ssb.msudenver.edu/StudentRegistrationSsb/ssb/searchResults/searchResults?txt_term=202030&startDatepicker=&endDatepicker=&uniqueSessionId=dgefff2eba06e0&pageOffset=1500&pageMaxSize=500&sortColumn=subjectDescription&sortDirection=asc,2026-09-12T16:05:52.4247950+00:00,2026-09-12T17:35:41.0716260+00:00
msudenver,202030,Spring 2020 (View Only),GWS,3050,38136,001,Psychology of Gender,3.0,3.0,3.0,3,Do Not Use (Face to Face),Main,5,2,0,0,68,35,30,MW 1100-1215 Plaza Building 218 Class,"Gyllen,Ashley (primary)",,https://ssb.msudenver.edu/StudentRegistrationSsb/ssb/searchResults/searchResults?txt_term=202030&startDatepicker=&endDatepicker=&uniqueSessionId=dgefff2eba06e0&pageOffset=1500&pageMaxSize=500&sortColumn=subjectDescription&sortDirection=asc,2026-09-12T16:05:52.4247950+00:00,2026-09-12T17:35:41.0716260+00:00
msudenver,202030,Spring 2020 (View Only),HIS,1150,33408,015,Multicultural America,3.0,3.0,3.0,3,Do Not Use (Face to Face),Main,40,25,99,0,,,,MW 1230-1345 King Center 320 Class,"Black,Monica (primary)",,https://ssb.msudenver.edu/StudentRegistrationSsb/ssb/searchResults/searchResults?txt_term=202030&startDatepicker=&endDatepicker=&uniqueSessionId=dgefff2eba06e0&pageOffset=1500&pageMaxSize=500&sortColumn=subjectDescription&sortDirection=asc,2026-09-12T16:05:52.4247950+00:00,2026-09-12T17:35:41.0716260+00:00
msudenver,202030,Spring 2020 (View Only),HSP,4160,39666,001,Human Trafficking,3.0,3.0,3.0,3,Do Not Use (Face to Face),Main,12,10,10,0,54,40,34,MTWRF 0800-1215 West Classroom Building 145 Class,"Alejano-Steele,Annjanette (primary)",,https://ssb.msudenver.edu/StudentRegistrationSsb/ssb/searchResults/searchResults?txt_term=202030&startDatepicker=&endDatepicker=&uniqueSessionId=dgefff2eba06e0&pageOffset=1500&pageMaxSize=500&sortColumn=subjectDescription&sortDirection=asc,2026-09-12T16:05:52.4247950+00:00,2026-09-12T17:35:41.0716260+00:00
msudenver,202030,Spring 2020 (View Only),IND,4960,32054,001,Professional Internship,3.0,3.0,3.0,3,Do not Use Self-Paced,Main,22,22,99,0,,,,none - Class,"Shin,Jinseup (primary)",,https://ssb.msudenver.edu/StudentRegistrationSsb/ssb/searchResults/searchResults?txt_term=202030&startDatepicker=&endDatepicker=&uniqueSessionId=dgefff2eba06e0&pageOffset=1500&pageMaxSize=500&sortColumn=subjectDescription&sortDirection=asc,2026-09-12T16:05:52.4247950+00:00,2026-09-12T17:35:41.0716260+00:00
msudenver,202030,Spring 2020 (View Only),JMP,2610,39919,008,Intro to Technical Writing,3.0,3.0,3.0,3,Do not use Online,Online,25,20,99,0,,,,none - Online Course  Class,"O'Donnell,Kathy (primary)",,https://ssb.msudenver.edu/StudentRegistrationSsb/ssb/searchResults/searchResults?txt_term=202030&startDatepicker=&endDatepicker=&uniqueSessionId=dgefff2eba06e0&pageOffset=2000&pageMaxSize=500&sortColumn=subjectDescription&sortDirection=asc,2026-09-12T16:06:04.0643540+00:00,2026-09-12T17:35:41.0716260+00:00
msudenver,202030,Spring 2020 (View Only),MGT,4950,31875,006,Strategic Management SL,3.0,3.0,3.0,3,Do Not Use (Face to Face),Main,28,17,99,0,,,,T 1730-2020 Administration Building 140 Class,"Smith,Patrick (primary)",,https://ssb.msudenver.edu/StudentRegistrationSsb/ssb/searchResults/searchResults?txt_term=202030&startDatepicker=&endDatepicker=&uniqueSessionId=dgefff2eba06e0&pageOffset=2000&pageMaxSize=500&sortColumn=subjectDescription&sortDirection=asc,2026-09-12T16:06:04.0643540+00:00,2026-09-12T17:35:41.0716260+00:00
msudenver,202030,Spring 2020 (View Only),MTH,1111,39846,03B,College Alg. for Calc with Lab,4.0,4.0,4.0,4,Do Not Use (Face to Face),Main,10,5,99,0,G4,12,44,MW 1200-1350 Science Building 1010 Class,"Niemeyer,Robert (primary)",,https://ssb.msudenver.edu/StudentRegistrationSsb/ssb/searchResults/searchResults?txt_term=202030&startDatepicker=&endDatepicker=&uniqueSessionId=dgefff2eba06e0&pageOffset=2500&pageMaxSize=500&sortColumn=subjectDescription&sortDirection=asc,2026-09-12T16:06:15.0983490+00:00,2026-09-12T17:35:41.0716260+00:00
msudenver,202030,Spring 2020 (View Only),MTR,1600,32388,002,Global Climate Change,3.0,3.0,3.0,3,Do Not Use (Face to Face),Main,30,27,10,0,,,,TR 0800-0915 Science Building 2005 Class,"Wagner,Richard (primary)",,https://ssb.msudenver.edu/StudentRegistrationSsb/ssb/searchResults/searchResults?txt_term=202030&startDatepicker=&endDatepicker=&uniqueSessionId=dgefff2eba06e0&pageOffset=2500&pageMaxSize=500&sortColumn=subjectDescription&sortDirection=asc,2026-09-12T16:06:15.0983490+00:00,2026-09-12T17:35:41.0716260+00:00
msudenver,202030,Spring 2020 (View Only),MUS,1050,39358,001,History of Rock and Roll,3.0,3.0,3.0,3,Do Not Use (Face to Face),Main,35,21,99,0,,,,MW 0930-1045 King Center 316 Class,"Williams,Sam (primary)",,https://ssb.msudenver.edu/StudentRegistrationSsb/ssb/searchResults/searchResults?txt_term=202030&startDatepicker=&endDatepicker=&uniqueSessionId=dgefff2eba06e0&pageOffset=2500&pageMaxSize=500&sortColumn=subjectDescription&sortDirection=asc,2026-09-12T16:06:15.0983490+00:00,2026-09-12T17:35:41.0716260+00:00
msudenver,202030,Spring 2020 (View Only),PHI,345D,39825,001,VT: Philosophy of Race,3.0,3.0,3.0,3,Do Not Use (Face to Face),Main,26,7,0,0,,,,MW 0930-1045 West Classroom Building 237 Class,"Perez Gomez,Javiera (primary)",,https://ssb.msudenver.edu/StudentRegistrationSsb/ssb/searchResults/searchResults?txt_term=202030&startDatepicker=&endDatepicker=&uniqueSessionId=dgefff2eba06e0&pageOffset=3000&pageMaxSize=500&sortColumn=subjectDescription&sortDirection=asc,2026-09-12T16:06:26.7633650+00:00,2026-09-12T17:35:41.0716260+00:00
msudenver,202030,Spring 2020 (View Only),PHY,2040,30274,004,College Physics Lab II,1.0,1.0,1.0,1,Do Not Use (Face to Face),Main,8,1,0,0,,,,T 1800-1950 North Classroom Building 3405 Class,"Hatchett,William (primary)",,https://ssb.msudenver.edu/StudentRegistrationSsb/ssb/searchResults/searchResults?txt_term=202030&startDatepicker=&endDatepicker=&uniqueSessionId=dgefff2eba06e0&pageOffset=3000&pageMaxSize=500&sortColumn=subjectDescription&sortDirection=asc,2026-09-12T16:06:26.7633650+00:00,2026-09-12T17:35:41.0716260+00:00
msudenver,202030,Spring 2020 (View Only),PHY,4440,40007,001,Electricity and Magnetism II,3.0,3.0,3.0,3,Do Not Use (Face to Face),Main,15,2,0,0,,,,MW 1000-1115 King Center 205 Class,"Dove,James (primary)",,https://ssb.msudenver.edu/StudentRegistrationSsb/ssb/searchResults/searchResults?txt_term=202030&startDatepicker=&endDatepicker=&uniqueSessionId=dgefff2eba06e0&pageOffset=3000&pageMaxSize=500&sortColumn=subjectDescription&sortDirection=asc,2026-09-12T16:06:26.7633650+00:00,2026-09-12T17:35:41.0716260+00:00
msudenver,202030,Spring 2020 (View Only),PSC,1020,31421,003,Political Systems & Ideas,3.0,3.0,3.0,3,Do Not Use (Face to Face),Main,30,27,5,0,,,,TR 0930-1045 Modular 6 A Class,"Moeller,Richard (primary)",,https://ssb.msudenver.edu/StudentRegistrationSsb/ssb/searchResults/searchResults?txt_term=202030&startDatepicker=&endDatepicker=&uniqueSessionId=dgefff2eba06e0&pageOffset=3000&pageMaxSize=500&sortColumn=subjectDescription&sortDirection=asc,2026-09-12T16:06:26.7633650+00:00,2026-09-12T17:35:41.0716260+00:00
msudenver,202030,Spring 2020 (View Only),SOC,3220,39425,003,Prejudice and Discrimination,3.0,3.0,3.0,3,Do not use Online,Online,15,16,0,0,59,25,24,none - Online Course  Class,"Piacenti,David (primary)",,https://ssb.msudenver.edu/StudentRegistrationSsb/ssb/searchResults/searchResults?txt_term=202030&startDatepicker=&endDatepicker=&uniqueSessionId=dgefff2eba06e0&pageOffset=3500&pageMaxSize=500&sortColumn=subjectDescription&sortDirection=asc,2026-09-12T16:06:32.9914900+00:00,2026-09-12T17:35:41.0716260+00:00
msudenver,202040,Summer 2020 (View Only),AAS,1010,41700,SPO,Intro to Africana Studies,3.0,3.0,3.0,3,Do not use Online,Innovative & Lifelong Learning,30,9,30,0,,,,none - Online Course  Class,"Benton,Jacquelyn (primary)",,https://ssb.msudenver.edu/StudentRegistrationSsb/ssb/searchResults/searchResults?txt_term=202040&startDatepicker=&endDatepicker=&uniqueSessionId=dg60cab12ce378&pageOffset=0&pageMaxSize=500&sortColumn=subjectDescription&sortDirection=asc,2026-09-12T16:04:55.6911830+00:00,2026-09-12T17:34:11.7201300+00:00
msudenver,202040,Summer 2020 (View Only),ACC,2010,40488,003,Principles of Accounting I,3.0,3.0,3.0,3,Do not use Online,Main,35,32,99,0,,,,TR 1215-1445 Synchronous  Online,"Betzer,Sheri (primary)",,https://ssb.msudenver.edu/StudentRegistrationSsb/ssb/searchResults/searchResults?txt_term=202040&startDatepicker=&endDatepicker=&uniqueSessionId=dg60cab12ce378&pageOffset=0&pageMaxSize=500&sortColumn=subjectDescription&sortDirection=asc,2026-09-12T16:04:55.6911830+00:00,2026-09-12T17:34:11.7201300+00:00
msudenver,202040,Summer 2020 (View Only),MET,3110,41341,001,Thermodynamics I,3.0,3.0,3.0,3,Do not use Online,Main,20,14,5,0,,,,TWR 0940-1210 Synchronous  Online,"Jones,Ralph (primary)",,https://ssb.msudenver.edu/StudentRegistrationSsb/ssb/searchResults/searchResults?txt_term=202040&startDatepicker=&endDatepicker=&uniqueSessionId=dg60cab12ce378&pageOffset=500&pageMaxSize=500&sortColumn=subjectDescription&sortDirection=asc,2026-09-12T16:05:01.3561890+00:00,2026-09-12T17:34:11.7201300+00:00
msudenver,202040,Summer 2020 (View Only),PHY,2321,40671,004,General Physics Laboratory I,1.0,1.0,1.0,1,Do not use Online,Online,24,4,0,0,,,,none - Online Course  Class,"Hatchett,William (primary)",,https://ssb.msudenver.edu/StudentRegistrationSsb/ssb/searchResults/searchResults?txt_term=202040&startDatepicker=&endDatepicker=&uniqueSessionId=dg60cab12ce378&pageOffset=500&pageMaxSize=500&sortColumn=subjectDescription&sortDirection=asc,2026-09-12T16:05:01.3561890+00:00,2026-09-12T17:34:11.7201300+00:00
msudenver,202050,Fall 2020 (View Only),ACC,2020,51775,009,Principles of Accounting II,3.0,3.0,3.0,3,Do not use Online,Main,40,20,99,0,,,,T 1730-2020 Synchronous  Online,"Giordano,Joseph (primary)",,https://ssb.msudenver.edu/StudentRegistrationSsb/ssb/searchResults/searchResults?txt_term=202050&startDatepicker=&endDatepicker=&uniqueSessionId=dg2245503d30da&pageOffset=0&pageMaxSize=500&sortColumn=subjectDescription&sortDirection=asc,2026-09-12T16:03:33.7073780+00:00,2026-09-12T17:33:50.6904360+00:00
msudenver,202050,Fall 2020 (View Only),ACCM,5100,55154,001,Financial Accounting,3.0,3.0,3.0,3,Do not use Online,Main,29,10,99,0,93,30,10,R 1730-2020 Synchronous  Online,"Mesa,William (primary)",,https://ssb.msudenver.edu/StudentRegistrationSsb/ssb/searchResults/searchResults?txt_term=202050&startDatepicker=&endDatepicker=&uniqueSessionId=dg2245503d30da&pageOffset=2000&pageMaxSize=500&sortColumn=subjectDescription&sortDirection=asc,2026-09-12T16:04:19.3707000+00:00,2026-09-12T17:33:50.6904360+00:00
msudenver,202050,Fall 2020 (View Only),ACCM,5901,52386,001,Internal Audit Projects,3.0,3.0,3.0,3,Do not use Online,Main,10,1,99,0,92,30,1,none - Online/On Campus  Online,"Tebben,Shawn (primary)",,https://ssb.msudenver.edu/StudentRegistrationSsb/ssb/searchResults/searchResults?txt_term=202050&startDatepicker=&endDatepicker=&uniqueSessionId=dg2245503d30da&pageOffset=2000&pageMaxSize=500&sortColumn=subjectDescription&sortDirection=asc,2026-09-12T16:04:19.3707000+00:00,2026-09-12T17:33:50.6904360+00:00
msudenver,202050,Fall 2020 (View Only),ART,1141,50640,003,Studio Foundations: Drawing,3.0,3.0,3.0,3,Do Not Use (Face to Face),Main,20,16,99,0,,,,MW 1530-1815 Arts Building 166B Class,"Lelah,Aliza (primary)",,https://ssb.msudenver.edu/StudentRegistrationSsb/ssb/searchResults/searchResults?txt_term=202050&startDatepicker=&endDatepicker=&uniqueSessionId=dg2245503d30da&pageOffset=0&pageMaxSize=500&sortColumn=subjectDescription&sortDirection=asc,2026-09-12T16:03:33.7073780+00:00,2026-09-12T17:33:50.6904360+00:00
msudenver,202050,Fall 2020 (View Only),CDES,2222,51225,001,Fund of Communication Design,3.0,3.0,3.0,3,Do not use Online,Main,16,14,99,0,,,,MW 1230-1515 Synchronous  Online,"Monico,Kelly (primary)",,https://ssb.msudenver.edu/StudentRegistrationSsb/ssb/searchResults/searchResults?txt_term=202050&startDatepicker=&endDatepicker=&uniqueSessionId=dg2245503d30da&pageOffset=500&pageMaxSize=500&sortColumn=subjectDescription&sortDirection=asc,2026-09-12T16:03:44.6478780+00:00,2026-09-12T17:33:50.6904360+00:00
msudenver,202050,Fall 2020 (View Only),CJC,2020,50933,003,Rsch Mthd & Basic Stat for CJC,3.0,3.0,3.0,3,Do not use Online,Main,25,22,0,0,,,,none - Do Not Use Asynchronous  Online,"Jia,Di (primary)",,https://ssb.msudenver.edu/StudentRegistrationSsb/ssb/searchResults/searchResults?txt_term=202050&startDatepicker=&endDatepicker=&uniqueSessionId=dg2245503d30da&pageOffset=1000&pageMaxSize=500&sortColumn=subjectDescription&sortDirection=asc,2026-09-12T16:03:56.4850740+00:00,2026-09-12T17:33:50.6904360+00:00
msudenver,202050,Fall 2020 (View Only),ECO,3980,50891,001,Internship in Economics,,1.0,15.0,1 TO 15,Do Not Use (Face to Face),Main,0,0,0,0,,,,none - Off Campus Location  Online,"Fleisher,Arthur (primary)",,https://ssb.msudenver.edu/StudentRegistrationSsb/ssb/searchResults/searchResults?txt_term=202050&startDatepicker=&endDatepicker=&uniqueSessionId=dg2245503d30da&pageOffset=1000&pageMaxSize=500&sortColumn=subjectDescription&sortDirection=asc,2026-09-12T16:03:56.4850740+00:00,2026-09-12T17:33:50.6904360+00:00
msudenver,202050,Fall 2020 (View Only),EVE,4420,53506,001,Wetland Studies,3.0,3.0,3.0,3,Do not use Online,Main,10,8,10,0,,,,TR 0800-0915 Synchronous  Online,"Schliemann,Sarah (primary)",,https://ssb.msudenver.edu/StudentRegistrationSsb/ssb/searchResults/searchResults?txt_term=202050&startDatepicker=&endDatepicker=&uniqueSessionId=dg2245503d30da&pageOffset=1000&pageMaxSize=500&sortColumn=subjectDescription&sortDirection=asc,2026-09-12T16:03:56.4850740+00:00,2026-09-12T17:33:50.6904360+00:00
msudenver,202050,Fall 2020 (View Only),MUS,272L,56146,001,Private Jazz Guitar IV,2.0,2.0,2.0,2,Do not use Online,Online,10,1,0,0,,,,none - Online Course  Online,"Devine,David (primary)",,https://ssb.msudenver.edu/StudentRegistrationSsb/ssb/searchResults/searchResults?txt_term=202050&startDatepicker=&endDatepicker=&uniqueSessionId=dg2245503d30da&pageOffset=2500&pageMaxSize=500&sortColumn=subjectDescription&sortDirection=asc,2026-09-12T16:04:30.0561630+00:00,2026-09-12T17:33:50.6904360+00:00
msudenver,202050,Fall 2020 (View Only),MUS,4360,54496,001,Teaching Secondary Music I,2.0,2.0,2.0,2,Do not use Online,Main,25,11,0,0,,,,TR 1100-1215 Synchronous  Online,"Aguilar,Carla (primary)",,https://ssb.msudenver.edu/StudentRegistrationSsb/ssb/searchResults/searchResults?txt_term=202050&startDatepicker=&endDatepicker=&uniqueSessionId=dg2245503d30da&pageOffset=2500&pageMaxSize=500&sortColumn=subjectDescription&sortDirection=asc,2026-09-12T16:04:30.0561630+00:00,2026-09-12T17:33:50.6904360+00:00
msudenver,202050,Fall 2020 (View Only),NURA,4030,55232,001,Nursng Care Childbearng Family,5.0,5.0,5.0,5,Do not use Online,Main,23,23,0,0,,,,TR 0800-1200 Synchronous  Online ; MWF 1300-1700 Synchronous  Online,"Legette,Flori ; Vowell,Victoria ; Allert,Jenny (primary) ; Rush,Gerilyn ; Javernick,Julie",,https://ssb.msudenver.edu/StudentRegistrationSsb/ssb/searchResults/searchResults?txt_term=202050&startDatepicker=&endDatepicker=&uniqueSessionId=dg2245503d30da&pageOffset=0&pageMaxSize=500&sortColumn=subjectDescription&sortDirection=asc,2026-09-12T16:03:33.7073780+00:00,2026-09-12T17:33:50.6904360+00:00
msudenver,202050,Fall 2020 (View Only),SOC,1010,55173,012,Introduction to Sociology,3.0,3.0,3.0,3,Do not use Online,Main,35,24,0,0,,,,none - Do Not Use Asynchronous  Online,"O'Hara,Brian (primary)",,https://ssb.msudenver.edu/StudentRegistrationSsb/ssb/searchResults/searchResults?txt_term=202050&startDatepicker=&endDatepicker=&uniqueSessionId=dg2245503d30da&pageOffset=3000&pageMaxSize=500&sortColumn=subjectDescription&sortDirection=asc,2026-09-12T16:04:40.4003820+00:00,2026-09-12T17:33:50.6904360+00:00
msudenver,202050,Fall 2020 (View Only),SPA,2120,51257,001,Spanish Rdg & Communication II,3.0,3.0,3.0,3,Do not use Online,Main,24,20,99,0,,,,TR 0930-1045 Synchronous  Online,"Jeffers,Meredith (primary)",,https://ssb.msudenver.edu/StudentRegistrationSsb/ssb/searchResults/searchResults?txt_term=202050&startDatepicker=&endDatepicker=&uniqueSessionId=dg2245503d30da&pageOffset=3000&pageMaxSize=500&sortColumn=subjectDescription&sortDirection=asc,2026-09-12T16:04:40.4003820+00:00,2026-09-12T17:33:50.6904360+00:00
msudenver,202050,Fall 2020 (View Only),SWK,3410,51487,003,Generalist Practice I,3.0,3.0,3.0,3,Do not use Online,Main,20,17,20,0,,,,W 1400-1650 Synchronous  Online,"Danhoff,Kristin (primary)",,https://ssb.msudenver.edu/StudentRegistrationSsb/ssb/searchResults/searchResults?txt_term=202050&startDatepicker=&endDatepicker=&uniqueSessionId=dg2245503d30da&pageOffset=3000&pageMaxSize=500&sortColumn=subjectDescription&sortDirection=asc,2026-09-12T16:04:40.4003820+00:00,2026-09-12T17:33:50.6904360+00:00
msudenver,202130,Spring 2021 (View Only),ACCM,5100,35107,001,Financial Accounting,3.0,3.0,3.0,3,Do not use Online,Online,29,4,99,0,61,35,4,W 1730-2020 Synchronous  Online,"Mesa,William (primary)",,https://ssb.msudenver.edu/StudentRegistrationSsb/ssb/searchResults/searchResults?txt_term=202130&startDatepicker=&endDatepicker=&uniqueSessionId=dg9489f9a9a8ec&pageOffset=2000&pageMaxSize=500&sortColumn=subjectDescription&sortDirection=asc,2026-09-12T16:02:55.7079670+00:00,2026-09-12T17:32:27.7315870+00:00
msudenver,202130,Spring 2021 (View Only),CIS,3300,31060,011,Business Analytics I,3.0,3.0,3.0,3,Do not use Online,Online,40,32,99,0,,,,TR 1400-1515 Synchronous  Online,"Kiss,Viktor Miklos (primary)",,https://ssb.msudenver.edu/StudentRegistrationSsb/ssb/searchResults/searchResults?txt_term=202130&startDatepicker=&endDatepicker=&uniqueSessionId=dg9489f9a9a8ec&pageOffset=500&pageMaxSize=500&sortColumn=subjectDescription&sortDirection=asc,2026-09-12T16:02:19.4042970+00:00,2026-09-12T17:32:27.7315870+00:00
msudenver,202130,Spring 2021 (View Only),CJC,3410,30800,004,Cri Justice & the Soc Strcture,3.0,3.0,3.0,3,Do not use Online,Online,37,34,3,0,,,,none - Online Course  Online,"Rivera-Serrano,Rebecca (primary)",,https://ssb.msudenver.edu/StudentRegistrationSsb/ssb/searchResults/searchResults?txt_term=202130&startDatepicker=&endDatepicker=&uniqueSessionId=dg9489f9a9a8ec&pageOffset=1000&pageMaxSize=500&sortColumn=subjectDescription&sortDirection=asc,2026-09-12T16:02:31.8632430+00:00,2026-09-12T17:32:27.7315870+00:00
msudenver,202130,Spring 2021 (View Only),CPE,2145,33031,001,Solid State Electronics,3.0,3.0,3.0,3,Do not use Online,Online,5,2,5,0,A5,22,12,TR 0900-1015 Synchronous  Online,"Kuwairi,Khalid (primary)",,https://ssb.msudenver.edu/StudentRegistrationSsb/ssb/searchResults/searchResults?txt_term=202130&startDatepicker=&endDatepicker=&uniqueSessionId=dg9489f9a9a8ec&pageOffset=500&pageMaxSize=500&sortColumn=subjectDescription&sortDirection=asc,2026-09-12T16:02:19.4042970+00:00,2026-09-12T17:32:27.7315870+00:00
msudenver,202130,Spring 2021 (View Only),CPE,4330,34863,001,Data Communication,3.0,3.0,3.0,3,Do Not Use (Face to Face),Main,5,3,0,0,B5,20,9,TR 1030-1220 Aerospace and Engineering Sci. 335 Class,"Burns,Walter (primary)",,https://ssb.msudenver.edu/StudentRegistrationSsb/ssb/searchResults/searchResults?txt_term=202130&startDatepicker=&endDatepicker=&uniqueSessionId=dg9489f9a9a8ec&pageOffset=500&pageMaxSize=500&sortColumn=subjectDescription&sortDirection=asc,2026-09-12T16:02:19.4042970+00:00,2026-09-12T17:32:27.7315870+00:00
msudenver,202130,Spring 2021 (View Only),ENG,1020,31151,041,Research and Argument Writing,3.0,3.0,3.0,3,Do not use Online,Online,26,15,0,0,,,,none - Online Course  Online,"Root,Melissa (primary)",,https://ssb.msudenver.edu/StudentRegistrationSsb/ssb/searchResults/searchResults?txt_term=202130&startDatepicker=&endDatepicker=&uniqueSessionId=dg9489f9a9a8ec&pageOffset=1000&pageMaxSize=500&sortColumn=subjectDescription&sortDirection=asc,2026-09-12T16:02:31.8632430+00:00,2026-09-12T17:32:27.7315870+00:00
msudenver,202130,Spring 2021 (View Only),HLDR,3600,35085,001,Org. Leadership for HOSP,3.0,3.0,3.0,3,Do not use Online,Online,18,19,15,0,,,,MW 0800-0915 Synchronous  Online,"Koch,Jeffrey (primary)",,https://ssb.msudenver.edu/StudentRegistrationSsb/ssb/searchResults/searchResults?txt_term=202130&startDatepicker=&endDatepicker=&uniqueSessionId=dg9489f9a9a8ec&pageOffset=1500&pageMaxSize=500&sortColumn=subjectDescription&sortDirection=asc,2026-09-12T16:02:43.4147600+00:00,2026-09-12T17:32:27.7315870+00:00
msudenver,202130,Spring 2021 (View Only),HON,4950,31311,001,Senior Honors Thesis,3.0,3.0,3.0,3,Do not use Online,Online,15,8,0,0,,,,F 1100-1200 Synchronous  Online,"Hughes,Megan (primary)",,https://ssb.msudenver.edu/StudentRegistrationSsb/ssb/searchResults/searchResults?txt_term=202130&startDatepicker=&endDatepicker=&uniqueSessionId=dg9489f9a9a8ec&pageOffset=1500&pageMaxSize=500&sortColumn=subjectDescription&sortDirection=asc,2026-09-12T16:02:43.4147600+00:00,2026-09-12T17:32:27.7315870+00:00
msudenver,202130,Spring 2021 (View Only),JMP,2430,34056,002,Intro to Media Production,3.0,3.0,3.0,3,Do not use Online,Online,32,28,99,0,,,,MW 0930-1045 Synchronous  Online,"Hammond,John (primary)",,https://ssb.msudenver.edu/StudentRegistrationSsb/ssb/searchResults/searchResults?txt_term=202130&startDatepicker=&endDatepicker=&uniqueSessionId=dg9489f9a9a8ec&pageOffset=1500&pageMaxSize=500&sortColumn=subjectDescription&sortDirection=asc,2026-09-12T16:02:43.4147600+00:00,2026-09-12T17:32:27.7315870+00:00
msudenver,202130,Spring 2021 (View Only),MET,4070,35049,001,Computer Aided Design,3.0,3.0,3.0,3,Do not use Online,Main,28,27,5,0,,,,TR 1400-1550 Synchronous  Online,"Lee,Yishi (primary)",,https://ssb.msudenver.edu/StudentRegistrationSsb/ssb/searchResults/searchResults?txt_term=202130&startDatepicker=&endDatepicker=&uniqueSessionId=dg9489f9a9a8ec&pageOffset=2000&pageMaxSize=500&sortColumn=subjectDescription&sortDirection=asc,2026-09-12T16:02:55.7079670+00:00,2026-09-12T17:32:27.7315870+00:00
msudenver,202130,Spring 2021 (View Only),MTH,1101,33961,03B,College Algebra Laboratory,1.0,1.0,1.0,1,Do not use Online,Online,12,10,99,0,,,,MW 1100-1150 Synchronous  Online,"Zarrini,Haley (primary)",,https://ssb.msudenver.edu/StudentRegistrationSsb/ssb/searchResults/searchResults?txt_term=202130&startDatepicker=&endDatepicker=&uniqueSessionId=dg9489f9a9a8ec&pageOffset=2000&pageMaxSize=500&sortColumn=subjectDescription&sortDirection=asc,2026-09-12T16:02:55.7079670+00:00,2026-09-12T17:32:27.7315870+00:00
msudenver,202130,Spring 2021 (View Only),MUS,1120,31767,002,Music Theory Lab I,1.0,1.0,1.0,1,Do not use Online,Online,12,9,0,0,,,,TR 0900-0950 Synchronous  Online,"Leiter,Cherise (primary)",,https://ssb.msudenver.edu/StudentRegistrationSsb/ssb/searchResults/searchResults?txt_term=202130&startDatepicker=&endDatepicker=&uniqueSessionId=dg9489f9a9a8ec&pageOffset=2000&pageMaxSize=500&sortColumn=subjectDescription&sortDirection=asc,2026-09-12T16:02:55.7079670+00:00,2026-09-12T17:32:27.7315870+00:00
msudenver,202130,Spring 2021 (View Only),MUS,271A,33361,002,Private Voice III,2.0,2.0,2.0,2,Do Not Use (Face to Face),Main,10,0,0,0,,,,W 1430-1520 Class,,,https://ssb.msudenver.edu/StudentRegistrationSsb/ssb/searchResults/searchResults?txt_term=202130&startDatepicker=&endDatepicker=&uniqueSessionId=dg9489f9a9a8ec&pageOffset=2500&pageMaxSize=500&sortColumn=subjectDescription&sortDirection=asc,2026-09-12T16:03:07.2608650+00:00,2026-09-12T17:32:27.7315870+00:00
msudenver,202130,Spring 2021 (View Only),MUS,274K,34331,001,Guitar Performance IV,3.0,3.0,3.0,3,Do not use Online,Online,10,1,0,0,,,,none - Online Course  Online,"Komodore,Alex (primary)",,https://ssb.msudenver.edu/StudentRegistrationSsb/ssb/searchResults/searchResults?txt_term=202130&startDatepicker=&endDatepicker=&uniqueSessionId=dg9489f9a9a8ec&pageOffset=2500&pageMaxSize=500&sortColumn=subjectDescription&sortDirection=asc,2026-09-12T16:03:07.2608650+00:00,2026-09-12T17:32:27.7315870+00:00
msudenver,202130,Spring 2021 (View Only),THE,4270,31174,003,Theatre: Practicum II,2.0,2.0,2.0,2,Do Not Use (Face to Face),Main,25,3,0,0,,,,none - Class,"Love,Laura (primary)",,https://ssb.msudenver.edu/StudentRegistrationSsb/ssb/searchResults/searchResults?txt_term=202130&startDatepicker=&endDatepicker=&uniqueSessionId=dg9489f9a9a8ec&pageOffset=3000&pageMaxSize=500&sortColumn=subjectDescription&sortDirection=asc,2026-09-12T16:03:17.5019780+00:00,2026-09-12T17:32:27.7315870+00:00
msudenver,202140,Summer 2021 (View Only),ENG,1008,40515,01V,Stretch Composing Arguments A,3.0,3.0,3.0,3,Do Not Use (Face to Face),Main,0,0,0,0,,,,MW 0940-1210 Class,,,https://ssb.msudenver.edu/StudentRegistrationSsb/ssb/searchResults/searchResults?txt_term=202140&startDatepicker=&endDatepicker=&uniqueSessionId=dg069f60e39d09&pageOffset=0&pageMaxSize=500&sortColumn=subjectDescription&sortDirection=asc,2026-09-12T16:01:43.0860600+00:00,2026-09-12T17:31:03.0002550+00:00
msudenver,202140,Summer 2021 (View Only),SPA,3250,40778,002,Intro Literary Stds Spanish,3.0,3.0,3.0,3,Do not use Online,Online,27,24,99,0,,,,none - Online Course  Online,"Jeffers,Meredith (primary)",,https://ssb.msudenver.edu/StudentRegistrationSsb/ssb/searchResults/searchResults?txt_term=202140&startDatepicker=&endDatepicker=&uniqueSessionId=dg069f60e39d09&pageOffset=500&pageMaxSize=500&sortColumn=subjectDescription&sortDirection=asc,2026-09-12T16:01:50.2020490+00:00,2026-09-12T17:31:03.0002550+00:00
msudenver,202140,Summer 2021 (View Only),SWK,3010,40916,001,SW with Children and Youth,3.0,3.0,3.0,3,Do not use Online,Online,19,18,99,0,,,,none - Online Course  Class,"DeHaven,Kelly (primary)",,https://ssb.msudenver.edu/StudentRegistrationSsb/ssb/searchResults/searchResults?txt_term=202140&startDatepicker=&endDatepicker=&uniqueSessionId=dg069f60e39d09&pageOffset=500&pageMaxSize=500&sortColumn=subjectDescription&sortDirection=asc,2026-09-12T16:01:50.2020490+00:00,2026-09-12T17:31:03.0002550+00:00
msudenver,202150,Fall 2021 (View Only),COMM,1010,34345,007,Presentational Speaking,3.0,3.0,3.0,3,Do Not Use (Face to Face),Main,25,25,3,0,,,,MW 0930-1045 Central Classroom Building 301 Class,"Collins,Debra (primary)",,https://ssb.msudenver.edu/StudentRegistrationSsb/ssb/searchResults/searchResults?txt_term=202150&startDatepicker=&endDatepicker=&uniqueSessionId=dg60dc9630a157&pageOffset=500&pageMaxSize=500&sortColumn=subjectDescription&sortDirection=asc,2026-09-12T16:00:21.0458720+00:00,2026-09-12T17:30:40.4571940+00:00
msudenver,202150,Fall 2021 (View Only),CPE,3400,34067,01V,Signals & Systems,3.0,3.0,3.0,3,Do Not Use (Face to Face),Main,20,6,5,0,,,,TR 1530-1645 Aerospace and Engineering Sci. 395 Class,"Huang,Lin (primary)",,https://ssb.msudenver.edu/StudentRegistrationSsb/ssb/searchResults/searchResults?txt_term=202150&startDatepicker=&endDatepicker=&uniqueSessionId=dg60dc9630a157&pageOffset=500&pageMaxSize=500&sortColumn=subjectDescription&sortDirection=asc,2026-09-12T16:00:21.0458720+00:00,2026-09-12T17:30:40.4571940+00:00
msudenver,202150,Fall 2021 (View Only),CS,1400,35497,03V,Computer Organization 1,4.0,4.0,4.0,4,Do Not Use (Face to Face),Main,34,33,99,0,,,,TR 1400-1550 Aerospace and Engineering Sci. 220 Class,"Rajan,Ranjidha (primary)",,https://ssb.msudenver.edu/StudentRegistrationSsb/ssb/searchResults/searchResults?txt_term=202150&startDatepicker=&endDatepicker=&uniqueSessionId=dg60dc9630a157&pageOffset=500&pageMaxSize=500&sortColumn=subjectDescription&sortDirection=asc,2026-09-12T16:00:21.0458720+00:00,2026-09-12T17:30:40.4571940+00:00
msudenver,202150,Fall 2021 (View Only),EDU,4116,34506,002,CLD Residency I,,3.0,7.0,3 TO 7,Do Not Use (Face to Face),Main,25,16,75,0,A5,250,42,none - Off Campus Location  Class,"O'Brien,Ali (primary)",,https://ssb.msudenver.edu/StudentRegistrationSsb/ssb/searchResults/searchResults?txt_term=202150&startDatepicker=&endDatepicker=&uniqueSessionId=dg60dc9630a157&pageOffset=1000&pageMaxSize=500&sortColumn=subjectDescription&sortDirection=asc,2026-09-12T16:00:34.1910060+00:00,2026-09-12T17:30:40.4571940+00:00
msudenver,202150,Fall 2021 (View Only),EET,3740,31374,01V,Programmable Logic Controllers,2.0,2.0,2.0,2,Do Not Use (Face to Face),Main,24,11,5,0,,,,MW 0830-0945 Aerospace and Engineering Sci. 320 Class,"Bao,Ke (primary)",,https://ssb.msudenver.edu/StudentRegistrationSsb/ssb/searchResults/searchResults?txt_term=202150&startDatepicker=&endDatepicker=&uniqueSessionId=dg60dc9630a157&pageOffset=1000&pageMaxSize=500&sortColumn=subjectDescription&sortDirection=asc,2026-09-12T16:00:34.1910060+00:00,2026-09-12T17:30:40.4571940+00:00
msudenver,202150,Fall 2021 (View Only),ENG,1008,31376,005,Stretch Composing Arguments A,3.0,3.0,3.0,3,Do not use Online,Online,25,22,0,0,,,,none - Online Course  Online,"Kloss,Robert (primary)",,https://ssb.msudenver.edu/StudentRegistrationSsb/ssb/searchResults/searchResults?txt_term=202150&startDatepicker=&endDatepicker=&uniqueSessionId=dg60dc9630a157&pageOffset=1000&pageMaxSize=500&sortColumn=subjectDescription&sortDirection=asc,2026-09-12T16:00:34.1910060+00:00,2026-09-12T17:30:40.4571940+00:00
msudenver,202150,Fall 2021 (View Only),ENG,1010,31218,021,Composing Arguments,3.0,3.0,3.0,3,Do Not Use (Face to Face),Main,24,20,0,0,,,,MW 0930-1045 Student Success Building 202 Class,"Osborn,Courtney (primary)",,https://ssb.msudenver.edu/StudentRegistrationSsb/ssb/searchResults/searchResults?txt_term=202150&startDatepicker=&endDatepicker=&uniqueSessionId=dg60dc9630a157&pageOffset=1000&pageMaxSize=500&sortColumn=subjectDescription&sortDirection=asc,2026-09-12T16:00:34.1910060+00:00,2026-09-12T17:30:40.4571940+00:00
msudenver,202150,Fall 2021 (View Only),EVE,3400,35315,02V,Engineered Water,3.0,3.0,3.0,3,Do Not Use (Face to Face),Main,5,5,0,0,BT,35,22,TR 1230-1345 Science Building 2002 Class,"Brazeau,Randi (primary)",,https://ssb.msudenver.edu/StudentRegistrationSsb/ssb/searchResults/searchResults?txt_term=202150&startDatepicker=&endDatepicker=&uniqueSessionId=dg60dc9630a157&pageOffset=1000&pageMaxSize=500&sortColumn=subjectDescription&sortDirection=asc,2026-09-12T16:00:34.1910060+00:00,2026-09-12T17:30:40.4571940+00:00
msudenver,202150,Fall 2021 (View Only),FIN,3850,30265,02V,Intermediate Finance,3.0,3.0,3.0,3,Do Not Use (Face to Face),Main,26,7,99,0,,,,T 1730-2020 Administration Building 215 Class,"Mayes,Timothy (primary)",,https://ssb.msudenver.edu/StudentRegistrationSsb/ssb/searchResults/searchResults?txt_term=202150&startDatepicker=&endDatepicker=&uniqueSessionId=dg60dc9630a157&pageOffset=1500&pageMaxSize=500&sortColumn=subjectDescription&sortDirection=asc,2026-09-12T16:00:46.9990920+00:00,2026-09-12T17:30:40.4571940+00:00
msudenver,202150,Fall 2021 (View Only),MGT,2210,33229,02V,Legal Environment of Bus I,3.0,3.0,3.0,3,Do Not Use (Face to Face),Main,30,30,0,0,,,,MW 1230-1345 Administration Building 130 Class,"Clark,Michele (primary)",,https://ssb.msudenver.edu/StudentRegistrationSsb/ssb/searchResults/searchResults?txt_term=202150&startDatepicker=&endDatepicker=&uniqueSessionId=dg60dc9630a157&pageOffset=2000&pageMaxSize=500&sortColumn=subjectDescription&sortDirection=asc,2026-09-12T16:00:59.5410340+00:00,2026-09-12T17:30:40.4571940+00:00
msudenver,202150,Fall 2021 (View Only),MTH,1320,30158,004,Calculus - Mgmt & Soc Sciences,3.0,3.0,3.0,3,Do Not Use (Face to Face),Main,31,27,99,0,,,,TR 1230-1345 Central Classroom Building 109 Class,"Bertram,Jess (primary)",,https://ssb.msudenver.edu/StudentRegistrationSsb/ssb/searchResults/searchResults?txt_term=202150&startDatepicker=&endDatepicker=&uniqueSessionId=dg60dc9630a157&pageOffset=2000&pageMaxSize=500&sortColumn=subjectDescription&sortDirection=asc,2026-09-12T16:00:59.5410340+00:00,2026-09-12T17:30:40.4571940+00:00
msudenver,202150,Fall 2021 (View Only),NUT,3040,31116,002,NUT Concpts & Controversies,3.0,3.0,3.0,3,Do Not Use Hybrid,Main,18,10,30,0,,,,M 1230-1345 West Classroom Building 146 Class ; none - Online/On Campus  Class,"Buckner,Teresa (primary)",,https://ssb.msudenver.edu/StudentRegistrationSsb/ssb/searchResults/searchResults?txt_term=202150&startDatepicker=&endDatepicker=&uniqueSessionId=dg60dc9630a157&pageOffset=2500&pageMaxSize=500&sortColumn=subjectDescription&sortDirection=asc,2026-09-12T16:01:12.0823970+00:00,2026-09-12T17:30:40.4571940+00:00
msudenver,202150,Fall 2021 (View Only),SED,3650,32165,01V,SPED Law and IEP,3.0,3.0,3.0,3,Do Not Use Hybrid,Online,30,11,75,0,DV,70,17,R 1700-1950 Synchronous  Online ; none - Online/On Campus  Online,"Herring,Tina (primary)",,https://ssb.msudenver.edu/StudentRegistrationSsb/ssb/searchResults/searchResults?txt_term=202150&startDatepicker=&endDatepicker=&uniqueSessionId=dg60dc9630a157&pageOffset=3000&pageMaxSize=500&sortColumn=subjectDescription&sortDirection=asc,2026-09-12T16:01:24.7590740+00:00,2026-09-12T17:30:40.4571940+00:00
msudenver,202150,Fall 2021 (View Only),SED,4200,32155,001,Rdg. Dis. & Content Instruct.,3.0,3.0,3.0,3,Do not use Online,Online,30,8,75,0,,,,none - Online Course  Online,"Canges,Rebecca (primary)",,https://ssb.msudenver.edu/StudentRegistrationSsb/ssb/searchResults/searchResults?txt_term=202150&startDatepicker=&endDatepicker=&uniqueSessionId=dg60dc9630a157&pageOffset=3000&pageMaxSize=500&sortColumn=subjectDescription&sortDirection=asc,2026-09-12T16:01:24.7590740+00:00,2026-09-12T17:30:40.4571940+00:00
msudenver,202150,Fall 2021 (View Only),SWKM,6700,35214,004,Capstone I,3.0,3.0,3.0,3,Do not use Online,Online,11,9,20,0,,,,none - Online Course  Online,"Itin,Christian (primary)",,https://ssb.msudenver.edu/StudentRegistrationSsb/ssb/searchResults/searchResults?txt_term=202150&startDatepicker=&endDatepicker=&uniqueSessionId=dg60dc9630a157&pageOffset=2000&pageMaxSize=500&sortColumn=subjectDescription&sortDirection=asc,2026-09-12T16:00:59.5410340+00:00,2026-09-12T17:30:40.4571940+00:00
msudenver,202230,Spring 2022 (View Only),ACC,3200,30858,001,Governmental Accounting,3.0,3.0,3.0,3,Do not use Online,Online,49,46,99,0,,,,none - Online Course  Online,"Kahn,Jeffrey (primary)",,https://ssb.msudenver.edu/StudentRegistrationSsb/ssb/searchResults/searchResults?txt_term=202230&startDatepicker=&endDatepicker=&uniqueSessionId=dg0d8e81f95340&pageOffset=0&pageMaxSize=500&sortColumn=subjectDescription&sortDirection=asc,2026-09-12T15:58:40.3532860+00:00,2026-09-12T17:29:08.1264970+00:00
msudenver,202230,Spring 2022 (View Only),ART,2613,31560,001,Beginning Ceramics:Wheelthrow,3.0,3.0,3.0,3,Do Not Use (Face to Face),Main,17,11,99,0,,,,MW 1230-1515 Arts Building 189 Class,"Johnson,Tsehai (primary)",,https://ssb.msudenver.edu/StudentRegistrationSsb/ssb/searchResults/searchResults?txt_term=202230&startDatepicker=&endDatepicker=&uniqueSessionId=dg0d8e81f95340&pageOffset=0&pageMaxSize=500&sortColumn=subjectDescription&sortDirection=asc,2026-09-12T15:58:40.3532860+00:00,2026-09-12T17:29:08.1264970+00:00
msudenver,202230,Spring 2022 (View Only),CPE,4800,33767,001,Senior Design II,2.0,2.0,2.0,2,Do Not Use (Face to Face),Main,12,4,5,0,,,,F 1630-1830 Aerospace and Engineering Sci. 320 Class,"Georgiev,Ivo (primary)",,https://ssb.msudenver.edu/StudentRegistrationSsb/ssb/searchResults/searchResults?txt_term=202230&startDatepicker=&endDatepicker=&uniqueSessionId=dg0d8e81f95340&pageOffset=500&pageMaxSize=500&sortColumn=subjectDescription&sortDirection=asc,2026-09-12T15:58:51.3765730+00:00,2026-09-12T17:29:08.1264970+00:00
msudenver,202230,Spring 2022 (View Only),EDT,3010,30796,002,Integr Edu Technol In Teaching,3.0,3.0,3.0,3,Do not use Online,Online,24,18,75,0,,,,none - Online Course  Online,"Chung,Miri (primary)",,https://ssb.msudenver.edu/StudentRegistrationSsb/ssb/searchResults/searchResults?txt_term=202230&startDatepicker=&endDatepicker=&uniqueSessionId=dg0d8e81f95340&pageOffset=1000&pageMaxSize=500&sortColumn=subjectDescription&sortDirection=asc,2026-09-12T15:59:04.2576370+00:00,2026-09-12T17:29:08.1264970+00:00
msudenver,202230,Spring 2022 (View Only),GWS,3651,35117,001,U.S Women,3.0,3.0,3.0,3,Do Not Use (Face to Face),Main,6,1,0,0,68,25,9,TR 0930-1045 Student Success Building 209 Class,"Richard,Patricia (primary)",,https://ssb.msudenver.edu/StudentRegistrationSsb/ssb/searchResults/searchResults?txt_term=202230&startDatepicker=&endDatepicker=&uniqueSessionId=dg0d8e81f95340&pageOffset=1000&pageMaxSize=500&sortColumn=subjectDescription&sortDirection=asc,2026-09-12T15:59:04.2576370+00:00,2026-09-12T17:29:08.1264970+00:00
msudenver,202230,Spring 2022 (View Only),JMP,3570,33217,001,Covering the Environment,3.0,3.0,3.0,3,Do not use Online,Online,25,21,25,0,,,,none - Online Course  Online,"Shipman,Nona (primary)",,https://ssb.msudenver.edu/StudentRegistrationSsb/ssb/searchResults/searchResults?txt_term=202230&startDatepicker=&endDatepicker=&uniqueSessionId=dg0d8e81f95340&pageOffset=1500&pageMaxSize=500&sortColumn=subjectDescription&sortDirection=asc,2026-09-12T15:59:16.4867470+00:00,2026-09-12T17:29:08.1264970+00:00
msudenver,202230,Spring 2022 (View Only),JMP,4500,33237,001,Ethical and Legal/Journalism,3.0,3.0,3.0,3,Do Not Use (Face to Face),Main,25,18,25,0,,,,TR 1100-1215 Central Classroom Building 111 Class,"Wotkyns,Roger (primary)",,https://ssb.msudenver.edu/StudentRegistrationSsb/ssb/searchResults/searchResults?txt_term=202230&startDatepicker=&endDatepicker=&uniqueSessionId=dg0d8e81f95340&pageOffset=1500&pageMaxSize=500&sortColumn=subjectDescription&sortDirection=asc,2026-09-12T15:59:16.4867470+00:00,2026-09-12T17:29:08.1264970+00:00
msudenver,202230,Spring 2022 (View Only),MGT,4700,31982,01V,Global Management,3.0,3.0,3.0,3,Do Not Use Hybrid,Main,30,28,0,0,,,,TR 1100-1215 Administration Building 145 Class ; none - Online/On Campus  Online,"Cook,Gina (primary)",,https://ssb.msudenver.edu/StudentRegistrationSsb/ssb/searchResults/searchResults?txt_term=202230&startDatepicker=&endDatepicker=&uniqueSessionId=dg0d8e81f95340&pageOffset=1500&pageMaxSize=500&sortColumn=subjectDescription&sortDirection=asc,2026-09-12T15:59:16.4867470+00:00,2026-09-12T17:29:08.1264970+00:00
msudenver,202230,Spring 2022 (View Only),MTH,1080,30404,008,Mathematics for Liberal Arts,3.0,3.0,3.0,3,Do Not Use (Face to Face),Main,16,6,99,0,DM,175,78,MW 1400-1515 Science Building 1007 Class,"Heer,Honor (primary)",,https://ssb.msudenver.edu/StudentRegistrationSsb/ssb/searchResults/searchResults?txt_term=202230&startDatepicker=&endDatepicker=&uniqueSessionId=dg0d8e81f95340&pageOffset=2000&pageMaxSize=500&sortColumn=subjectDescription&sortDirection=asc,2026-09-12T15:59:28.8073150+00:00,2026-09-12T17:29:08.1264970+00:00
msudenver,202230,Spring 2022 (View Only),MTH,1082,34243,002,Math. for Liberal Arts Lab,1.0,1.0,1.0,1,Do Not Use (Face to Face),Main,8,7,99,0,,,,MW 0830-0920 Science Building 1003 Class,"Padgett,Christopher (primary)",,https://ssb.msudenver.edu/StudentRegistrationSsb/ssb/searchResults/searchResults?txt_term=202230&startDatepicker=&endDatepicker=&uniqueSessionId=dg0d8e81f95340&pageOffset=2000&pageMaxSize=500&sortColumn=subjectDescription&sortDirection=asc,2026-09-12T15:59:28.8073150+00:00,2026-09-12T17:29:08.1264970+00:00
msudenver,202230,Spring 2022 (View Only),MUS,373N,35653,001,Flute Performance V,3.0,3.0,3.0,3,Do Not Use (Face to Face),Main,10,1,0,0,,,,W 1430-1520 King Center  Class,"Surman,Patricia (primary)",,https://ssb.msudenver.edu/StudentRegistrationSsb/ssb/searchResults/searchResults?txt_term=202230&startDatepicker=&endDatepicker=&uniqueSessionId=dg0d8e81f95340&pageOffset=2500&pageMaxSize=500&sortColumn=subjectDescription&sortDirection=asc,2026-09-12T15:59:40.7722220+00:00,2026-09-12T17:29:08.1264970+00:00
msudenver,202230,Spring 2022 (View Only),MUS,373Z,35754,002,Jazz Voice Performance V,3.0,3.0,3.0,3,Do Not Use (Face to Face),Main,10,1,0,0,,,,M 1430-1520 Kalamath Building  Class,"Roberts,Gene (primary)",,https://ssb.msudenver.edu/StudentRegistrationSsb/ssb/searchResults/searchResults?txt_term=202230&startDatepicker=&endDatepicker=&uniqueSessionId=dg0d8e81f95340&pageOffset=2500&pageMaxSize=500&sortColumn=subjectDescription&sortDirection=asc,2026-09-12T15:59:40.7722220+00:00,2026-09-12T17:29:08.1264970+00:00
msudenver,202230,Spring 2022 (View Only),MUS,473Y,35734,001,Jazz Drum Set Performance VII,3.0,3.0,3.0,3,Do Not Use (Face to Face),Main,10,1,0,0,,,,M 1430-1520 Class,"Heller,Dru (primary)",,https://ssb.msudenver.edu/StudentRegistrationSsb/ssb/searchResults/searchResults?txt_term=202230&startDatepicker=&endDatepicker=&uniqueSessionId=dg0d8e81f95340&pageOffset=2500&pageMaxSize=500&sortColumn=subjectDescription&sortDirection=asc,2026-09-12T15:59:40.7722220+00:00,2026-09-12T17:29:08.1264970+00:00
msudenver,202230,Spring 2022 (View Only),PSY,1001,31232,02W,Introductory Psychology,3.0,3.0,3.0,3,Do not use Online,Online,112,10,99,0,,,,none - Online Course  Online,"Garris,Christopher (primary)",,https://ssb.msudenver.edu/StudentRegistrationSsb/ssb/searchResults/searchResults?txt_term=202230&startDatepicker=&endDatepicker=&uniqueSessionId=dg0d8e81f95340&pageOffset=2500&pageMaxSize=500&sortColumn=subjectDescription&sortDirection=asc,2026-09-12T15:59:40.7722220+00:00,2026-09-12T17:29:08.1264970+00:00
msudenver,202230,Spring 2022 (View Only),PSY,3350,32833,001,Psych of Social Development,3.0,3.0,3.0,3,Do Not Use (Face to Face),Main,35,29,99,0,,,,MW 1230-1345 Plaza Building 244 Class,"Badanes,Lisa (primary)",,https://ssb.msudenver.edu/StudentRegistrationSsb/ssb/searchResults/searchResults?txt_term=202230&startDatepicker=&endDatepicker=&uniqueSessionId=dg0d8e81f95340&pageOffset=3000&pageMaxSize=500&sortColumn=subjectDescription&sortDirection=asc,2026-09-12T15:59:49.7038750+00:00,2026-09-12T17:29:08.1264970+00:00
msudenver,202230,Spring 2022 (View Only),SEDM,6300,31430,001,Assess & Meth for EBD,3.0,3.0,3.0,3,Do Not Use Hybrid,Main,13,12,75,0,DL,26,17,R 1700-1950 West Classroom Building 151 Class ; none - Online/On Campus  Online,"Connelly,Jeanne (primary)",,https://ssb.msudenver.edu/StudentRegistrationSsb/ssb/searchResults/searchResults?txt_term=202230&startDatepicker=&endDatepicker=&uniqueSessionId=dg0d8e81f95340&pageOffset=2000&pageMaxSize=500&sortColumn=subjectDescription&sortDirection=asc,2026-09-12T15:59:28.8073150+00:00,2026-09-12T17:29:08.1264970+00:00
msudenver,202230,Spring 2022 (View Only),SWK,3780,34623,004,Social Policy & Social Justice,3.0,3.0,3.0,3,Do not use Online,Online,22,22,20,0,,,,M 1100-1350 Synchronous  Online,"Ritter,Jessica (primary)",,https://ssb.msudenver.edu/StudentRegistrationSsb/ssb/searchResults/searchResults?txt_term=202230&startDatepicker=&endDatepicker=&uniqueSessionId=dg0d8e81f95340&pageOffset=3000&pageMaxSize=500&sortColumn=subjectDescription&sortDirection=asc,2026-09-12T15:59:49.7038750+00:00,2026-09-12T17:29:08.1264970+00:00
msudenver,202230,Spring 2022 (View Only),SWKM,6750,34879,023,Capstone II,3.0,3.0,3.0,3,Do not use Online,Online,9,9,0,0,,,,none - Online Course  Online,"Montero,Laura (primary)",,https://ssb.msudenver.edu/StudentRegistrationSsb/ssb/searchResults/searchResults?txt_term=202230&startDatepicker=&endDatepicker=&uniqueSessionId=dg0d8e81f95340&pageOffset=2000&pageMaxSize=500&sortColumn=subjectDescription&sortDirection=asc,2026-09-12T15:59:28.8073150+00:00,2026-09-12T17:29:08.1264970+00:00
msudenver,202230,Spring 2022 (View Only),THE,0010,31212,001,BFA Music Theatre Coaching,0.0,0.0,0.0,0,Do Not Use (Face to Face),Main,20,7,0,0,,,,F 1400-1600 Class,"Parker,Jeffrey (primary)",,https://ssb.msudenver.edu/StudentRegistrationSsb/ssb/searchResults/searchResults?txt_term=202230&startDatepicker=&endDatepicker=&uniqueSessionId=dg0d8e81f95340&pageOffset=3000&pageMaxSize=500&sortColumn=subjectDescription&sortDirection=asc,2026-09-12T15:59:49.7038750+00:00,2026-09-12T17:29:08.1264970+00:00
msudenver,202230,Spring 2022 (View Only),THE,4260,35352,006,Theatre: Practicum I,1.0,1.0,1.0,1,Do Not Use (Face to Face),Main,10,1,0,0,,,,none - Class,"Castellano,David (primary)",,https://ssb.msudenver.edu/StudentRegistrationSsb/ssb/searchResults/searchResults?txt_term=202230&startDatepicker=&endDatepicker=&uniqueSessionId=dg0d8e81f95340&pageOffset=3000&pageMaxSize=500&sortColumn=subjectDescription&sortDirection=asc,2026-09-12T15:59:49.7038750+00:00,2026-09-12T17:29:08.1264970+00:00
msudenver,202240,Summer 2022 (View Only),BUS,1950,40790,002,Business Communication,3.0,3.0,3.0,3,Do not use Online,Online,35,24,99,0,,,,none - Online Course  Online,"Lane,Laurel (primary)",,https://ssb.msudenver.edu/StudentRegistrationSsb/ssb/searchResults/searchResults?txt_term=202240&startDatepicker=&endDatepicker=&uniqueSessionId=dg4d6210f606d3&pageOffset=0&pageMaxSize=500&sortColumn=subjectDescription&sortDirection=asc,2026-09-12T15:58:17.6125550+00:00,2026-09-12T17:27:43.3785090+00:00
msudenver,202240,Summer 2022 (View Only),ENG,375E,40591,001,Cinema Genre: Science Fiction,3.0,3.0,3.0,3,Do not use Online,Online,26,21,99,0,,,,none - Online Course  Online,"Piturro,Vincent (primary)",,https://ssb.msudenver.edu/StudentRegistrationSsb/ssb/searchResults/searchResults?txt_term=202240&startDatepicker=&endDatepicker=&uniqueSessionId=dg4d6210f606d3&pageOffset=0&pageMaxSize=500&sortColumn=subjectDescription&sortDirection=asc,2026-09-12T15:58:17.6125550+00:00,2026-09-12T17:27:43.3785090+00:00
msudenver,202240,Summer 2022 (View Only),MTH,2620,41115,001,Integrated Mathematics II,3.0,3.0,3.0,3,Do Not Use (Face to Face),Main,25,8,99,0,,,,MTR 1230-1600 Auraria Library 004 Class,"Gilmore,Don (primary)",,https://ssb.msudenver.edu/StudentRegistrationSsb/ssb/searchResults/searchResults?txt_term=202240&startDatepicker=&endDatepicker=&uniqueSessionId=dg4d6210f606d3&pageOffset=500&pageMaxSize=500&sortColumn=subjectDescription&sortDirection=asc,2026-09-12T15:58:22.8361670+00:00,2026-09-12T17:27:43.3785090+00:00
msudenver,202250,Fall 2022 (View Only),ART,1141,51195,002,Studio Foundations: Drawing,3.0,3.0,3.0,3,Do not use Online,Online,20,16,99,0,,,,MW 1230-1515 Synchronous  Online,"Woo,Yunjin (primary)",,https://ssb.msudenver.edu/StudentRegistrationSsb/ssb/searchResults/searchResults?txt_term=202250&startDatepicker=&endDatepicker=&uniqueSessionId=dg678a37901ebd&pageOffset=0&pageMaxSize=500&sortColumn=subjectDescription&sortDirection=asc,2026-09-12T15:56:54.5757960+00:00,2026-09-12T17:27:21.8222980+00:00
msudenver,202250,Fall 2022 (View Only),BUS,1850,52082,005,Introduction to Business,3.0,3.0,3.0,3,Do Not Use (Face to Face),Main,38,35,1,0,,,,MW 1400-1515 Administration Building 200 Class,"Banerji,Devika (primary)",,https://ssb.msudenver.edu/StudentRegistrationSsb/ssb/searchResults/searchResults?txt_term=202250&startDatepicker=&endDatepicker=&uniqueSessionId=dg678a37901ebd&pageOffset=0&pageMaxSize=500&sortColumn=subjectDescription&sortDirection=asc,2026-09-12T15:56:54.5757960+00:00,2026-09-12T17:27:21.8222980+00:00
msudenver,202250,Fall 2022 (View Only),CDES,3980,51180,001,CDES Junior Internship,,1.0,4.0,1 TO 4,Do Not Use (Face to Face),Main,10,2,0,0,,,,none - Off Campus Location  Class,"Meek,Shawn (primary)",,https://ssb.msudenver.edu/StudentRegistrationSsb/ssb/searchResults/searchResults?txt_term=202250&startDatepicker=&endDatepicker=&uniqueSessionId=dg678a37901ebd&pageOffset=500&pageMaxSize=500&sortColumn=subjectDescription&sortDirection=asc,2026-09-12T15:57:05.6136070+00:00,2026-09-12T17:27:21.8222980+00:00
msudenver,202250,Fall 2022 (View Only),ENG,2505,52883,001,Rhetoric of War,3.0,3.0,3.0,3,Do not use Online,Online,30,19,99,0,,,,none - Online Course  Online,"Rivas,Luis (primary)",,https://ssb.msudenver.edu/StudentRegistrationSsb/ssb/searchResults/searchResults?txt_term=202250&startDatepicker=&endDatepicker=&uniqueSessionId=dg678a37901ebd&pageOffset=1000&pageMaxSize=500&sortColumn=subjectDescription&sortDirection=asc,2026-09-12T15:57:17.4740750+00:00,2026-09-12T17:27:21.8222980+00:00
msudenver,202250,Fall 2022 (View Only),GWS,3700,52397,02V,Psychology of Group Prejudice,3.0,3.0,3.0,3,Do not use Online,Online,2,2,99,0,19,45,41,none - Online Course  Online,"Ropp,Anna (primary)",,https://ssb.msudenver.edu/StudentRegistrationSsb/ssb/searchResults/searchResults?txt_term=202250&startDatepicker=&endDatepicker=&uniqueSessionId=dg678a37901ebd&pageOffset=1000&pageMaxSize=500&sortColumn=subjectDescription&sortDirection=asc,2026-09-12T15:57:17.4740750+00:00,2026-09-12T17:27:21.8222980+00:00
msudenver,202250,Fall 2022 (View Only),HIS,1220,55569,040,American History since 1865,3.0,3.0,3.0,3,Do not use Online,Online,26,23,99,0,,,,none - Online Course  Online,"Rucker,Kevin (primary)",,https://ssb.msudenver.edu/StudentRegistrationSsb/ssb/searchResults/searchResults?txt_term=202250&startDatepicker=&endDatepicker=&uniqueSessionId=dg678a37901ebd&pageOffset=1500&pageMaxSize=500&sortColumn=subjectDescription&sortDirection=asc,2026-09-12T15:57:29.1662770+00:00,2026-09-12T17:27:21.8222980+00:00
msudenver,202250,Fall 2022 (View Only),HIS,3590,51895,031,American Immigration History,3.0,3.0,3.0,3,Do not use Online,Online,25,19,99,0,,,,none - Online Course  Online,"Everett,Derek (primary)",,https://ssb.msudenver.edu/StudentRegistrationSsb/ssb/searchResults/searchResults?txt_term=202250&startDatepicker=&endDatepicker=&uniqueSessionId=dg678a37901ebd&pageOffset=1500&pageMaxSize=500&sortColumn=subjectDescription&sortDirection=asc,2026-09-12T15:57:29.1662770+00:00,2026-09-12T17:27:21.8222980+00:00
msudenver,202250,Fall 2022 (View Only),HSP,3660,52701,001,Adv Motiv Intervw App Coun Ski,2.0,2.0,2.0,2,Do Not Use (Face to Face),Main,16,11,16,0,,,,SU 0900-1700 West Classroom Building 232 Class,"Hutchinson,Tracy (primary)",,https://ssb.msudenver.edu/StudentRegistrationSsb/ssb/searchResults/searchResults?txt_term=202250&startDatepicker=&endDatepicker=&uniqueSessionId=dg678a37901ebd&pageOffset=1500&pageMaxSize=500&sortColumn=subjectDescription&sortDirection=asc,2026-09-12T15:57:29.1662770+00:00,2026-09-12T17:27:21.8222980+00:00
msudenver,202250,Fall 2022 (View Only),HSP,490D,55680,001,Peer Health Ed,3.0,3.0,3.0,3,Do Not Use Hybrid,Online,40,1,40,0,,,,F 1100-1350 Online Course  Online ; none - Off Campus Location  Class,"O'Connell,Teresa (primary)",,https://ssb.msudenver.edu/StudentRegistrationSsb/ssb/searchResults/searchResults?txt_term=202250&startDatepicker=&endDatepicker=&uniqueSessionId=dg678a37901ebd&pageOffset=1500&pageMaxSize=500&sortColumn=subjectDescription&sortDirection=asc,2026-09-12T15:57:29.1662770+00:00,2026-09-12T17:27:21.8222980+00:00
msudenver,202250,Fall 2022 (View Only),MUS,172B,55156,003,Private Piano II,2.0,2.0,2.0,2,Do Not Use (Face to Face),Main,10,0,0,0,,,,M 1430-1520 King Center  Class,"Shannon,Nanette (primary)",,https://ssb.msudenver.edu/StudentRegistrationSsb/ssb/searchResults/searchResults?txt_term=202250&startDatepicker=&endDatepicker=&uniqueSessionId=dg678a37901ebd&pageOffset=2000&pageMaxSize=500&sortColumn=subjectDescription&sortDirection=asc,2026-09-12T15:57:41.1228540+00:00,2026-09-12T17:27:21.8222980+00:00
msudenver,202250,Fall 2022 (View Only),MUS,271U,55784,001,Private Trombone III,2.0,2.0,2.0,2,Do Not Use (Face to Face),Main,10,1,0,0,,,,M 1430-1520 King Center  Class,"Wright,Bron (primary)",,https://ssb.msudenver.edu/StudentRegistrationSsb/ssb/searchResults/searchResults?txt_term=202250&startDatepicker=&endDatepicker=&uniqueSessionId=dg678a37901ebd&pageOffset=2500&pageMaxSize=500&sortColumn=subjectDescription&sortDirection=asc,2026-09-12T15:57:52.6260850+00:00,2026-09-12T17:27:21.8222980+00:00
msudenver,202250,Fall 2022 (View Only),PSY,3390,55127,012,Teaching Assistant,3.0,3.0,3.0,3,Do Not Use (Face to Face),Main,2,2,0,0,,,,none - Class,"Sanders,Cheryl (primary)",,https://ssb.msudenver.edu/StudentRegistrationSsb/ssb/searchResults/searchResults?txt_term=202250&startDatepicker=&endDatepicker=&uniqueSessionId=dg678a37901ebd&pageOffset=3000&pageMaxSize=500&sortColumn=subjectDescription&sortDirection=asc,2026-09-12T15:58:01.9178970+00:00,2026-09-12T17:27:21.8222980+00:00
msudenver,202250,Fall 2022 (View Only),SOC,3090,53134,SPO,Urban Sociology,3.0,3.0,3.0,3,Self-Paced Online,Innovative & Lifelong Learning,25,21,5,0,,,,none - Off Campus Location  Online,"Recker,Nicholas (primary)",,https://ssb.msudenver.edu/StudentRegistrationSsb/ssb/searchResults/searchResults?txt_term=202250&startDatepicker=&endDatepicker=&uniqueSessionId=dg678a37901ebd&pageOffset=3000&pageMaxSize=500&sortColumn=subjectDescription&sortDirection=asc,2026-09-12T15:58:01.9178970+00:00,2026-09-12T17:27:21.8222980+00:00
msudenver,202250,Fall 2022 (View Only),SWKM,6450,54982,044,Adv Integrative Prac: Clinical,3.0,3.0,3.0,3,Do not use Online,Online,19,19,30,0,,,,none - Online Course  Online,"Miller,Lissa (primary)",,https://ssb.msudenver.edu/StudentRegistrationSsb/ssb/searchResults/searchResults?txt_term=202250&startDatepicker=&endDatepicker=&uniqueSessionId=dg678a37901ebd&pageOffset=2000&pageMaxSize=500&sortColumn=subjectDescription&sortDirection=asc,2026-09-12T15:57:41.1228540+00:00,2026-09-12T17:27:21.8222980+00:00
msudenver,202330,Spring 2023 (View Only),CJC,2050,31608,001,American Judicial System,3.0,3.0,3.0,3,Do not use Online,Online,30,30,0,0,,,,none - Online Course  Online,"Armstrong-Romero,Kyla (primary)",,https://ssb.msudenver.edu/StudentRegistrationSsb/ssb/searchResults/searchResults?txt_term=202330&startDatepicker=&endDatepicker=&uniqueSessionId=dgd1c028088307&pageOffset=500&pageMaxSize=500&sortColumn=subjectDescription&sortDirection=asc,2026-09-12T15:55:44.2569620+00:00,2026-09-12T17:25:58.3171040+00:00
msudenver,202330,Spring 2023 (View Only),CPE,3715,35317,001,Control Systems Analysis,4.0,4.0,4.0,4,Do Not Use (Face to Face),Main,12,1,0,0,,,,MW 1600-1815 Aerospace and Engineering Sci. 385 Class,"Masoud,Abdelsalam (primary)",,https://ssb.msudenver.edu/StudentRegistrationSsb/ssb/searchResults/searchResults?txt_term=202330&startDatepicker=&endDatepicker=&uniqueSessionId=dgd1c028088307&pageOffset=500&pageMaxSize=500&sortColumn=subjectDescription&sortDirection=asc,2026-09-12T15:55:44.2569620+00:00,2026-09-12T17:25:58.3171040+00:00
msudenver,202330,Spring 2023 (View Only),DANC,4430,34246,001,Ballet IV,2.0,2.0,2.0,2,Do Not Use (Face to Face),Main,15,0,30,0,,,,T 1630-1800 Cleo Parker Robinson  Class ; M 1800-1930 Cleo Parker Robinson  Class,"Predki,Nicole (primary)",,https://ssb.msudenver.edu/StudentRegistrationSsb/ssb/searchResults/searchResults?txt_term=202330&startDatepicker=&endDatepicker=&uniqueSessionId=dgd1c028088307&pageOffset=500&pageMaxSize=500&sortColumn=subjectDescription&sortDirection=asc,2026-09-12T15:55:44.2569620+00:00,2026-09-12T17:25:58.3171040+00:00
msudenver,202330,Spring 2023 (View Only),EDU,3550,31890,002,Teach Elem Science & Health,3.0,3.0,3.0,3,Do Not Use Hybrid,Main,24,12,75,0,,,,W 1100-1350 West Classroom Building 261 Class ; none - Online/On Campus  Online,"Carter,Ingrid (primary)",,https://ssb.msudenver.edu/StudentRegistrationSsb/ssb/searchResults/searchResults?txt_term=202330&startDatepicker=&endDatepicker=&uniqueSessionId=dgd1c028088307&pageOffset=1000&pageMaxSize=500&sortColumn=subjectDescription&sortDirection=asc,2026-09-12T15:55:56.1168680+00:00,2026-09-12T17:25:58.3171040+00:00
msudenver,202330,Spring 2023 (View Only),FER,3330,35341,001,Intro to Homeland Security,3.0,3.0,3.0,3,Do not use Online,Online,30,4,30,0,,,,S 0830-1200 Synchronous  Online,"Wahdan,Ghada (primary)",,https://ssb.msudenver.edu/StudentRegistrationSsb/ssb/searchResults/searchResults?txt_term=202330&startDatepicker=&endDatepicker=&uniqueSessionId=dgd1c028088307&pageOffset=1000&pageMaxSize=500&sortColumn=subjectDescription&sortDirection=asc,2026-09-12T15:55:56.1168680+00:00,2026-09-12T17:25:58.3171040+00:00
msudenver,202330,Spring 2023 (View Only),MGT,2210,30366,003,Legal Environment of Bus I,3.0,3.0,3.0,3,Do not use Online,Online,30,30,0,0,,,,none - Online Course  Online,"Clark,Michele (primary)",,https://ssb.msudenver.edu/StudentRegistrationSsb/ssb/searchResults/searchResults?txt_term=202330&startDatepicker=&endDatepicker=&uniqueSessionId=dgd1c028088307&pageOffset=1500&pageMaxSize=500&sortColumn=subjectDescription&sortDirection=asc,2026-09-12T15:56:07.9447420+00:00,2026-09-12T17:25:58.3171040+00:00
msudenver,202330,Spring 2023 (View Only),MTH,1110,30227,005,College Algebra for Calculus,4.0,4.0,4.0,4,Do not use Online,Online,35,31,5,0,,,,none - Online,"Sundbye,Linda (primary)",,https://ssb.msudenver.edu/StudentRegistrationSsb/ssb/searchResults/searchResults?txt_term=202330&startDatepicker=&endDatepicker=&uniqueSessionId=dgd1c028088307&pageOffset=2000&pageMaxSize=500&sortColumn=subjectDescription&sortDirection=asc,2026-09-12T15:56:19.1950910+00:00,2026-09-12T17:25:58.3171040+00:00
msudenver,202330,Spring 2023 (View Only),MUS,474L,32344,001,Jazz Guitar Performance VIII,3.0,3.0,3.0,3,Do Not Use (Face to Face),Main,10,1,0,0,,,,M 1430-1520 Kalamath Building  Class,"Devine,David (primary)",,https://ssb.msudenver.edu/StudentRegistrationSsb/ssb/searchResults/searchResults?txt_term=202330&startDatepicker=&endDatepicker=&uniqueSessionId=dgd1c028088307&pageOffset=2500&pageMaxSize=500&sortColumn=subjectDescription&sortDirection=asc,2026-09-12T15:56:30.6105280+00:00,2026-09-12T17:25:58.3171040+00:00
msudenver,202330,Spring 2023 (View Only),PHI,1030,30790,014,Introduction to Ethics,3.0,3.0,3.0,3,Do not use Online,Online,26,22,99,0,,,,none - Online Course  Online,"Sullivan,David (primary)",,https://ssb.msudenver.edu/StudentRegistrationSsb/ssb/searchResults/searchResults?txt_term=202330&startDatepicker=&endDatepicker=&uniqueSessionId=dgd1c028088307&pageOffset=2500&pageMaxSize=500&sortColumn=subjectDescription&sortDirection=asc,2026-09-12T15:56:30.6105280+00:00,2026-09-12T17:25:58.3171040+00:00
msudenver,202330,Spring 2023 (View Only),PSY,3400,32995,001,Child Psychopathology,3.0,3.0,3.0,3,Do Not Use (Face to Face),Main,35,20,15,0,,,,TR 1400-1515 Plaza Building 244 Class,"Cooper,Benjamin (primary)",,https://ssb.msudenver.edu/StudentRegistrationSsb/ssb/searchResults/searchResults?txt_term=202330&startDatepicker=&endDatepicker=&uniqueSessionId=dgd1c028088307&pageOffset=2500&pageMaxSize=500&sortColumn=subjectDescription&sortDirection=asc,2026-09-12T15:56:30.6105280+00:00,2026-09-12T17:25:58.3171040+00:00
msudenver,202330,Spring 2023 (View Only),PSY,4100,32414,001,Intro to Clin/Counslng Psyc SL,3.0,3.0,3.0,3,Do not use Online,Online,39,38,15,0,,,,none - Online Course  Online,"Smith,Randi (primary)",,https://ssb.msudenver.edu/StudentRegistrationSsb/ssb/searchResults/searchResults?txt_term=202330&startDatepicker=&endDatepicker=&uniqueSessionId=dgd1c028088307&pageOffset=3000&pageMaxSize=500&sortColumn=subjectDescription&sortDirection=asc,2026-09-12T15:56:37.7619240+00:00,2026-09-12T17:25:58.3171040+00:00
msudenver,202330,Spring 2023 (View Only),REL,2200,35308,001,Intro to Real Estate,3.0,3.0,3.0,3,Do not use Online,Online,30,29,99,0,,,,none - Online Course  Online,"Zheng,Minrong (primary)",,https://ssb.msudenver.edu/StudentRegistrationSsb/ssb/searchResults/searchResults?txt_term=202330&startDatepicker=&endDatepicker=&uniqueSessionId=dgd1c028088307&pageOffset=3000&pageMaxSize=500&sortColumn=subjectDescription&sortDirection=asc,2026-09-12T15:56:37.7619240+00:00,2026-09-12T17:25:58.3171040+00:00
msudenver,202330,Spring 2023 (View Only),SWKM,6750,34792,24,Capstone II,3.0,3.0,3.0,3,Do Not Use (Face to Face),Main,13,13,0,0,,,,R 1100-1350 Central Classroom Building 212 Class,"Boyce,Erin (primary)",,https://ssb.msudenver.edu/StudentRegistrationSsb/ssb/searchResults/searchResults?txt_term=202330&startDatepicker=&endDatepicker=&uniqueSessionId=dgd1c028088307&pageOffset=2000&pageMaxSize=500&sortColumn=subjectDescription&sortDirection=asc,2026-09-12T15:56:19.1950910+00:00,2026-09-12T17:25:58.3171040+00:00
msudenver,202330,Spring 2023 (View Only),SWKM,6775,34806,25,Field Experience IV,3.0,3.0,3.0,3,Do Not Use (Face to Face),Main,13,12,0,0,,,,S 1230-1420 Central Classroom Building 212 Class,"Schmidt Tieszen,Alison (primary)",,https://ssb.msudenver.edu/StudentRegistrationSsb/ssb/searchResults/searchResults?txt_term=202330&startDatepicker=&endDatepicker=&uniqueSessionId=dgd1c028088307&pageOffset=2000&pageMaxSize=500&sortColumn=subjectDescription&sortDirection=asc,2026-09-12T15:56:19.1950910+00:00,2026-09-12T17:25:58.3171040+00:00
msudenver,202340,Summer 2023 (View Only),ENG,2810,40948,002,Vampire Films,3.0,3.0,3.0,3,Asynchronous Online,Online,30,27,10,0,,,,none - Online Course  Online,"Hoge,Charles (primary)",,https://ssb.msudenver.edu/StudentRegistrationSsb/ssb/searchResults/searchResults?txt_term=202340&startDatepicker=&endDatepicker=&uniqueSessionId=dgd368ef77593c&pageOffset=250&pageMaxSize=125&sortColumn=subjectDescription&sortDirection=asc,2026-09-12T15:54:42.3862960+00:00,2026-09-12T17:24:37.3970760+00:00
msudenver,202340,Summer 2023 (View Only),HSP,3980,40578,001,Internship,,1.0,15.0,1 TO 15,Hybrid In Person,Main,1,1,0,0,AE,20,10,W 1700-1950 Plaza Building 127 Class,"Hammar,Tara (primary)",,https://ssb.msudenver.edu/StudentRegistrationSsb/ssb/searchResults/searchResults?txt_term=202340&startDatepicker=&endDatepicker=&uniqueSessionId=dgd368ef77593c&pageOffset=250&pageMaxSize=125&sortColumn=subjectDescription&sortDirection=asc,2026-09-12T15:54:42.3862960+00:00,2026-09-12T17:24:37.3970760+00:00
msudenver,202340,Summer 2023 (View Only),MGT,4950,40132,003,Strategic Management,3.0,3.0,3.0,3,Asynchronous Online,Online,28,20,2,0,,,,none - Online Course ONLINE Online,"Kark,Shellie (primary)",,https://ssb.msudenver.edu/StudentRegistrationSsb/ssb/searchResults/searchResults?txt_term=202340&startDatepicker=&endDatepicker=&uniqueSessionId=dgd368ef77593c&pageOffset=406&pageMaxSize=31&sortColumn=subjectDescription&sortDirection=asc,2026-09-12T15:55:09.3540190+00:00,2026-09-12T17:24:37.3970760+00:00
msudenver,202350,Fall 2023 (View Only),BIO,3600,50631,005,General Genetics,4.0,4.0,4.0,4,Synchronous Online,Online,35,29,5,0,,,,S 0800-1150 Online Course ONLINE Online,"Cattell,Maria (primary)",,https://ssb.msudenver.edu/StudentRegistrationSsb/ssb/searchResults/searchResults?txt_term=202350&startDatepicker=&endDatepicker=&uniqueSessionId=dg411fbbafb301&pageOffset=0&pageMaxSize=500&sortColumn=subjectDescription&sortDirection=asc,2026-09-12T15:53:15.2390410+00:00,2026-09-12T17:23:41.9029570+00:00
msudenver,202350,Fall 2023 (View Only),BUS,1950,51479,005,Business Communication,3.0,3.0,3.0,3,In Person,Main,30,12,0,0,,,,TR 1400-1515 Administration Building 200 Class,"Vowles,Nicole (primary)",,https://ssb.msudenver.edu/StudentRegistrationSsb/ssb/searchResults/searchResults?txt_term=202350&startDatepicker=&endDatepicker=&uniqueSessionId=dg411fbbafb301&pageOffset=0&pageMaxSize=500&sortColumn=subjectDescription&sortDirection=asc,2026-09-12T15:53:15.2390410+00:00,2026-09-12T17:23:41.9029570+00:00
msudenver,202350,Fall 2023 (View Only),CLD,3510,51179,002,CLD Perspectives in Education,3.0,3.0,3.0,3,Hybrid Online,Online,34,32,75,0,,,,R 1700-1950 Online Course ONLINE Online ; none - Online Course ONLINE Online,"Plata Ramirez,Jose Miguel (primary)",,https://ssb.msudenver.edu/StudentRegistrationSsb/ssb/searchResults/searchResults?txt_term=202350&startDatepicker=&endDatepicker=&uniqueSessionId=dg411fbbafb301&pageOffset=500&pageMaxSize=500&sortColumn=subjectDescription&sortDirection=asc,2026-09-12T15:53:26.1499380+00:00,2026-09-12T17:23:41.9029570+00:00
msudenver,202350,Fall 2023 (View Only),EET,3715,52693,001,Control Systems Analysis,4.0,4.0,4.0,4,In Person,Main,19,2,0,0,,,,TR 1000-1150 Aerospace and Engineering Sci. 295 Class,"Proano,Julio (primary)",,https://ssb.msudenver.edu/StudentRegistrationSsb/ssb/searchResults/searchResults?txt_term=202350&startDatepicker=&endDatepicker=&uniqueSessionId=dg411fbbafb301&pageOffset=1000&pageMaxSize=500&sortColumn=subjectDescription&sortDirection=asc,2026-09-12T15:53:37.6749350+00:00,2026-09-12T17:23:41.9029570+00:00
msudenver,202350,Fall 2023 (View Only),ESSA,1860,53982,001,Yoga for Anxiety Management,2.0,2.0,2.0,2,Synchronous Online,Online,15,11,30,0,,,,TR 1700-1815 Online Course  Online,"Lambrozo,Svetlana (primary)",,https://ssb.msudenver.edu/StudentRegistrationSsb/ssb/searchResults/searchResults?txt_term=202350&startDatepicker=&endDatepicker=&uniqueSessionId=dg411fbbafb301&pageOffset=1000&pageMaxSize=500&sortColumn=subjectDescription&sortDirection=asc,2026-09-12T15:53:37.6749350+00:00,2026-09-12T17:23:41.9029570+00:00
msudenver,202350,Fall 2023 (View Only),EXS,1020,51254,003,Resistance Training Techniques,3.0,3.0,3.0,3,In Person,Main,24,23,30,0,,,,TR 1100-1215 Physical Education Building 111G Class ; TR 1100-1215 Physical Education Building 111B Class ; TR 1100-1215 Physical Education Building 212 Class,"Bertelsen,Susan (primary)",,https://ssb.msudenver.edu/StudentRegistrationSsb/ssb/searchResults/searchResults?txt_term=202350&startDatepicker=&endDatepicker=&uniqueSessionId=dg411fbbafb301&pageOffset=1000&pageMaxSize=500&sortColumn=subjectDescription&sortDirection=asc,2026-09-12T15:53:37.6749350+00:00,2026-09-12T17:23:41.9029570+00:00
msudenver,202350,Fall 2023 (View Only),HIS,1700,52504,017,Nature and Society,3.0,3.0,3.0,3,In Person,Main,36,35,99,0,,,,MW 1400-1515 Central Classroom Building 222 Class,"Maestrejuan,Andrea (primary)",,https://ssb.msudenver.edu/StudentRegistrationSsb/ssb/searchResults/searchResults?txt_term=202350&startDatepicker=&endDatepicker=&uniqueSessionId=dg411fbbafb301&pageOffset=1500&pageMaxSize=500&sortColumn=subjectDescription&sortDirection=asc,2026-09-12T15:53:48.8396630+00:00,2026-09-12T17:23:41.9029570+00:00
msudenver,202350,Fall 2023 (View Only),HSP,4790,50960,001,HSP Internship III,,6.0,12.0,6 OR 12,Synchronous Online,Online,5,2,0,0,EX,12,7,T 1700-1950 Online Course ONLINE Online,"Griswold,Patrick (primary)",,https://ssb.msudenver.edu/StudentRegistrationSsb/ssb/searchResults/searchResults?txt_term=202350&startDatepicker=&endDatepicker=&uniqueSessionId=dg411fbbafb301&pageOffset=1500&pageMaxSize=500&sortColumn=subjectDescription&sortDirection=asc,2026-09-12T15:53:48.8396630+00:00,2026-09-12T17:23:41.9029570+00:00
msudenver,202350,Fall 2023 (View Only),JMP,4500,54245,003,Ethical and Legal/Journalism,3.0,3.0,3.0,3,Hybrid In Person,Main,25,3,63,0,,,,T 1100-1215 Central Classroom Building 113 Class,"Wotkyns,Roger (primary)",,https://ssb.msudenver.edu/StudentRegistrationSsb/ssb/searchResults/searchResults?txt_term=202350&startDatepicker=&endDatepicker=&uniqueSessionId=dg411fbbafb301&pageOffset=1500&pageMaxSize=500&sortColumn=subjectDescription&sortDirection=asc,2026-09-12T15:53:48.8396630+00:00,2026-09-12T17:23:41.9029570+00:00
msudenver,202350,Fall 2023 (View Only),MKT,4200,52413,001,Content Marketing,3.0,3.0,3.0,3,Asynchronous Online,Online,35,34,0,0,,,,none - Online Course ONLINE Online,"Lane,Laurel (primary)",,https://ssb.msudenver.edu/StudentRegistrationSsb/ssb/searchResults/searchResults?txt_term=202350&startDatepicker=&endDatepicker=&uniqueSessionId=dg411fbbafb301&pageOffset=1500&pageMaxSize=500&sortColumn=subjectDescription&sortDirection=asc,2026-09-12T15:53:48.8396630+00:00,2026-09-12T17:23:41.9029570+00:00
msudenver,202350,Fall 2023 (View Only),MUS,473A,52599,002,Voice Performance VII,3.0,3.0,3.0,3,In Person,Main,10,2,0,0,,,,W 1430-1520 King Center  Class,"Roberts,Gene (primary)",,https://ssb.msudenver.edu/StudentRegistrationSsb/ssb/searchResults/searchResults?txt_term=202350&startDatepicker=&endDatepicker=&uniqueSessionId=dg411fbbafb301&pageOffset=2500&pageMaxSize=500&sortColumn=subjectDescription&sortDirection=asc,2026-09-12T15:54:11.2695320+00:00,2026-09-12T17:23:41.9029570+00:00
msudenver,202350,Fall 2023 (View Only),PHI,2440,50397,001,Symbolic Logic,3.0,3.0,3.0,3,In Person,Main,26,16,15,0,,,,MW 1230-1345 King Center 305 Class,"Mascarenhas,Vijay (primary)",,https://ssb.msudenver.edu/StudentRegistrationSsb/ssb/searchResults/searchResults?txt_term=202350&startDatepicker=&endDatepicker=&uniqueSessionId=dg411fbbafb301&pageOffset=2500&pageMaxSize=500&sortColumn=subjectDescription&sortDirection=asc,2026-09-12T15:54:11.2695320+00:00,2026-09-12T17:23:41.9029570+00:00
msudenver,202350,Fall 2023 (View Only),PSY,2310,52306,002,Stat Social Behavior Sciences,3.0,3.0,3.0,3,In Person,Main,35,32,15,0,,,,MW 1230-1345 Plaza Building 248 Class,"Henry,Bill (primary)",,https://ssb.msudenver.edu/StudentRegistrationSsb/ssb/searchResults/searchResults?txt_term=202350&startDatepicker=&endDatepicker=&uniqueSessionId=dg411fbbafb301&pageOffset=3000&pageMaxSize=500&sortColumn=subjectDescription&sortDirection=asc,2026-09-12T15:54:20.7181290+00:00,2026-09-12T17:23:41.9029570+00:00
msudenver,202350,Fall 2023 (View Only),PSY,3340,51845,001,Cognitive Developmt & Learning,3.0,3.0,3.0,3,Asynchronous Online,Online,35,34,15,0,,,,none - Online Course ONLINE Online,"Dillen,Bethany (primary)",,https://ssb.msudenver.edu/StudentRegistrationSsb/ssb/searchResults/searchResults?txt_term=202350&startDatepicker=&endDatepicker=&uniqueSessionId=dg411fbbafb301&pageOffset=3000&pageMaxSize=500&sortColumn=subjectDescription&sortDirection=asc,2026-09-12T15:54:20.7181290+00:00,2026-09-12T17:23:41.9029570+00:00
msudenver,202350,Fall 2023 (View Only),SOC,3360,53817,001,Analyzing Talk and Interaction,3.0,3.0,3.0,3,HyFlex,Main,5,2,0,0,83,25,17,TR 0930-1045 Central Classroom Building 101 Class,"Sandoval,Richard (primary)",,https://ssb.msudenver.edu/StudentRegistrationSsb/ssb/searchResults/searchResults?txt_term=202350&startDatepicker=&endDatepicker=&uniqueSessionId=dg411fbbafb301&pageOffset=3000&pageMaxSize=500&sortColumn=subjectDescription&sortDirection=asc,2026-09-12T15:54:20.7181290+00:00,2026-09-12T17:23:41.9029570+00:00
msudenver,202350,Fall 2023 (View Only),THE,3211,51079,001,Theatre Histry Thry & Crit I,3.0,3.0,3.0,3,Hybrid In Person,Main,24,18,10,0,,,,TR 1230-1345 West Classroom Building 268 Class ; TR - Online Course  Online,"Bejan,Cristina (primary)",,https://ssb.msudenver.edu/StudentRegistrationSsb/ssb/searchResults/searchResults?txt_term=202350&startDatepicker=&endDatepicker=&uniqueSessionId=dg411fbbafb301&pageOffset=3000&pageMaxSize=500&sortColumn=subjectDescription&sortDirection=asc,2026-09-12T15:54:20.7181290+00:00,2026-09-12T17:23:41.9029570+00:00
msudenver,202430,Spring 2024 (View Only),AES,1400,32705,006,Aviation Weather,3.0,3.0,3.0,3,Asynchronous Online,Online,30,28,99,0,,,,none - Online Course ONLINE Online,"Kress,Dagmar (primary)",,https://ssb.msudenver.edu/StudentRegistrationSsb/ssb/searchResults/searchResults?txt_term=202430&startDatepicker=&endDatepicker=&uniqueSessionId=dg955b8e038a91&pageOffset=0&pageMaxSize=500&sortColumn=subjectDescription&sortDirection=asc,2026-09-12T15:51:54.8129740+00:00,2026-09-12T17:22:19.8051540+00:00
msudenver,202430,Spring 2024 (View Only),ANT,3530,32925,001,Writing Systems and Traditions,3.0,3.0,3.0,3,Asynchronous Online,Online,15,15,99,0,,,,none - Online Course ONLINE Online,"Sandoval,Richard (primary)",,https://ssb.msudenver.edu/StudentRegistrationSsb/ssb/searchResults/searchResults?txt_term=202430&startDatepicker=&endDatepicker=&uniqueSessionId=dg955b8e038a91&pageOffset=0&pageMaxSize=500&sortColumn=subjectDescription&sortDirection=asc,2026-09-12T15:51:54.8129740+00:00,2026-09-12T17:22:19.8051540+00:00
msudenver,202430,Spring 2024 (View Only),BHAM,5020,33697,002,CBH: Practicum I,6.0,6.0,6.0,6,Hybrid In Person,Main,9,9,99,0,,,,W 1500-2000 West Classroom Building 253 Class,"Hudson,Tricia ; Katz,Gene (primary)",,https://ssb.msudenver.edu/StudentRegistrationSsb/ssb/searchResults/searchResults?txt_term=202430&startDatepicker=&endDatepicker=&uniqueSessionId=dg955b8e038a91&pageOffset=2000&pageMaxSize=500&sortColumn=subjectDescription&sortDirection=asc,2026-09-12T15:52:39.7438010+00:00,2026-09-12T17:22:19.8051540+00:00
msudenver,202430,Spring 2024 (View Only),BIO,3600,30241,005,General Genetics,4.0,4.0,4.0,4,Asynchronous Online,Online,30,23,99,0,,,,none - Online Course ONLINE Online,"Melvin,Vida (primary)",,https://ssb.msudenver.edu/StudentRegistrationSsb/ssb/searchResults/searchResults?txt_term=202430&startDatepicker=&endDatepicker=&uniqueSessionId=dg955b8e038a91&pageOffset=0&pageMaxSize=500&sortColumn=subjectDescription&sortDirection=asc,2026-09-12T15:51:54.8129740+00:00,2026-09-12T17:22:19.8051540+00:00
msudenver,202430,Spring 2024 (View Only),COMM,4930,34329,004,Senior Comm Internship,3.0,3.0,3.0,3,Asynchronous Online,Online,2,1,99,0,,,,none - Online Course ONLINE Online,"James,Eric (primary)",,https://ssb.msudenver.edu/StudentRegistrationSsb/ssb/searchResults/searchResults?txt_term=202430&startDatepicker=&endDatepicker=&uniqueSessionId=dg955b8e038a91&pageOffset=500&pageMaxSize=500&sortColumn=subjectDescription&sortDirection=asc,2026-09-12T15:52:05.5766570+00:00,2026-09-12T17:22:19.8051540+00:00
msudenver,202430,Spring 2024 (View Only),DANC,3990,32788,002,Dance Field Experience,,1.0,3.0,1 TO 3,In Person,Main,10,3,99,0,,,,none - Class,"Merrill Schmidt,Leslie (primary)",,https://ssb.msudenver.edu/StudentRegistrationSsb/ssb/searchResults/searchResults?txt_term=202430&startDatepicker=&endDatepicker=&uniqueSessionId=dg955b8e038a91&pageOffset=500&pageMaxSize=500&sortColumn=subjectDescription&sortDirection=asc,2026-09-12T15:52:05.5766570+00:00,2026-09-12T17:22:19.8051540+00:00
msudenver,202430,Spring 2024 (View Only),ECE,3120,30798,001,Early Literacy: Birth -5,3.0,3.0,3.0,3,Asynchronous Online,Online,25,23,99,0,,,,none - Online Course ONLINE Online,"Elmore,Eric (primary)",,https://ssb.msudenver.edu/StudentRegistrationSsb/ssb/searchResults/searchResults?txt_term=202430&startDatepicker=&endDatepicker=&uniqueSessionId=dg955b8e038a91&pageOffset=1000&pageMaxSize=500&sortColumn=subjectDescription&sortDirection=asc,2026-09-12T15:52:17.3185510+00:00,2026-09-12T17:22:19.8051540+00:00
msudenver,202430,Spring 2024 (View Only),ECE,3750,30917,001,CLD in ECE,3.0,3.0,3.0,3,Hybrid In Person,Main,25,11,99,0,,,,R 1400-1650 West Classroom Building 143 Class,"Shapland,Dorothy (primary)",,https://ssb.msudenver.edu/StudentRegistrationSsb/ssb/searchResults/searchResults?txt_term=202430&startDatepicker=&endDatepicker=&uniqueSessionId=dg955b8e038a91&pageOffset=1000&pageMaxSize=500&sortColumn=subjectDescription&sortDirection=asc,2026-09-12T15:52:17.3185510+00:00,2026-09-12T17:22:19.8051540+00:00
msudenver,202430,Spring 2024 (View Only),EDS,4010,31740,001,Action Research,3.0,3.0,3.0,3,Hybrid Online,Online,15,8,99,0,,,,R 1400-1650 Online Course ONLINE Online ; none - Online Course ONLINE Online,"Bernhardt,Philip (primary)",,https://ssb.msudenver.edu/StudentRegistrationSsb/ssb/searchResults/searchResults?txt_term=202430&startDatepicker=&endDatepicker=&uniqueSessionId=dg955b8e038a91&pageOffset=3000&pageMaxSize=500&sortColumn=subjectDescription&sortDirection=asc,2026-09-12T15:52:59.1724170+00:00,2026-09-12T17:22:19.8051540+00:00
msudenver,202430,Spring 2024 (View Only),ENG,1010,30569,018,Composing Arguments,3.0,3.0,3.0,3,In Person,Main,22,22,99,0,,,,TR 1230-1345 Student Success Building 209 Class,"Seggelke,JJ (primary)",,https://ssb.msudenver.edu/StudentRegistrationSsb/ssb/searchResults/searchResults?txt_term=202430&startDatepicker=&endDatepicker=&uniqueSessionId=dg955b8e038a91&pageOffset=1000&pageMaxSize=500&sortColumn=subjectDescription&sortDirection=asc,2026-09-12T15:52:17.3185510+00:00,2026-09-12T17:22:19.8051540+00:00
msudenver,202430,Spring 2024 (View Only),EXS,1020,31101,002,Resistance Training Techniques,3.0,3.0,3.0,3,In Person,Main,17,17,99,0,,,,TR 0930-1045 Physical Education Building 111B Class ; TR 0930-1045 Physical Education Building 111G Class ; TR 0930-1045 Physical Education Building 205 Class,"Bertelsen,Susan (primary)",,https://ssb.msudenver.edu/StudentRegistrationSsb/ssb/searchResults/searchResults?txt_term=202430&startDatepicker=&endDatepicker=&uniqueSessionId=dg955b8e038a91&pageOffset=1000&pageMaxSize=500&sortColumn=subjectDescription&sortDirection=asc,2026-09-12T15:52:17.3185510+00:00,2026-09-12T17:22:19.8051540+00:00
msudenver,202430,Spring 2024 (View Only),GEL,1150,30212,001,Physical Oceanography,3.0,3.0,3.0,3,In Person,Main,30,24,99,0,,,,TR 0930-1045 Plaza Building 211 Class,"Blomberg,Brittany (primary)",,https://ssb.msudenver.edu/StudentRegistrationSsb/ssb/searchResults/searchResults?txt_term=202430&startDatepicker=&endDatepicker=&uniqueSessionId=dg955b8e038a91&pageOffset=1000&pageMaxSize=500&sortColumn=subjectDescription&sortDirection=asc,2026-09-12T15:52:17.3185510+00:00,2026-09-12T17:22:19.8051540+00:00
msudenver,202430,Spring 2024 (View Only),HCM,4610,30542,001,Health Professions Internship,3.0,3.0,3.0,3,Asynchronous Online,Online,30,24,99,0,,,,none - Online Course ONLINE Online,"Zeiler,Kevin (primary)",,https://ssb.msudenver.edu/StudentRegistrationSsb/ssb/searchResults/searchResults?txt_term=202430&startDatepicker=&endDatepicker=&uniqueSessionId=dg955b8e038a91&pageOffset=1000&pageMaxSize=500&sortColumn=subjectDescription&sortDirection=asc,2026-09-12T15:52:17.3185510+00:00,2026-09-12T17:22:19.8051540+00:00
msudenver,202430,Spring 2024 (View Only),HIS,1035,31300,010,Medieval World,3.0,3.0,3.0,3,In Person,Main,36,31,99,0,,,,TR 1100-1215 Plaza Building 130 Class,"Upton,Todd (primary)",,https://ssb.msudenver.edu/StudentRegistrationSsb/ssb/searchResults/searchResults?txt_term=202430&startDatepicker=&endDatepicker=&uniqueSessionId=dg955b8e038a91&pageOffset=1500&pageMaxSize=500&sortColumn=subjectDescription&sortDirection=asc,2026-09-12T15:52:28.7451700+00:00,2026-09-12T17:22:19.8051540+00:00
msudenver,202430,Spring 2024 (View Only),HIS,1150,30913,010,Multicultural America,3.0,3.0,3.0,3,In Person,Main,37,35,99,0,,,,TR 1100-1215 King Center 312 Class,"Detch,Andrew (primary)",,https://ssb.msudenver.edu/StudentRegistrationSsb/ssb/searchResults/searchResults?txt_term=202430&startDatepicker=&endDatepicker=&uniqueSessionId=dg955b8e038a91&pageOffset=1500&pageMaxSize=500&sortColumn=subjectDescription&sortDirection=asc,2026-09-12T15:52:28.7451700+00:00,2026-09-12T17:22:19.8051540+00:00
msudenver,202430,Spring 2024 (View Only),JMP,2610,31531,004,Intro to Technical Writing,3.0,3.0,3.0,3,Hybrid In Person,Main,25,25,99,0,,,,T 1400-1515 Science Building 1048 Class,"Beery,Darcy (primary)",,https://ssb.msudenver.edu/StudentRegistrationSsb/ssb/searchResults/searchResults?txt_term=202430&startDatepicker=&endDatepicker=&uniqueSessionId=dg955b8e038a91&pageOffset=1500&pageMaxSize=500&sortColumn=subjectDescription&sortDirection=asc,2026-09-12T15:52:28.7451700+00:00,2026-09-12T17:22:19.8051540+00:00
msudenver,202430,Spring 2024 (View Only),MET,3410,31803,001,Geometric Dimensning & Tolrnce,3.0,3.0,3.0,3,In Person,Main,40,27,99,0,,,,MW 1800-1950 Aerospace and Engineering Sci. 490 Class,"Bendawi,Ali (primary)",,https://ssb.msudenver.edu/StudentRegistrationSsb/ssb/searchResults/searchResults?txt_term=202430&startDatepicker=&endDatepicker=&uniqueSessionId=dg955b8e038a91&pageOffset=2000&pageMaxSize=500&sortColumn=subjectDescription&sortDirection=asc,2026-09-12T15:52:39.7438010+00:00,2026-09-12T17:22:19.8051540+00:00
msudenver,202430,Spring 2024 (View Only),MTH,1410,30100,002,Calculus I,4.0,4.0,4.0,4,In Person,Main,35,34,99,0,,,,MW 1600-1750 Plaza Building M206 Class,"Schauble,Jon (primary)",,https://ssb.msudenver.edu/StudentRegistrationSsb/ssb/searchResults/searchResults?txt_term=202430&startDatepicker=&endDatepicker=&uniqueSessionId=dg955b8e038a91&pageOffset=2000&pageMaxSize=500&sortColumn=subjectDescription&sortDirection=asc,2026-09-12T15:52:39.7438010+00:00,2026-09-12T17:22:19.8051540+00:00
msudenver,202430,Spring 2024 (View Only),MUS,1000,32916,005,Introduction to Music,3.0,3.0,3.0,3,In Person,Main,30,29,99,0,,,,TR 0930-1045 King Center 316 Class,"Krueger,Timothy (primary)",,https://ssb.msudenver.edu/StudentRegistrationSsb/ssb/searchResults/searchResults?txt_term=202430&startDatepicker=&endDatepicker=&uniqueSessionId=dg955b8e038a91&pageOffset=2000&pageMaxSize=500&sortColumn=subjectDescription&sortDirection=asc,2026-09-12T15:52:39.7438010+00:00,2026-09-12T17:22:19.8051540+00:00
msudenver,202430,Spring 2024 (View Only),NONC,1166,33545,NC1,Adv Manuf. & Workplace Prepara,0.0,0.0,0.0,0,Self-Paced Online,Innovative & Lifelong Learning,30,0,99,0,,,,none - Online Course ONLINE Online,"Schooler,Brandy ; Pazos,Andrea ; Yoss,Mark (primary)",,https://ssb.msudenver.edu/StudentRegistrationSsb/ssb/searchResults/searchResults?txt_term=202430&startDatepicker=&endDatepicker=&uniqueSessionId=dg955b8e038a91&pageOffset=2500&pageMaxSize=500&sortColumn=subjectDescription&sortDirection=asc,2026-09-12T15:52:51.7278640+00:00,2026-09-12T17:22:19.8051540+00:00
msudenver,202430,Spring 2024 (View Only),NUR,3160,33997,B02,Nursing Ethics,3.0,3.0,3.0,3,Asynchronous Online,Online,6,1,99,0,CN,27,19,none - Online Course ONLINE Online,"Hunter,Mandee (primary)",,https://ssb.msudenver.edu/StudentRegistrationSsb/ssb/searchResults/searchResults?txt_term=202430&startDatepicker=&endDatepicker=&uniqueSessionId=dg955b8e038a91&pageOffset=2500&pageMaxSize=500&sortColumn=subjectDescription&sortDirection=asc,2026-09-12T15:52:51.7278640+00:00,2026-09-12T17:22:19.8051540+00:00
msudenver,202430,Spring 2024 (View Only),NUT,2040,33322,009,Introduction to Nutrition,3.0,3.0,3.0,3,Hybrid In Person,Main,30,28,99,0,,,,T 0930-1045 Plaza Building 242 Class,"Golightly,Charlie (primary)",,https://ssb.msudenver.edu/StudentRegistrationSsb/ssb/searchResults/searchResults?txt_term=202430&startDatepicker=&endDatepicker=&uniqueSessionId=dg955b8e038a91&pageOffset=2500&pageMaxSize=500&sortColumn=subjectDescription&sortDirection=asc,2026-09-12T15:52:51.7278640+00:00,2026-09-12T17:22:19.8051540+00:00
msudenver,202430,Spring 2024 (View Only),PSY,1800,30763,001,Devel Educational Psychology,3.0,3.0,3.0,3,In Person,Main,35,28,99,0,,,,MW 0930-1045 Plaza Building 244 Class,"Dillen,Bethany (primary)",,https://ssb.msudenver.edu/StudentRegistrationSsb/ssb/searchResults/searchResults?txt_term=202430&startDatepicker=&endDatepicker=&uniqueSessionId=dg955b8e038a91&pageOffset=2500&pageMaxSize=500&sortColumn=subjectDescription&sortDirection=asc,2026-09-12T15:52:51.7278640+00:00,2026-09-12T17:22:19.8051540+00:00
msudenver,202430,Spring 2024 (View Only),SOC,1010,32866,009,"People, Power, and Progress",3.0,3.0,3.0,3,Asynchronous Online,Online,35,12,99,0,,,,none - Online Course ONLINE Online,"Piacenti,David (primary)",,https://ssb.msudenver.edu/StudentRegistrationSsb/ssb/searchResults/searchResults?txt_term=202430&startDatepicker=&endDatepicker=&uniqueSessionId=dg955b8e038a91&pageOffset=3000&pageMaxSize=500&sortColumn=subjectDescription&sortDirection=asc,2026-09-12T15:52:59.1724170+00:00,2026-09-12T17:22:19.8051540+00:00
msudenver,202430,Spring 2024 (View Only),SWKM,6670,32681,030,Trauma Informed SWK Practice,3.0,3.0,3.0,3,Synchronous Online,Online,20,7,99,0,,,,R 1400-1650 Online Course ONLINE Online,"Lowe,Meladie (primary)",,https://ssb.msudenver.edu/StudentRegistrationSsb/ssb/searchResults/searchResults?txt_term=202430&startDatepicker=&endDatepicker=&uniqueSessionId=dg955b8e038a91&pageOffset=2000&pageMaxSize=500&sortColumn=subjectDescription&sortDirection=asc,2026-09-12T15:52:39.7438010+00:00,2026-09-12T17:22:19.8051540+00:00
msudenver,202440,Summer 2024 (View Only),ANT,2710,40834,STA,Archaeological Field Research,3.0,3.0,3.0,3,Study Abroad,Innovative & Lifelong Learning,12,1,99,0,,,,none - Off Campus Location  Study Abroad,"Stephens,Justin ; Olson,Brandon (primary)",,https://ssb.msudenver.edu/StudentRegistrationSsb/ssb/searchResults/searchResults?txt_term=202440&startDatepicker=&endDatepicker=&uniqueSessionId=dg53dae18d5a78&pageOffset=0&pageMaxSize=500&sortColumn=subjectDescription&sortDirection=asc,2026-09-12T15:51:34.9851170+00:00,2026-09-12T17:20:57.3277100+00:00
msudenver,202440,Summer 2024 (View Only),ANT,3480,40748,001,Cult Diversity Hlth & Illness,3.0,3.0,3.0,3,Asynchronous Online,Online,32,31,99,0,,,,none - Online Course ONLINE Online,"Williams,Heather (primary)",,https://ssb.msudenver.edu/StudentRegistrationSsb/ssb/searchResults/searchResults?txt_term=202440&startDatepicker=&endDatepicker=&uniqueSessionId=dg53dae18d5a78&pageOffset=0&pageMaxSize=500&sortColumn=subjectDescription&sortDirection=asc,2026-09-12T15:51:34.9851170+00:00,2026-09-12T17:20:57.3277100+00:00
msudenver,202440,Summer 2024 (View Only),SOC,3490,40765,001,Queer Sexualities and Identity,3.0,3.0,3.0,3,Hybrid Online,Online,10,0,99,0,05,30,7,R 1100-1215 Online Course ONLINE Online ; none - Online Course ONLINE Online,"Dhoot,Sonny (primary)",,https://ssb.msudenver.edu/StudentRegistrationSsb/ssb/searchResults/searchResults?txt_term=202440&startDatepicker=&endDatepicker=&uniqueSessionId=dg53dae18d5a78&pageOffset=500&pageMaxSize=500&sortColumn=subjectDescription&sortDirection=asc,2026-09-12T15:51:38.7525240+00:00,2026-09-12T17:20:57.3277100+00:00
msudenver,202450,Fall 2024 (View Only),ARTE,2060,51973,002,Arts & Creative Thinking,3.0,3.0,3.0,3,In Person,Main,20,12,99,0,,,,MW 1230-1345 Arts Building 296 Class,"Delaney,Rachael (primary)",,https://ssb.msudenver.edu/StudentRegistrationSsb/ssb/searchResults/searchResults?txt_term=202450&startDatepicker=&endDatepicker=&uniqueSessionId=dg2c8fd7c13a1a&pageOffset=0&pageMaxSize=500&sortColumn=subjectDescription&sortDirection=asc,2026-09-12T15:50:14.0450360+00:00,2026-09-12T17:20:37.4537260+00:00
msudenver,202450,Fall 2024 (View Only),CHE,4710,50029,001,Criminalistics Internship II,3.0,3.0,3.0,3,In Person,Main,10,0,99,0,,,,"none - Off Campus Location  Field Exp, Pract., Intern.","Hill,April (primary)",,https://ssb.msudenver.edu/StudentRegistrationSsb/ssb/searchResults/searchResults?txt_term=202450&startDatepicker=&endDatepicker=&uniqueSessionId=dg2c8fd7c13a1a&pageOffset=500&pageMaxSize=500&sortColumn=subjectDescription&sortDirection=asc,2026-09-12T15:50:24.7607430+00:00,2026-09-12T17:20:37.4537260+00:00
msudenver,202450,Fall 2024 (View Only),COMM,1010,51637,016,Presentational Speaking,3.0,3.0,3.0,3,In Person,Main,25,24,99,0,,,,MW 1400-1515 Central Classroom Building 110 Class,"Walker,Paul (primary)",,https://ssb.msudenver.edu/StudentRegistrationSsb/ssb/searchResults/searchResults?txt_term=202450&startDatepicker=&endDatepicker=&uniqueSessionId=dg2c8fd7c13a1a&pageOffset=500&pageMaxSize=500&sortColumn=subjectDescription&sortDirection=asc,2026-09-12T15:50:24.7607430+00:00,2026-09-12T17:20:37.4537260+00:00
msudenver,202450,Fall 2024 (View Only),DANC,3835,52449,001,African Drum & Dance Ensemble,1.0,1.0,1.0,1,In Person,Main,15,2,99,0,74,35,11,R 1530-1720 King Center 120 Class,"Abankwah,George (primary)",,https://ssb.msudenver.edu/StudentRegistrationSsb/ssb/searchResults/searchResults?txt_term=202450&startDatepicker=&endDatepicker=&uniqueSessionId=dg2c8fd7c13a1a&pageOffset=1000&pageMaxSize=500&sortColumn=subjectDescription&sortDirection=asc,2026-09-12T15:50:36.3038840+00:00,2026-09-12T17:20:37.4537260+00:00
msudenver,202450,Fall 2024 (View Only),ECE,4415,51919,001,ECE Residency I,7.0,7.0,7.0,7,In Person,Main,2,0,99,0,,,,"none - Off Campus Location  Field Exp, Pract., Intern.","Bohanan,Bryan (primary)",,https://ssb.msudenver.edu/StudentRegistrationSsb/ssb/searchResults/searchResults?txt_term=202450&startDatepicker=&endDatepicker=&uniqueSessionId=dg2c8fd7c13a1a&pageOffset=1000&pageMaxSize=500&sortColumn=subjectDescription&sortDirection=asc,2026-09-12T15:50:36.3038840+00:00,2026-09-12T17:20:37.4537260+00:00
msudenver,202450,Fall 2024 (View Only),GIS,4860,51384,001,GIS Applications,4.0,4.0,4.0,4,Asynchronous Online,Online,24,15,99,0,,,,none - Online Course ONLINE Online,"Ma,Andong (primary)",,https://ssb.msudenver.edu/StudentRegistrationSsb/ssb/searchResults/searchResults?txt_term=202450&startDatepicker=&endDatepicker=&uniqueSessionId=dg2c8fd7c13a1a&pageOffset=1000&pageMaxSize=500&sortColumn=subjectDescription&sortDirection=asc,2026-09-12T15:50:36.3038840+00:00,2026-09-12T17:20:37.4537260+00:00
msudenver,202450,Fall 2024 (View Only),GWS,1001,53753,004,Intro to GWS,3.0,3.0,3.0,3,Asynchronous Online,Online,30,21,99,0,,,,none - Online Course ONLINE Online,"Sgoutas,Arlene (primary)",,https://ssb.msudenver.edu/StudentRegistrationSsb/ssb/searchResults/searchResults?txt_term=202450&startDatepicker=&endDatepicker=&uniqueSessionId=dg2c8fd7c13a1a&pageOffset=1000&pageMaxSize=500&sortColumn=subjectDescription&sortDirection=asc,2026-09-12T15:50:36.3038840+00:00,2026-09-12T17:20:37.4537260+00:00
msudenver,202450,Fall 2024 (View Only),HLDR,3600,51742,001,Org. Leadership for HOSP,3.0,3.0,3.0,3,Hybrid In Person,Main,28,16,99,0,,,,T 1100-1215 Hospitality & Learning Center 214 Class ; none 1100-1215 Online Course ONLINE Online,"Ogbeide,Godwin-Charles (primary)",,https://ssb.msudenver.edu/StudentRegistrationSsb/ssb/searchResults/searchResults?txt_term=202450&startDatepicker=&endDatepicker=&uniqueSessionId=dg2c8fd7c13a1a&pageOffset=1500&pageMaxSize=500&sortColumn=subjectDescription&sortDirection=asc,2026-09-12T15:50:48.1904790+00:00,2026-09-12T17:20:37.4537260+00:00
msudenver,202450,Fall 2024 (View Only),HON,1013,52511,002,Public Speaking,3.0,3.0,3.0,3,In Person,Main,22,19,99,0,,,,MW 1230-1345 Auraria Library 002 Class,"Jordan,Jason (primary)",,https://ssb.msudenver.edu/StudentRegistrationSsb/ssb/searchResults/searchResults?txt_term=202450&startDatepicker=&endDatepicker=&uniqueSessionId=dg2c8fd7c13a1a&pageOffset=1500&pageMaxSize=500&sortColumn=subjectDescription&sortDirection=asc,2026-09-12T15:50:48.1904790+00:00,2026-09-12T17:20:37.4537260+00:00
msudenver,202450,Fall 2024 (View Only),MGT,3220,50197,003,Legal Environment Business II,3.0,3.0,3.0,3,Asynchronous Online,Online,30,21,0,0,,,,none - Online Course ONLINE Online,"Clark,Michele (primary)",,https://ssb.msudenver.edu/StudentRegistrationSsb/ssb/searchResults/searchResults?txt_term=202450&startDatepicker=&endDatepicker=&uniqueSessionId=dg2c8fd7c13a1a&pageOffset=1500&pageMaxSize=500&sortColumn=subjectDescription&sortDirection=asc,2026-09-12T15:50:48.1904790+00:00,2026-09-12T17:20:37.4537260+00:00
msudenver,202450,Fall 2024 (View Only),MKT,1985,52812,001,Business Careers Intern,3.0,3.0,3.0,3,In Person,Main,10,0,99,0,,,,"none - Off Campus Location  Field Exp, Pract., Intern.","Baalbaki-Yassine,Sally (primary)",,https://ssb.msudenver.edu/StudentRegistrationSsb/ssb/searchResults/searchResults?txt_term=202450&startDatepicker=&endDatepicker=&uniqueSessionId=dg2c8fd7c13a1a&pageOffset=1500&pageMaxSize=500&sortColumn=subjectDescription&sortDirection=asc,2026-09-12T15:50:48.1904790+00:00,2026-09-12T17:20:37.4537260+00:00
msudenver,202450,Fall 2024 (View Only),MUS,3351,52439,001,Field Exp in General Music,1.0,1.0,1.0,1,In Person,Main,25,10,99,0,,,,"none - Off Campus Location  Field Exp, Pract., Intern.","Aguilar,Carla (primary)",,https://ssb.msudenver.edu/StudentRegistrationSsb/ssb/searchResults/searchResults?txt_term=202450&startDatepicker=&endDatepicker=&uniqueSessionId=dg2c8fd7c13a1a&pageOffset=2500&pageMaxSize=500&sortColumn=subjectDescription&sortDirection=asc,2026-09-12T15:51:10.4583240+00:00,2026-09-12T17:20:37.4537260+00:00
msudenver,202450,Fall 2024 (View Only),MUS,471X,53209,001,Private Percussion VII,2.0,2.0,2.0,2,In Person,Main,10,1,99,0,,,,W 1430-1520 King Center  Class,"Foster,Mark (primary)",,https://ssb.msudenver.edu/StudentRegistrationSsb/ssb/searchResults/searchResults?txt_term=202450&startDatepicker=&endDatepicker=&uniqueSessionId=dg2c8fd7c13a1a&pageOffset=2500&pageMaxSize=500&sortColumn=subjectDescription&sortDirection=asc,2026-09-12T15:51:10.4583240+00:00,2026-09-12T17:20:37.4537260+00:00
msudenver,202450,Fall 2024 (View Only),PSY,1001,50690,002,Introductory Psychology,3.0,3.0,3.0,3,In Person,Main,112,108,99,0,,,,TR 0800-0915 Plaza Building M205 Class,"Adams,Sol (primary)",,https://ssb.msudenver.edu/StudentRegistrationSsb/ssb/searchResults/searchResults?txt_term=202450&startDatepicker=&endDatepicker=&uniqueSessionId=dg2c8fd7c13a1a&pageOffset=2500&pageMaxSize=500&sortColumn=subjectDescription&sortDirection=asc,2026-09-12T15:51:10.4583240+00:00,2026-09-12T17:20:37.4537260+00:00
msudenver,202450,Fall 2024 (View Only),RST,3920,53488,001,Plant-based Cooking,3.0,3.0,3.0,3,In Person,Main,18,15,99,0,,,,T 1100-1350 Hospitality & Learning Center 104 Class,"Watson,Jennifer (primary)",,https://ssb.msudenver.edu/StudentRegistrationSsb/ssb/searchResults/searchResults?txt_term=202450&startDatepicker=&endDatepicker=&uniqueSessionId=dg2c8fd7c13a1a&pageOffset=3000&pageMaxSize=500&sortColumn=subjectDescription&sortDirection=asc,2026-09-12T15:51:19.3612110+00:00,2026-09-12T17:20:37.4537260+00:00
msudenver,202450,Fall 2024 (View Only),SWK,3600,51371,040,Gender in SW Practice,3.0,3.0,3.0,3,Asynchronous Online,Online,27,24,99,0,59,25,24,none - Online Course ONLINE Online,"Ritter,Jessica (primary)",,https://ssb.msudenver.edu/StudentRegistrationSsb/ssb/searchResults/searchResults?txt_term=202450&startDatepicker=&endDatepicker=&uniqueSessionId=dg2c8fd7c13a1a&pageOffset=3000&pageMaxSize=500&sortColumn=subjectDescription&sortDirection=asc,2026-09-12T15:51:19.3612110+00:00,2026-09-12T17:20:37.4537260+00:00
msudenver,202530,Spring 2025 (View Only),ACC,2010,32912,006,Principles of Accounting I,3.0,3.0,3.0,3,In Person,Main,30,27,99,0,,,,MW 0800-0915 Administration Building 220 Class,"Cardillo,Amy (primary)",,https://ssb.msudenver.edu/StudentRegistrationSsb/ssb/searchResults/searchResults?txt_term=202530&startDatepicker=&endDatepicker=&uniqueSessionId=dg32cfe1f0fa7d&pageOffset=0&pageMaxSize=500&sortColumn=subjectDescription&sortDirection=asc,2026-09-12T15:48:53.8198310+00:00,2026-09-12T17:19:14.7152300+00:00
msudenver,202530,Spring 2025 (View Only),ATH,100O,30139,001,Baseball-Varsity Sport-Men,2.0,2.0,2.0,2,In Person,Main,30,0,99,0,,,,none - Class,"Price,Jordan (primary)",,https://ssb.msudenver.edu/StudentRegistrationSsb/ssb/searchResults/searchResults?txt_term=202530&startDatepicker=&endDatepicker=&uniqueSessionId=dg32cfe1f0fa7d&pageOffset=0&pageMaxSize=500&sortColumn=subjectDescription&sortDirection=asc,2026-09-12T15:48:53.8198310+00:00,2026-09-12T17:19:14.7152300+00:00
msudenver,202530,Spring 2025 (View Only),COMM,1010,32467,032,Presentational Speaking,3.0,3.0,3.0,3,Asynchronous Online,Online,25,22,99,0,,,,none - Online Course ONLINE Online,"Mukherjee,Parameswari (primary)",,https://ssb.msudenver.edu/StudentRegistrationSsb/ssb/searchResults/searchResults?txt_term=202530&startDatepicker=&endDatepicker=&uniqueSessionId=dg32cfe1f0fa7d&pageOffset=500&pageMaxSize=500&sortColumn=subjectDescription&sortDirection=asc,2026-09-12T15:49:04.4470670+00:00,2026-09-12T17:19:14.7152300+00:00
msudenver,202530,Spring 2025 (View Only),COMM,2010,31727,006,Gender and Communication,3.0,3.0,3.0,3,Asynchronous Online,Online,25,24,99,0,43,30,29,none - Online Course ONLINE Online,"Chorley,Sarah (primary)",,https://ssb.msudenver.edu/StudentRegistrationSsb/ssb/searchResults/searchResults?txt_term=202530&startDatepicker=&endDatepicker=&uniqueSessionId=dg32cfe1f0fa7d&pageOffset=500&pageMaxSize=500&sortColumn=subjectDescription&sortDirection=asc,2026-09-12T15:49:04.4470670+00:00,2026-09-12T17:19:14.7152300+00:00
msudenver,202530,Spring 2025 (View Only),EDS,3140,30423,001,1st Fld Exp Secondary Eductn,1.0,1.0,1.0,1,In Person,Main,22,9,99,0,,,,"none - Off Campus Location  Field Exp, Pract., Intern.","Levitan,Lauren (primary)",,https://ssb.msudenver.edu/StudentRegistrationSsb/ssb/searchResults/searchResults?txt_term=202530&startDatepicker=&endDatepicker=&uniqueSessionId=dg32cfe1f0fa7d&pageOffset=3000&pageMaxSize=500&sortColumn=subjectDescription&sortDirection=asc,2026-09-12T15:49:58.0765860+00:00,2026-09-12T17:19:14.7152300+00:00
msudenver,202530,Spring 2025 (View Only),EDT,3010,30415,002,Integr Edu Technol In Teaching,3.0,3.0,3.0,3,Asynchronous Online,Online,25,23,99,0,,,,none - Online Course ONLINE Online,"Chung,Miri (primary)",,https://ssb.msudenver.edu/StudentRegistrationSsb/ssb/searchResults/searchResults?txt_term=202530&startDatepicker=&endDatepicker=&uniqueSessionId=dg32cfe1f0fa7d&pageOffset=1000&pageMaxSize=500&sortColumn=subjectDescription&sortDirection=asc,2026-09-12T15:49:16.4460920+00:00,2026-09-12T17:19:14.7152300+00:00
msudenver,202530,Spring 2025 (View Only),ENG,1010,30728,001,Composing Arguments,3.0,3.0,3.0,3,In Person,Main,22,20,10,0,,,,MW 0800-0915 King Center 315 Class,"Chambless,Cody (primary)",,https://ssb.msudenver.edu/StudentRegistrationSsb/ssb/searchResults/searchResults?txt_term=202530&startDatepicker=&endDatepicker=&uniqueSessionId=dg32cfe1f0fa7d&pageOffset=1000&pageMaxSize=500&sortColumn=subjectDescription&sortDirection=asc,2026-09-12T15:49:16.4460920+00:00,2026-09-12T17:19:14.7152300+00:00
msudenver,202530,Spring 2025 (View Only),ENG,1010,34300,042,Composing Arguments,3.0,3.0,3.0,3,Asynchronous Online,Online,22,21,10,0,,,,none - Online Course ONLINE Online,"Servino,Nicole (primary)",,https://ssb.msudenver.edu/StudentRegistrationSsb/ssb/searchResults/searchResults?txt_term=202530&startDatepicker=&endDatepicker=&uniqueSessionId=dg32cfe1f0fa7d&pageOffset=1000&pageMaxSize=500&sortColumn=subjectDescription&sortDirection=asc,2026-09-12T15:49:16.4460920+00:00,2026-09-12T17:19:14.7152300+00:00
msudenver,202530,Spring 2025 (View Only),GWS,2100,30951,002,Women of Color,3.0,3.0,3.0,3,In Person,Main,20,3,99,0,13,30,16,TR 1400-1515 Student Success Building 203 Class,"Walton,Natalia (primary)",,https://ssb.msudenver.edu/StudentRegistrationSsb/ssb/searchResults/searchResults?txt_term=202530&startDatepicker=&endDatepicker=&uniqueSessionId=dg32cfe1f0fa7d&pageOffset=1000&pageMaxSize=500&sortColumn=subjectDescription&sortDirection=asc,2026-09-12T15:49:16.4460920+00:00,2026-09-12T17:19:14.7152300+00:00
msudenver,202530,Spring 2025 (View Only),GWS,3700,32385,001,Psychology of Group Prejudice,3.0,3.0,3.0,3,In Person,Main,3,2,99,0,17,35,25,TR 1530-1645 Plaza Building 248 Class,"Schatz,Robert (primary)",,https://ssb.msudenver.edu/StudentRegistrationSsb/ssb/searchResults/searchResults?txt_term=202530&startDatepicker=&endDatepicker=&uniqueSessionId=dg32cfe1f0fa7d&pageOffset=1000&pageMaxSize=500&sortColumn=subjectDescription&sortDirection=asc,2026-09-12T15:49:16.4460920+00:00,2026-09-12T17:19:14.7152300+00:00
msudenver,202530,Spring 2025 (View Only),HIS,1300,31597,031,Latin American History,3.0,3.0,3.0,3,Asynchronous Online,Online,28,26,20,0,,,,none - Online Course ONLINE Online,"Koshatka Seman,Jennifer (primary)",,https://ssb.msudenver.edu/StudentRegistrationSsb/ssb/searchResults/searchResults?txt_term=202530&startDatepicker=&endDatepicker=&uniqueSessionId=dg32cfe1f0fa7d&pageOffset=1500&pageMaxSize=500&sortColumn=subjectDescription&sortDirection=asc,2026-09-12T15:49:28.0943400+00:00,2026-09-12T17:19:14.7152300+00:00
msudenver,202530,Spring 2025 (View Only),HIS,3120,32407,013,Medieval History,3.0,3.0,3.0,3,In Person,Main,25,16,20,0,,,,MW 1230-1345 Central Classroom Building 107 Class,"Worth,Meghan (primary)",,https://ssb.msudenver.edu/StudentRegistrationSsb/ssb/searchResults/searchResults?txt_term=202530&startDatepicker=&endDatepicker=&uniqueSessionId=dg32cfe1f0fa7d&pageOffset=1500&pageMaxSize=500&sortColumn=subjectDescription&sortDirection=asc,2026-09-12T15:49:28.0943400+00:00,2026-09-12T17:19:14.7152300+00:00
msudenver,202530,Spring 2025 (View Only),ITP,1500,32450,002,Dynamics of Health,3.0,3.0,3.0,3,Synchronous Online,Online,30,18,99,0,,,,T 0930-1045 Online Course ONLINE Online,"Hingorani,Uma (primary)",,https://ssb.msudenver.edu/StudentRegistrationSsb/ssb/searchResults/searchResults?txt_term=202530&startDatepicker=&endDatepicker=&uniqueSessionId=dg32cfe1f0fa7d&pageOffset=1500&pageMaxSize=500&sortColumn=subjectDescription&sortDirection=asc,2026-09-12T15:49:28.0943400+00:00,2026-09-12T17:19:14.7152300+00:00
msudenver,202530,Spring 2025 (View Only),MUS,3713,32523,001,Private Instrumental Conductin,2.0,2.0,2.0,2,In Person,Main,10,1,99,0,,,,W 1430-1520 King Center  Class,"Matthews,Brandon (primary)",,https://ssb.msudenver.edu/StudentRegistrationSsb/ssb/searchResults/searchResults?txt_term=202530&startDatepicker=&endDatepicker=&uniqueSessionId=dg32cfe1f0fa7d&pageOffset=2000&pageMaxSize=500&sortColumn=subjectDescription&sortDirection=asc,2026-09-12T15:49:39.1460850+00:00,2026-09-12T17:19:14.7152300+00:00
msudenver,202530,Spring 2025 (View Only),MUS,3833,31058,001,Opera,1.0,1.0,1.0,1,In Person,Main,30,6,99,0,,,,MW 1600-1900 King Center 308 Class,"Roberts,Gene (primary)",,https://ssb.msudenver.edu/StudentRegistrationSsb/ssb/searchResults/searchResults?txt_term=202530&startDatepicker=&endDatepicker=&uniqueSessionId=dg32cfe1f0fa7d&pageOffset=2500&pageMaxSize=500&sortColumn=subjectDescription&sortDirection=asc,2026-09-12T15:49:50.9693790+00:00,2026-09-12T17:19:14.7152300+00:00
msudenver,202530,Spring 2025 (View Only),PHY,2341,30707,002,General Physics Laboratory II,1.0,1.0,1.0,1,In Person,Main,14,11,99,0,BG,18,17,T 1600-1750 Plaza Building 164 Class,"Leisge,Christopher (primary)",,https://ssb.msudenver.edu/StudentRegistrationSsb/ssb/searchResults/searchResults?txt_term=202530&startDatepicker=&endDatepicker=&uniqueSessionId=dg32cfe1f0fa7d&pageOffset=2500&pageMaxSize=500&sortColumn=subjectDescription&sortDirection=asc,2026-09-12T15:49:50.9693790+00:00,2026-09-12T17:19:14.7152300+00:00
msudenver,202530,Spring 2025 (View Only),SEDM,6300,30704,001,Assess & Meth for EBD,3.0,3.0,3.0,3,Hybrid In Person,Main,13,7,99,0,BP,28,19,T 1700-1950 West Classroom Building 152 Class,"Connelly,Jeanne (primary)",,https://ssb.msudenver.edu/StudentRegistrationSsb/ssb/searchResults/searchResults?txt_term=202530&startDatepicker=&endDatepicker=&uniqueSessionId=dg32cfe1f0fa7d&pageOffset=2000&pageMaxSize=500&sortColumn=subjectDescription&sortDirection=asc,2026-09-12T15:49:39.1460850+00:00,2026-09-12T17:19:14.7152300+00:00
msudenver,202530,Spring 2025 (View Only),SPA,1010,32992,006,Elementary Spanish I,5.0,5.0,5.0,5,Asynchronous Online,Online,25,25,99,0,,,,none - Online Course ONLINE Online,"Ignizio,Graham (primary)",,https://ssb.msudenver.edu/StudentRegistrationSsb/ssb/searchResults/searchResults?txt_term=202530&startDatepicker=&endDatepicker=&uniqueSessionId=dg32cfe1f0fa7d&pageOffset=3000&pageMaxSize=500&sortColumn=subjectDescription&sortDirection=asc,2026-09-12T15:49:58.0765860+00:00,2026-09-12T17:19:14.7152300+00:00
msudenver,202530,Spring 2025 (View Only),SWKM,5575,32105,043,"Groups, Teams, & Leadership",3.0,3.0,3.0,3,Asynchronous Online,Online,18,13,99,0,,,,none - Online Course ONLINE Online,"Keller,Daiga (primary)",,https://ssb.msudenver.edu/StudentRegistrationSsb/ssb/searchResults/searchResults?txt_term=202530&startDatepicker=&endDatepicker=&uniqueSessionId=dg32cfe1f0fa7d&pageOffset=1500&pageMaxSize=500&sortColumn=subjectDescription&sortDirection=asc,2026-09-12T15:49:28.0943400+00:00,2026-09-12T17:19:14.7152300+00:00
msudenver,202540,Summer 2025 (View Only),BIO,2320,40002,001,Human Anatomy & Physiology II,4.0,4.0,4.0,4,In Person,Main,24,23,99,0,AB,48,46,TR 0940-1210 Science Building 1113 Class ; T 1230-1800 Science Building 2089 Class,"Hays,Clare (primary)",,https://ssb.msudenver.edu/StudentRegistrationSsb/ssb/searchResults/searchResults?txt_term=202540&startDatepicker=&endDatepicker=&uniqueSessionId=dg49b6e966293a&pageOffset=0&pageMaxSize=500&sortColumn=subjectDescription&sortDirection=asc,2026-09-12T15:48:33.4737740+00:00,2026-09-12T17:17:52.8706970+00:00
msudenver,202540,Summer 2025 (View Only),CHE,4310,40075,01V,Biochemistry I,4.0,4.0,4.0,4,In Person,Main,80,11,15,0,,,,TR 0830-1200 Science Building 3079 Class,"McMillan,Andrew (primary)",,https://ssb.msudenver.edu/StudentRegistrationSsb/ssb/searchResults/searchResults?txt_term=202540&startDatepicker=&endDatepicker=&uniqueSessionId=dg49b6e966293a&pageOffset=0&pageMaxSize=500&sortColumn=subjectDescription&sortDirection=asc,2026-09-12T15:48:33.4737740+00:00,2026-09-12T17:17:52.8706970+00:00
msudenver,202540,Summer 2025 (View Only),ENG,1010,40121,001,Composing Arguments,3.0,3.0,3.0,3,Asynchronous Online,Online,22,18,15,0,,,,none - Online Course ONLINE Online,"Forcier,Emily (primary)",,https://ssb.msudenver.edu/StudentRegistrationSsb/ssb/searchResults/searchResults?txt_term=202540&startDatepicker=&endDatepicker=&uniqueSessionId=dg49b6e966293a&pageOffset=0&pageMaxSize=500&sortColumn=subjectDescription&sortDirection=asc,2026-09-12T15:48:33.4737740+00:00,2026-09-12T17:17:52.8706970+00:00
msudenver,202540,Summer 2025 (View Only),MGT,3000,40042,003,Organizational Management,3.0,3.0,3.0,3,Asynchronous Online,Online,36,35,0,0,,,,none - Online Course ONLINE Online,"Reese,Richard (primary)",,https://ssb.msudenver.edu/StudentRegistrationSsb/ssb/searchResults/searchResults?txt_term=202540&startDatepicker=&endDatepicker=&uniqueSessionId=dg49b6e966293a&pageOffset=0&pageMaxSize=500&sortColumn=subjectDescription&sortDirection=asc,2026-09-12T15:48:33.4737740+00:00,2026-09-12T17:17:52.8706970+00:00
msudenver,202540,Summer 2025 (View Only),MKT,3750,40241,001,Multicultural Marketing,3.0,3.0,3.0,3,Asynchronous Online,Online,33,31,10,0,,,,none - Online Course ONLINE Online,"Flores,Felix (primary)",,https://ssb.msudenver.edu/StudentRegistrationSsb/ssb/searchResults/searchResults?txt_term=202540&startDatepicker=&endDatepicker=&uniqueSessionId=dg49b6e966293a&pageOffset=0&pageMaxSize=500&sortColumn=subjectDescription&sortDirection=asc,2026-09-12T15:48:33.4737740+00:00,2026-09-12T17:17:52.8706970+00:00
msudenver,202550,Fall 2025 (View Only),BIO,2400,50144,005,General Microbiology,5.0,5.0,5.0,5,Hybrid In Person,Main,24,19,99,0,,,,T 1200-1350 Cherry Creek 235 Class ; T 1430-1620 Science Building 2102 Class ; none - Online Course ONLINE Online,"Delventhal,Kayla (primary)",,https://ssb.msudenver.edu/StudentRegistrationSsb/ssb/searchResults/searchResults?txt_term=202550&startDatepicker=&endDatepicker=&uniqueSessionId=dgc6333b8d7139&pageOffset=0&pageMaxSize=500&sortColumn=subjectDescription&sortDirection=asc,2026-09-12T15:46:34.8975730+00:00,2026-09-12T17:17:31.4236610+00:00
msudenver,202550,Fall 2025 (View Only),BUS,1950,52724,011,Business Communication,3.0,3.0,3.0,3,Asynchronous Online,Online,34,32,10,0,,,,none - Online Course ONLINE Online,"Marquez,Ruth (primary)",,https://ssb.msudenver.edu/StudentRegistrationSsb/ssb/searchResults/searchResults?txt_term=202550&startDatepicker=&endDatepicker=&uniqueSessionId=dgc6333b8d7139&pageOffset=500&pageMaxSize=500&sortColumn=subjectDescription&sortDirection=asc,2026-09-12T15:46:45.6082110+00:00,2026-09-12T17:17:31.4236610+00:00
msudenver,202550,Fall 2025 (View Only),ENG,1010,54409,064,Composing Arguments,3.0,3.0,3.0,3,Asynchronous Online,Online,22,19,15,0,,,,none - Online Course ONLINE Online,"Cullen,Lissa (primary)",,https://ssb.msudenver.edu/StudentRegistrationSsb/ssb/searchResults/searchResults?txt_term=202550&startDatepicker=&endDatepicker=&uniqueSessionId=dgc6333b8d7139&pageOffset=1000&pageMaxSize=500&sortColumn=subjectDescription&sortDirection=asc,2026-09-12T15:46:57.4295470+00:00,2026-09-12T17:17:31.4236610+00:00
msudenver,202550,Fall 2025 (View Only),EXS,3841,53363,003,Comparative Fitness Programs,3.0,3.0,3.0,3,Hybrid In Person,Main,16,16,99,0,,,,W 1600-1850 Physical Education Building 208 Class ; W 1600-1850 Online Course ONLINE Online,"Quatrochi,Joseph (primary)",,https://ssb.msudenver.edu/StudentRegistrationSsb/ssb/searchResults/searchResults?txt_term=202550&startDatepicker=&endDatepicker=&uniqueSessionId=dgc6333b8d7139&pageOffset=1000&pageMaxSize=500&sortColumn=subjectDescription&sortDirection=asc,2026-09-12T15:46:57.4295470+00:00,2026-09-12T17:17:31.4236610+00:00
msudenver,202550,Fall 2025 (View Only),GEG,1000,51207,002,World Regional Geography,3.0,3.0,3.0,3,Asynchronous Online,Online,35,30,99,0,,,,none - Online Course ONLINE Online,"Brady,Sylvia (primary)",,https://ssb.msudenver.edu/StudentRegistrationSsb/ssb/searchResults/searchResults?txt_term=202550&startDatepicker=&endDatepicker=&uniqueSessionId=dgc6333b8d7139&pageOffset=1500&pageMaxSize=500&sortColumn=subjectDescription&sortDirection=asc,2026-09-12T15:47:09.3220490+00:00,2026-09-12T17:17:31.4236610+00:00
msudenver,202550,Fall 2025 (View Only),MAT,0300,54003,04L,Algebraic Literacy      CCD,4.0,4.0,4.0,4,In Person,Main,10,8,5,0,,,,MW 1330-1545 Confluence Building 210 Class,,,https://ssb.msudenver.edu/StudentRegistrationSsb/ssb/searchResults/searchResults?txt_term=202550&startDatepicker=&endDatepicker=&uniqueSessionId=dgc6333b8d7139&pageOffset=500&pageMaxSize=500&sortColumn=subjectDescription&sortDirection=asc,2026-09-12T15:46:45.6082110+00:00,2026-09-12T17:17:31.4236610+00:00
msudenver,202550,Fall 2025 (View Only),MUS,473O,52187,001,Oboe Performance VII,3.0,3.0,3.0,3,In Person,Main,10,0,99,0,,,,W 1430-1520 King Center  Class,"Simpson,Kathryn (primary)",,https://ssb.msudenver.edu/StudentRegistrationSsb/ssb/searchResults/searchResults?txt_term=202550&startDatepicker=&endDatepicker=&uniqueSessionId=dgc6333b8d7139&pageOffset=2500&pageMaxSize=500&sortColumn=subjectDescription&sortDirection=asc,2026-09-12T15:48:06.4811920+00:00,2026-09-12T17:17:31.4236610+00:00
msudenver,202630,Spring 2026 (View Only),AES,3040,32808,001,Unm. A/C Sys Data Coll and Anl,4.0,4.0,4.0,4,Hybrid In Person,Main,16,6,99,0,,,,MW 1200-1315 Seventh Street Building 126A Class ; MW - Online Course ONLINE Online,"Phinney,Casey (primary)",,https://ssb.msudenver.edu/StudentRegistrationSsb/ssb/searchResults/searchResults?txt_term=202630&startDatepicker=&endDatepicker=&uniqueSessionId=dgde10be7e3f26&pageOffset=0&pageMaxSize=500&sortColumn=subjectDescription&sortDirection=asc,2026-09-12T15:45:11.6106660+00:00,2026-09-12T17:15:32.2105840+00:00
msudenver,202630,Spring 2026 (View Only),ARTH,1500,30634,001,Art and Visual Literacy,3.0,3.0,3.0,3,Asynchronous Online,Online,30,29,99,0,,,,none - Online Course ONLINE Online,"Mollenhauer,Jill (primary)",,https://ssb.msudenver.edu/StudentRegistrationSsb/ssb/searchResults/searchResults?txt_term=202630&startDatepicker=&endDatepicker=&uniqueSessionId=dgde10be7e3f26&pageOffset=0&pageMaxSize=500&sortColumn=subjectDescription&sortDirection=asc,2026-09-12T15:45:11.6106660+00:00,2026-09-12T17:15:32.2105840+00:00
msudenver,202630,Spring 2026 (View Only),ASL,1010,34195,004,American Sign Language I,3.0,3.0,3.0,3,Asynchronous Online,Online,25,16,99,0,,,,none - Online Course ONLINE Online,"Harris,Kimberly (primary)",,https://ssb.msudenver.edu/StudentRegistrationSsb/ssb/searchResults/searchResults?txt_term=202630&startDatepicker=&endDatepicker=&uniqueSessionId=dgde10be7e3f26&pageOffset=0&pageMaxSize=500&sortColumn=subjectDescription&sortDirection=asc,2026-09-12T15:45:11.6106660+00:00,2026-09-12T17:15:32.2105840+00:00
msudenver,202630,Spring 2026 (View Only),BUS,1850,32303,012,Introduction to Business,3.0,3.0,3.0,3,Asynchronous Online,Online,31,29,10,0,,,,none - Online Course ONLINE Online,"Wilson,Joshua (primary)",,https://ssb.msudenver.edu/StudentRegistrationSsb/ssb/searchResults/searchResults?txt_term=202630&startDatepicker=&endDatepicker=&uniqueSessionId=dgde10be7e3f26&pageOffset=0&pageMaxSize=500&sortColumn=subjectDescription&sortDirection=asc,2026-09-12T15:45:11.6106660+00:00,2026-09-12T17:15:32.2105840+00:00
msudenver,202630,Spring 2026 (View Only),DANC,3990,32446,003,Dance Field Experience,,1.0,3.0,1 TO 3,In Person,Main,10,0,99,0,,,,none - Cleo Parker Robinson  Class,"Bernier,Michelle (primary)",,https://ssb.msudenver.edu/StudentRegistrationSsb/ssb/searchResults/searchResults?txt_term=202630&startDatepicker=&endDatepicker=&uniqueSessionId=dgde10be7e3f26&pageOffset=1000&pageMaxSize=500&sortColumn=subjectDescription&sortDirection=asc,2026-09-12T15:45:34.8186500+00:00,2026-09-12T17:15:32.2105840+00:00
msudenver,202630,Spring 2026 (View Only),ESS,3110,32321,001,Med Topics for Ex Science,3.0,3.0,3.0,3,Hybrid In Person,Main,36,33,99,0,,,,MW 0930-1045 Physical Education Building 212 Class ; MW 0930-1045 Online Course ONLINE Online,"Odell,Christine (primary)",,https://ssb.msudenver.edu/StudentRegistrationSsb/ssb/searchResults/searchResults?txt_term=202630&startDatepicker=&endDatepicker=&uniqueSessionId=dgde10be7e3f26&pageOffset=1000&pageMaxSize=500&sortColumn=subjectDescription&sortDirection=asc,2026-09-12T15:45:34.8186500+00:00,2026-09-12T17:15:32.2105840+00:00
msudenver,202630,Spring 2026 (View Only),HCM,4300,30429,001,Stategic Mgmnt in Health Care,3.0,3.0,3.0,3,Asynchronous Online,Online,30,26,99,0,,,,none - Online Course ONLINE Online,"Richers Maruyama,Tracey (primary)",,https://ssb.msudenver.edu/StudentRegistrationSsb/ssb/searchResults/searchResults?txt_term=202630&startDatepicker=&endDatepicker=&uniqueSessionId=dgde10be7e3f26&pageOffset=1500&pageMaxSize=500&sortColumn=subjectDescription&sortDirection=asc,2026-09-12T15:45:46.3834540+00:00,2026-09-12T17:15:32.2105840+00:00
msudenver,202630,Spring 2026 (View Only),HIS,1150,30677,032,Race in U.S. History,3.0,3.0,3.0,3,Asynchronous Online,Online,28,23,20,0,,,,none - Online Course ONLINE Online,"Everett,Derek (primary)",,https://ssb.msudenver.edu/StudentRegistrationSsb/ssb/searchResults/searchResults?txt_term=202630&startDatepicker=&endDatepicker=&uniqueSessionId=dgde10be7e3f26&pageOffset=1500&pageMaxSize=500&sortColumn=subjectDescription&sortDirection=asc,2026-09-12T15:45:46.3834540+00:00,2026-09-12T17:15:32.2105840+00:00
msudenver,202630,Spring 2026 (View Only),HIS,4020,30476,001,Fld Exp Tchg Soc Stud 2nd Schl,1.0,1.0,1.0,1,In Person,Main,20,5,20,0,,,,"none - Field Exp, Pract., Intern.","Laugen,Todd (primary)",,https://ssb.msudenver.edu/StudentRegistrationSsb/ssb/searchResults/searchResults?txt_term=202630&startDatepicker=&endDatepicker=&uniqueSessionId=dgde10be7e3f26&pageOffset=1500&pageMaxSize=500&sortColumn=subjectDescription&sortDirection=asc,2026-09-12T15:45:46.3834540+00:00,2026-09-12T17:15:32.2105840+00:00
msudenver,202630,Spring 2026 (View Only),MET,1010,31303,004,Manufacturing Processes,3.0,3.0,3.0,3,In Person,Main,16,16,99,0,,,,T 1400-1550 King Center 203 Class ; R 1400-1550 Aerospace and Engineering Sci. 165 Class,"Lee,Yishi (primary)",,https://ssb.msudenver.edu/StudentRegistrationSsb/ssb/searchResults/searchResults?txt_term=202630&startDatepicker=&endDatepicker=&uniqueSessionId=dgde10be7e3f26&pageOffset=2000&pageMaxSize=500&sortColumn=subjectDescription&sortDirection=asc,2026-09-12T15:45:57.5103580+00:00,2026-09-12T17:15:32.2105840+00:00
msudenver,202630,Spring 2026 (View Only),MKT,3000,30325,011,Principles of Marketing,3.0,3.0,3.0,3,Asynchronous Online,Online,31,28,10,0,,,,none - Online Course ONLINE Online,"Jackowski,Mick (primary)",,https://ssb.msudenver.edu/StudentRegistrationSsb/ssb/searchResults/searchResults?txt_term=202630&startDatepicker=&endDatepicker=&uniqueSessionId=dgde10be7e3f26&pageOffset=1500&pageMaxSize=500&sortColumn=subjectDescription&sortDirection=asc,2026-09-12T15:45:46.3834540+00:00,2026-09-12T17:15:32.2105840+00:00
msudenver,202630,Spring 2026 (View Only),MTL,3600,30254,001,Mathematics of Elem Curriculum,3.0,3.0,3.0,3,In Person,Main,35,13,99,0,,,,TR 1230-1345 Science Building 1015 Class,"Koester,Mark (primary)",,https://ssb.msudenver.edu/StudentRegistrationSsb/ssb/searchResults/searchResults?txt_term=202630&startDatepicker=&endDatepicker=&uniqueSessionId=dgde10be7e3f26&pageOffset=2000&pageMaxSize=500&sortColumn=subjectDescription&sortDirection=asc,2026-09-12T15:45:57.5103580+00:00,2026-09-12T17:15:32.2105840+00:00
msudenver,202630,Spring 2026 (View Only),MUS,374A,31716,002,Voice Performance VI,3.0,3.0,3.0,3,In Person,Main,10,0,99,0,,,,W 1430-1520 King Center  Class,"Roberts,Gene (primary)",,https://ssb.msudenver.edu/StudentRegistrationSsb/ssb/searchResults/searchResults?txt_term=202630&startDatepicker=&endDatepicker=&uniqueSessionId=dgde10be7e3f26&pageOffset=2500&pageMaxSize=500&sortColumn=subjectDescription&sortDirection=asc,2026-09-12T15:46:10.2096910+00:00,2026-09-12T17:15:32.2105840+00:00
msudenver,202630,Spring 2026 (View Only),MUS,374F,31723,001,Violin Performance VI,3.0,3.0,3.0,3,In Person,Main,10,0,99,0,,,,W 1430-1520 King Center  Class,"Ficsor,Philip (primary)",,https://ssb.msudenver.edu/StudentRegistrationSsb/ssb/searchResults/searchResults?txt_term=202630&startDatepicker=&endDatepicker=&uniqueSessionId=dgde10be7e3f26&pageOffset=2500&pageMaxSize=500&sortColumn=subjectDescription&sortDirection=asc,2026-09-12T15:46:10.2096910+00:00,2026-09-12T17:15:32.2105840+00:00
msudenver,202630,Spring 2026 (View Only),MUS,474L,30967,001,Jazz Guitar Performance VIII,3.0,3.0,3.0,3,In Person,Main,10,0,99,0,,,,M 1430-1520 Kalamath Building  Class,"Devine,David (primary)",,https://ssb.msudenver.edu/StudentRegistrationSsb/ssb/searchResults/searchResults?txt_term=202630&startDatepicker=&endDatepicker=&uniqueSessionId=dgde10be7e3f26&pageOffset=2500&pageMaxSize=500&sortColumn=subjectDescription&sortDirection=asc,2026-09-12T15:46:10.2096910+00:00,2026-09-12T17:15:32.2105840+00:00
msudenver,202630,Spring 2026 (View Only),MUS,4950,34304,002,Senior Project,3.0,3.0,3.0,3,In Person,Main,10,1,0,0,,,,none - King Center  Class,"Macy,Elizabeth (primary)",,https://ssb.msudenver.edu/StudentRegistrationSsb/ssb/searchResults/searchResults?txt_term=202630&startDatepicker=&endDatepicker=&uniqueSessionId=dgde10be7e3f26&pageOffset=2500&pageMaxSize=500&sortColumn=subjectDescription&sortDirection=asc,2026-09-12T15:46:10.2096910+00:00,2026-09-12T17:15:32.2105840+00:00
msudenver,202630,Spring 2026 (View Only),PSY,3260,31080,002,The Psychology of Adolescence,3.0,3.0,3.0,3,Asynchronous Online,Online,35,33,99,0,,,,none - Online Course ONLINE Online,"Flournoy,Jane (primary)",,https://ssb.msudenver.edu/StudentRegistrationSsb/ssb/searchResults/searchResults?txt_term=202630&startDatepicker=&endDatepicker=&uniqueSessionId=dgde10be7e3f26&pageOffset=3000&pageMaxSize=500&sortColumn=subjectDescription&sortDirection=asc,2026-09-12T15:46:18.7355560+00:00,2026-09-12T17:15:32.2105840+00:00
msudenver,202630,Spring 2026 (View Only),RST,1200,32204,001,Basic Cooking Skills,3.0,3.0,3.0,3,In Person,Main,18,17,99,0,,,,T 1100-1350 Hospitality & Learning Center 106 Class,"Wilson,Patty (primary)",,https://ssb.msudenver.edu/StudentRegistrationSsb/ssb/searchResults/searchResults?txt_term=202630&startDatepicker=&endDatepicker=&uniqueSessionId=dgde10be7e3f26&pageOffset=3000&pageMaxSize=500&sortColumn=subjectDescription&sortDirection=asc,2026-09-12T15:46:18.7355560+00:00,2026-09-12T17:15:32.2105840+00:00
msudenver,202630,Spring 2026 (View Only),SM,4350,32091,002,Sport Analytics,3.0,3.0,3.0,3,Asynchronous Online,Main,37,35,99,0,,,,none - Online Course ONLINE Online,"Allen,Cody (primary)",,https://ssb.msudenver.edu/StudentRegistrationSsb/ssb/searchResults/searchResults?txt_term=202630&startDatepicker=&endDatepicker=&uniqueSessionId=dgde10be7e3f26&pageOffset=3000&pageMaxSize=500&sortColumn=subjectDescription&sortDirection=asc,2026-09-12T15:46:18.7355560+00:00,2026-09-12T17:15:32.2105840+00:00
msudenver,202630,Spring 2026 (View Only),SPA,1020,31625,001,Elementary Spanish II,5.0,5.0,5.0,5,In Person,Main,25,21,99,0,,,,TR 1230-1345 Plaza Building 306 Class,"Gallagher,Wendy (primary)",,https://ssb.msudenver.edu/StudentRegistrationSsb/ssb/searchResults/searchResults?txt_term=202630&startDatepicker=&endDatepicker=&uniqueSessionId=dgde10be7e3f26&pageOffset=3000&pageMaxSize=500&sortColumn=subjectDescription&sortDirection=asc,2026-09-12T15:46:18.7355560+00:00,2026-09-12T17:15:32.2105840+00:00
msudenver,202630,Spring 2026 (View Only),SWKM,6450,33900,040,Adv Clinical Social Work,3.0,3.0,3.0,3,Asynchronous Online,Online,18,15,99,0,,,,none - Online Course ONLINE Online,"Taylor,Adrianna (primary)",,https://ssb.msudenver.edu/StudentRegistrationSsb/ssb/searchResults/searchResults?txt_term=202630&startDatepicker=&endDatepicker=&uniqueSessionId=dgde10be7e3f26&pageOffset=1500&pageMaxSize=500&sortColumn=subjectDescription&sortDirection=asc,2026-09-12T15:45:46.3834540+00:00,2026-09-12T17:15:32.2105840+00:00
msudenver,202640,Summer 2026 (View Only),ACC,2020,40103,001,Principles of Accounting II,3.0,3.0,3.0,3,Asynchronous Online,Online,30,22,99,0,,,,none - Online Course ONLINE Online,"Busila,Angela (primary)",,https://ssb.msudenver.edu/StudentRegistrationSsb/ssb/searchResults/searchResults?txt_term=202640&startDatepicker=&endDatepicker=&uniqueSessionId=dg50b4a2c9cbe4&pageOffset=0&pageMaxSize=500&sortColumn=subjectDescription&sortDirection=asc,2026-09-12T15:44:50.3908450+00:00,2026-09-12T17:14:09.0492140+00:00
msudenver,202640,Summer 2026 (View Only),ENG,1020,40017,004,Research and Argument Writing,3.0,3.0,3.0,3,Asynchronous Online,Online,22,18,15,0,,,,none - Online Course ONLINE Online,"Comcowich,Kelly (primary)",,https://ssb.msudenver.edu/StudentRegistrationSsb/ssb/searchResults/searchResults?txt_term=202640&startDatepicker=&endDatepicker=&uniqueSessionId=dg50b4a2c9cbe4&pageOffset=0&pageMaxSize=500&sortColumn=subjectDescription&sortDirection=asc,2026-09-12T15:44:50.3908450+00:00,2026-09-12T17:14:09.0492140+00:00
msudenver,202640,Summer 2026 (View Only),ENG,1020,40507,011,Research and Argument Writing,3.0,3.0,3.0,3,Asynchronous Online,Online,22,17,15,0,,,,none - Online Course ONLINE Online,"Cullen,Lissa (primary)",,https://ssb.msudenver.edu/StudentRegistrationSsb/ssb/searchResults/searchResults?txt_term=202640&startDatepicker=&endDatepicker=&uniqueSessionId=dg50b4a2c9cbe4&pageOffset=0&pageMaxSize=500&sortColumn=subjectDescription&sortDirection=asc,2026-09-12T15:44:50.3908450+00:00,2026-09-12T17:14:09.0492140+00:00
msudenver,202640,Summer 2026 (View Only),IND,390T,40800,001,AI in Design,3.0,3.0,3.0,3,Synchronous Online,Main,20,9,63,0,,,,TR 1600-2100 Online Course ONLINE Online,"Golenz,Douglas (primary)",,https://ssb.msudenver.edu/StudentRegistrationSsb/ssb/searchResults/searchResults?txt_term=202640&startDatepicker=&endDatepicker=&uniqueSessionId=dg50b4a2c9cbe4&pageOffset=0&pageMaxSize=500&sortColumn=subjectDescription&sortDirection=asc,2026-09-12T15:44:50.3908450+00:00,2026-09-12T17:14:09.0492140+00:00
msudenver,202640,Summer 2026 (View Only),LANG,3950,40705,STA,"VT: Self,Europe,Camino de Stgo",6.0,6.0,6.0,6,Study Abroad,Innovative & Lifelong Learning,25,13,0,0,,,,none - Off Campus Location  Study Abroad,"MacDonald,Lunden (primary)",,https://ssb.msudenver.edu/StudentRegistrationSsb/ssb/searchResults/searchResults?txt_term=202640&startDatepicker=&endDatepicker=&uniqueSessionId=dg50b4a2c9cbe4&pageOffset=500&pageMaxSize=500&sortColumn=subjectDescription&sortDirection=asc,2026-09-12T15:44:54.2589070+00:00,2026-09-12T17:14:09.0492140+00:00
msudenver,202640,Summer 2026 (View Only),PSY,3980,40391,001,Internship in Psychology,,1.0,3.0,1 TO 3,Asynchronous Online,Online,10,3,99,0,AE,30,16,none - Online Course ONLINE Online,"Hernandez,Jovan (primary)",,https://ssb.msudenver.edu/StudentRegistrationSsb/ssb/searchResults/searchResults?txt_term=202640&startDatepicker=&endDatepicker=&uniqueSessionId=dg50b4a2c9cbe4&pageOffset=500&pageMaxSize=500&sortColumn=subjectDescription&sortDirection=asc,2026-09-12T15:44:54.2589070+00:00,2026-09-12T17:14:09.0492140+00:00
msudenver,202640,Summer 2026 (View Only),SLHS,5240,40477,001,Fluency Disorders,2.0,2.0,2.0,2,Hybrid In Person,Main,25,25,99,0,,,,R 1000-1135 Plaza Building 310 Class,"Pollard,Ryan (primary)",,https://ssb.msudenver.edu/StudentRegistrationSsb/ssb/searchResults/searchResults?txt_term=202640&startDatepicker=&endDatepicker=&uniqueSessionId=dg50b4a2c9cbe4&pageOffset=500&pageMaxSize=500&sortColumn=subjectDescription&sortDirection=asc,2026-09-12T15:44:54.2589070+00:00,2026-09-12T17:14:09.0492140+00:00
msudenver,202640,Summer 2026 (View Only),SWK,3350,40844,040,SWK Experience,3.0,3.0,3.0,3,Asynchronous Online,Online,3,3,0,0,,,,none - Online Course ONLINE Online,"Decker,Barbara (primary)",,https://ssb.msudenver.edu/StudentRegistrationSsb/ssb/searchResults/searchResults?txt_term=202640&startDatepicker=&endDatepicker=&uniqueSessionId=dg50b4a2c9cbe4&pageOffset=500&pageMaxSize=500&sortColumn=subjectDescription&sortDirection=asc,2026-09-12T15:44:54.2589070+00:00,2026-09-12T17:14:09.0492140+00:00
msudenver,202650,Fall 2026,ACCM,5400,51196,001,Strategic Cost Management,3.0,3.0,3.0,3,Asynchronous Online,Online,30,21,99,0,,,,none - Online Course ONLINE Online,"Pleis,Letitia (primary)",,https://ssb.msudenver.edu/StudentRegistrationSsb/ssb/searchResults/searchResults?txt_term=202650&startDatepicker=&endDatepicker=&uniqueSessionId=dgf9bd1cbc8ac6&pageOffset=1500&pageMaxSize=500&sortColumn=subjectDescription&sortDirection=asc,2026-09-12T15:44:00.3542400+00:00,2026-09-12T17:13:47.9353890+00:00
msudenver,202650,Fall 2026,AES,3520,51850,001,Comm Single-Engine Flight Lab,2.0,2.0,2.0,2,In Person,Main,200,34,99,0,,,,"none - Off Campus Location  Field Exp, Pract., Intern.","Kendall,Chad (primary)",,https://ssb.msudenver.edu/StudentRegistrationSsb/ssb/searchResults/searchResults?txt_term=202650&startDatepicker=&endDatepicker=&uniqueSessionId=dgf9bd1cbc8ac6&pageOffset=0&pageMaxSize=500&sortColumn=subjectDescription&sortDirection=asc,2026-09-12T15:43:25.4953310+00:00,2026-09-12T17:13:47.9353890+00:00
msudenver,202650,Fall 2026,AES,4860,51887,002,Aviation Safety,3.0,3.0,3.0,3,Asynchronous Online,Online,35,31,99,0,,,,none - Online Course ONLINE Online,"Lyle,Donald (primary)",,https://ssb.msudenver.edu/StudentRegistrationSsb/ssb/searchResults/searchResults?txt_term=202650&startDatepicker=&endDatepicker=&uniqueSessionId=dgf9bd1cbc8ac6&pageOffset=0&pageMaxSize=500&sortColumn=subjectDescription&sortDirection=asc,2026-09-12T15:43:25.4953310+00:00,2026-09-12T17:13:47.9353890+00:00
msudenver,202650,Fall 2026,BIO,1000,51412,009,Human Biology for Non-Majors,3.0,3.0,3.0,3,Asynchronous Online,Online,44,41,0,0,,,,none - Online Course ONLINE Online,"Haefele,Mark (primary)",,https://ssb.msudenver.edu/StudentRegistrationSsb/ssb/searchResults/searchResults?txt_term=202650&startDatepicker=&endDatepicker=&uniqueSessionId=dgf9bd1cbc8ac6&pageOffset=0&pageMaxSize=500&sortColumn=subjectDescription&sortDirection=asc,2026-09-12T15:43:25.4953310+00:00,2026-09-12T17:13:47.9353890+00:00
msudenver,202650,Fall 2026,COMM,1100,51324,032,Fundamentals of Oral Comm,3.0,3.0,3.0,3,Asynchronous Online,Online,30,28,99,0,,,,none - Online Course ONLINE Online,"Mukherjee,Parameswari (primary)",,https://ssb.msudenver.edu/StudentRegistrationSsb/ssb/searchResults/searchResults?txt_term=202650&startDatepicker=&endDatepicker=&uniqueSessionId=dgf9bd1cbc8ac6&pageOffset=500&pageMaxSize=500&sortColumn=subjectDescription&sortDirection=asc,2026-09-12T15:43:36.3423870+00:00,2026-09-12T17:13:47.9353890+00:00
msudenver,202650,Fall 2026,COMM,1100,52324,035,Fundamentals of Oral Comm,3.0,3.0,3.0,3,Asynchronous Online,Online,30,27,99,0,,,,none - Online Course ONLINE Online,"Lair,Danielle (primary)",,https://ssb.msudenver.edu/StudentRegistrationSsb/ssb/searchResults/searchResults?txt_term=202650&startDatepicker=&endDatepicker=&uniqueSessionId=dgf9bd1cbc8ac6&pageOffset=500&pageMaxSize=500&sortColumn=subjectDescription&sortDirection=asc,2026-09-12T15:43:36.3423870+00:00,2026-09-12T17:13:47.9353890+00:00
msudenver,202650,Fall 2026,ECE,3140,52441,001,Math and Science: Birth - 5,3.0,3.0,3.0,3,In Person,Main,25,24,99,0,,,,T 1400-1650 West Classroom Building 143 Class,"Shapland,Dorothy (primary)",,https://ssb.msudenver.edu/StudentRegistrationSsb/ssb/searchResults/searchResults?txt_term=202650&startDatepicker=&endDatepicker=&uniqueSessionId=dgf9bd1cbc8ac6&pageOffset=1000&pageMaxSize=500&sortColumn=subjectDescription&sortDirection=asc,2026-09-12T15:43:48.1921700+00:00,2026-09-12T17:13:47.9353890+00:00
msudenver,202650,Fall 2026,ENG,1010,54570,068,Composing Arguments,3.0,3.0,3.0,3,Asynchronous Online,Online,22,20,15,0,,,,none - Online Course ONLINE Online,"Battistelli,Todd (primary)",,https://ssb.msudenver.edu/StudentRegistrationSsb/ssb/searchResults/searchResults?txt_term=202650&startDatepicker=&endDatepicker=&uniqueSessionId=dgf9bd1cbc8ac6&pageOffset=1000&pageMaxSize=500&sortColumn=subjectDescription&sortDirection=asc,2026-09-12T15:43:48.1921700+00:00,2026-09-12T17:13:47.9353890+00:00
msudenver,202650,Fall 2026,ENG,3525,52802,001,Scholarly Writing,3.0,3.0,3.0,3,Asynchronous Online,Online,22,22,10,0,,,,none - Online Course ONLINE Online,"Parker,Jessica (primary)",,https://ssb.msudenver.edu/StudentRegistrationSsb/ssb/searchResults/searchResults?txt_term=202650&startDatepicker=&endDatepicker=&uniqueSessionId=dgf9bd1cbc8ac6&pageOffset=1000&pageMaxSize=500&sortColumn=subjectDescription&sortDirection=asc,2026-09-12T15:43:48.1921700+00:00,2026-09-12T17:13:47.9353890+00:00
msudenver,202650,Fall 2026,ENG,463A,53888,001,VT Cinema Director: Hitchcock,4.0,4.0,4.0,4,Asynchronous Online,Online,26,17,10,0,,,,none - Online Course ONLINE Online,"Piturro,Vincent (primary)",,https://ssb.msudenver.edu/StudentRegistrationSsb/ssb/searchResults/searchResults?txt_term=202650&startDatepicker=&endDatepicker=&uniqueSessionId=dgf9bd1cbc8ac6&pageOffset=1000&pageMaxSize=500&sortColumn=subjectDescription&sortDirection=asc,2026-09-12T15:43:48.1921700+00:00,2026-09-12T17:13:47.9353890+00:00
msudenver,202650,Fall 2026,ENV,3422,51506,001,Methods of Soil Analysis,1.0,1.0,1.0,1,In Person,Main,22,21,99,0,45,26,23,T 1000-1150 Science Building 2008 Class,"Schliemann,Sarah (primary)",,https://ssb.msudenver.edu/StudentRegistrationSsb/ssb/searchResults/searchResults?txt_term=202650&startDatepicker=&endDatepicker=&uniqueSessionId=dgf9bd1cbc8ac6&pageOffset=1000&pageMaxSize=500&sortColumn=subjectDescription&sortDirection=asc,2026-09-12T15:43:48.1921700+00:00,2026-09-12T17:13:47.9353890+00:00
msudenver,202650,Fall 2026,HLDR,1040,52362,001,Hospitality & Tourism Tech,3.0,3.0,3.0,3,Asynchronous Online,Online,36,34,99,0,,,,none - Online Course ONLINE Online,"Aghbashian,Sam (primary)",,https://ssb.msudenver.edu/StudentRegistrationSsb/ssb/searchResults/searchResults?txt_term=202650&startDatepicker=&endDatepicker=&uniqueSessionId=dgf9bd1cbc8ac6&pageOffset=1500&pageMaxSize=500&sortColumn=subjectDescription&sortDirection=asc,2026-09-12T15:44:00.3542400+00:00,2026-09-12T17:13:47.9353890+00:00
msudenver,202650,Fall 2026,MGT,2210,50331,002,Legal Environment of Bus I,3.0,3.0,3.0,3,In Person,Main,33,33,30,0,,,,MW 1400-1520 Administration Building 220 Class,"Clark,Michele (primary)",,https://ssb.msudenver.edu/StudentRegistrationSsb/ssb/searchResults/searchResults?txt_term=202650&startDatepicker=&endDatepicker=&uniqueSessionId=dgf9bd1cbc8ac6&pageOffset=1500&pageMaxSize=500&sortColumn=subjectDescription&sortDirection=asc,2026-09-12T15:44:00.3542400+00:00,2026-09-12T17:13:47.9353890+00:00
msudenver,202650,Fall 2026,MTH,1101,51066,01A,College Algebra for Calc Lab,1.0,1.0,1.0,1,In Person,Main,12,12,99,0,,,,MW 1100-1150 Science Building 3005 Class,"Azeem,Sumbal (primary)",,https://ssb.msudenver.edu/StudentRegistrationSsb/ssb/searchResults/searchResults?txt_term=202650&startDatepicker=&endDatepicker=&uniqueSessionId=dgf9bd1cbc8ac6&pageOffset=2000&pageMaxSize=500&sortColumn=subjectDescription&sortDirection=asc,2026-09-12T15:44:11.9618850+00:00,2026-09-12T17:13:47.9353890+00:00
msudenver,202650,Fall 2026,MUS,172A,52336,001,Private Voice II,2.0,2.0,2.0,2,In Person,Main,10,2,99,0,,,,W 1430-1520 King Center  Class,"Thompson,Bradley (primary)",,https://ssb.msudenver.edu/StudentRegistrationSsb/ssb/searchResults/searchResults?txt_term=202650&startDatepicker=&endDatepicker=&uniqueSessionId=dgf9bd1cbc8ac6&pageOffset=2000&pageMaxSize=500&sortColumn=subjectDescription&sortDirection=asc,2026-09-12T15:44:11.9618850+00:00,2026-09-12T17:13:47.9353890+00:00
msudenver,202650,Fall 2026,MUS,274B,52015,002,Piano Performance IV,3.0,3.0,3.0,3,In Person,Main,10,1,99,0,,,,M 1430-1520 King Center  Class,"Friesen,Peter (primary)",,https://ssb.msudenver.edu/StudentRegistrationSsb/ssb/searchResults/searchResults?txt_term=202650&startDatepicker=&endDatepicker=&uniqueSessionId=dgf9bd1cbc8ac6&pageOffset=2500&pageMaxSize=500&sortColumn=subjectDescription&sortDirection=asc,2026-09-12T15:44:23.5493390+00:00,2026-09-12T17:13:47.9353890+00:00
msudenver,202650,Fall 2026,PSY,2120,51011,004,Brain and Behavior,3.0,3.0,3.0,3,Hybrid In Person,Main,35,17,99,0,,,,W 1530-1645 Plaza Building M205 Class ; W 1530-1645 Plaza Building M205 Class ; W 1530-1645 Plaza Building M205 Class ; W 1530-1645 Plaza Building M205 Class ; W 1530-1645 Plaza Building M205 Class ; W - Class ; none - Online Course ONLINE Online,"Matthews,Alex (primary)",,https://ssb.msudenver.edu/StudentRegistrationSsb/ssb/searchResults/searchResults?txt_term=202650&startDatepicker=&endDatepicker=&uniqueSessionId=dgf9bd1cbc8ac6&pageOffset=3000&pageMaxSize=500&sortColumn=subjectDescription&sortDirection=asc,2026-09-12T15:44:34.5288650+00:00,2026-09-12T17:13:47.9353890+00:00
msudenver,202650,Fall 2026,PSY,2210,52657,006,Psychology Human Development,3.0,3.0,3.0,3,Asynchronous Online,Online,36,32,99,0,,,,none - Online Course ONLINE Online,"Phillips DeZalia,Rebekah (primary)",,https://ssb.msudenver.edu/StudentRegistrationSsb/ssb/searchResults/searchResults?txt_term=202650&startDatepicker=&endDatepicker=&uniqueSessionId=dgf9bd1cbc8ac6&pageOffset=3000&pageMaxSize=500&sortColumn=subjectDescription&sortDirection=asc,2026-09-12T15:44:34.5288650+00:00,2026-09-12T17:13:47.9353890+00:00
msudenver,202650,Fall 2026,PSY,3440,51166,002,Cravings & Addictions,3.0,3.0,3.0,3,Hybrid In Person,Main,35,19,99,0,,,,W 1230-1345 Plaza Building 307B Class ; W 1230-1345 Plaza Building 307B Class ; W 1230-1345 Plaza Building 307B Class ; none - Online Course ONLINE Online,"Hill,Katherine (primary)",,https://ssb.msudenver.edu/StudentRegistrationSsb/ssb/searchResults/searchResults?txt_term=202650&startDatepicker=&endDatepicker=&uniqueSessionId=dgf9bd1cbc8ac6&pageOffset=3000&pageMaxSize=500&sortColumn=subjectDescription&sortDirection=asc,2026-09-12T15:44:34.5288650+00:00,2026-09-12T17:13:47.9353890+00:00
msudenver,202650,Fall 2026,RST,3110,53930,001,Food Science Lab,2.0,2.0,2.0,2,In Person,Main,18,5,99,0,,,,T 1400-1650 Hospitality & Learning Center 106 Class,"Watson,Jennifer (primary)",,https://ssb.msudenver.edu/StudentRegistrationSsb/ssb/searchResults/searchResults?txt_term=202650&startDatepicker=&endDatepicker=&uniqueSessionId=dgf9bd1cbc8ac6&pageOffset=3000&pageMaxSize=500&sortColumn=subjectDescription&sortDirection=asc,2026-09-12T15:44:34.5288650+00:00,2026-09-12T17:13:47.9353890+00:00
msudenver,202650,Fall 2026,SOC,3740,53897,001,AI and Society,3.0,3.0,3.0,3,In Person,Main,21,10,0,0,,,,TR 1100-1215 Central Classroom Building 104 Class,"Monson,Melissa (primary)",,https://ssb.msudenver.edu/StudentRegistrationSsb/ssb/searchResults/searchResults?txt_term=202650&startDatepicker=&endDatepicker=&uniqueSessionId=dgf9bd1cbc8ac6&pageOffset=3000&pageMaxSize=500&sortColumn=subjectDescription&sortDirection=asc,2026-09-12T15:44:34.5288650+00:00,2026-09-12T17:13:47.9353890+00:00
msudenver,202650,Fall 2026,SPA,4010,52945,001,Adv Spanish Writ & Grammar I,3.0,3.0,3.0,3,Asynchronous Online,Online,22,21,99,0,,,,none - Online Course ONLINE Online,"MacDonald,Lunden (primary)",,https://ssb.msudenver.edu/StudentRegistrationSsb/ssb/searchResults/searchResults?txt_term=202650&startDatepicker=&endDatepicker=&uniqueSessionId=dgf9bd1cbc8ac6&pageOffset=3000&pageMaxSize=500&sortColumn=subjectDescription&sortDirection=asc,2026-09-12T15:44:34.5288650+00:00,2026-09-12T17:13:47.9353890+00:00
msudenver,202650,Fall 2026,SWKM,6725,53096,044,Advanced Internship Exp I,3.0,3.0,3.0,3,Synchronous Online,Online,12,11,99,0,,,,R 1800-1950 Online Course ONLINE Online,"Bossio,Natasha (primary)",,https://ssb.msudenver.edu/StudentRegistrationSsb/ssb/searchResults/searchResults?txt_term=202650&startDatepicker=&endDatepicker=&uniqueSessionId=dgf9bd1cbc8ac6&pageOffset=2000&pageMaxSize=500&sortColumn=subjectDescription&sortDirection=asc,2026-09-12T15:44:11.9618850+00:00,2026-09-12T17:13:47.9353890+00:00
ucr,202110,Winter 2021 (View Only),BPSC,297,31550,44C,DIRECTED RESEARCH,,1.0,6.0,1 TO 6,In-Person,Riverside,30,0,0,0,,,,none - Research,"Close, Timothy (primary)",,https://registrationssb.ucr.edu/StudentRegistrationSsb/ssb/searchResults/searchResults?txt_term=202110&startDatepicker=&endDatepicker=&uniqueSessionId=dgff4089dc953e&pageOffset=1000&pageMaxSize=500&sortColumn=subjectDescription&sortDirection=asc,2026-09-12T16:14:01.7150580+00:00,2026-09-12T17:41:40.7935490+00:00
ucr,202110,Winter 2021 (View Only),BUS,102,43502,001,ETHICS AND LAW IN BUSINESS AND SOCIETY,,0.0,4.0,0 OR 4,Online,Riverside,300,267,0,0,,,,MWF 0730-0820 Online ONLINE Lecture,"Jasso, Sean (primary)",,https://registrationssb.ucr.edu/StudentRegistrationSsb/ssb/searchResults/searchResults?txt_term=202110&startDatepicker=&endDatepicker=&uniqueSessionId=dgff4089dc953e&pageOffset=1500&pageMaxSize=500&sortColumn=subjectDescription&sortDirection=asc,2026-09-12T16:14:05.9700290+00:00,2026-09-12T17:41:40.7935490+00:00
ucr,202110,Winter 2021 (View Only),CHEM,08LB,43646,023,ORGANIC CHEMISTRY LABORATORY,1.0,1.0,1.0,1,Online,Riverside,15,20,99,0,,,,T 0800-1150 Online ONLINE Laboratory,"Hayashi, Rena ; Casselman, Matthew (primary) ; Pham, Lan",,https://registrationssb.ucr.edu/StudentRegistrationSsb/ssb/searchResults/searchResults?txt_term=202110&startDatepicker=&endDatepicker=&uniqueSessionId=dgff4089dc953e&pageOffset=2500&pageMaxSize=500&sortColumn=subjectDescription&sortDirection=asc,2026-09-12T16:14:15.0551160+00:00,2026-09-12T17:41:40.7935490+00:00
ucr,202110,Winter 2021 (View Only),CS,299,33370,14V,RESEARCH FOR THESIS OR DISSERTATION,,1.0,12.0,1 TO 12,In-Person,Riverside,10,2,0,0,,,,none - Research,"Vahid, Frank (primary)",,https://registrationssb.ucr.edu/StudentRegistrationSsb/ssb/searchResults/searchResults?txt_term=202110&startDatepicker=&endDatepicker=&uniqueSessionId=dgff4089dc953e&pageOffset=3000&pageMaxSize=500&sortColumn=subjectDescription&sortDirection=asc,2026-09-12T16:14:19.2126130+00:00,2026-09-12T17:41:40.7935490+00:00
ucr,202110,Winter 2021 (View Only),DNCE,291,48874,66F,INDIVIDUAL STUDY IN COORDINATED AREAS,,1.0,12.0,1 TO 12,In-Person,Riverside,10,0,0,0,,,,none - Class,"Firmino-Castillo, Maria (primary)",,https://registrationssb.ucr.edu/StudentRegistrationSsb/ssb/searchResults/searchResults?txt_term=202110&startDatepicker=&endDatepicker=&uniqueSessionId=dgff4089dc953e&pageOffset=3000&pageMaxSize=500&sortColumn=subjectDescription&sortDirection=asc,2026-09-12T16:14:19.2126130+00:00,2026-09-12T17:41:40.7935490+00:00
ucr,202110,Winter 2021 (View Only),ECON,105A,43938,024,INTERMEDIATE MACROECONOMIC THEORY,,0.0,5.0,0 OR 5,Online,Riverside,29,26,0,0,,,,T 1700-1750 Online ONLINE Discussion,"Lu, Xinchan (primary)",,https://registrationssb.ucr.edu/StudentRegistrationSsb/ssb/searchResults/searchResults?txt_term=202110&startDatepicker=&endDatepicker=&uniqueSessionId=dgff4089dc953e&pageOffset=3500&pageMaxSize=500&sortColumn=subjectDescription&sortDirection=asc,2026-09-12T16:14:23.1809200+00:00,2026-09-12T17:41:40.7935490+00:00
ucr,202110,Winter 2021 (View Only),EDUC,003,33836,002,IMAGINING TEACHING: SCIENCE/MATHEMATICS EMPHASIS,3.0,3.0,3.0,3,Online,Riverside,33,31,0,0,,,,W 1700-1850 Online ONLINE Lecture,"Bushong, Leslie ; Withey-Smith, Karen (primary)",,https://registrationssb.ucr.edu/StudentRegistrationSsb/ssb/searchResults/searchResults?txt_term=202110&startDatepicker=&endDatepicker=&uniqueSessionId=dgff4089dc953e&pageOffset=3500&pageMaxSize=500&sortColumn=subjectDescription&sortDirection=asc,2026-09-12T16:14:23.1809200+00:00,2026-09-12T17:41:40.7935490+00:00
ucr,202110,Winter 2021 (View Only),ENSC,297,46276,B26,DIRECTED RESEARCH,,1.0,6.0,1 TO 6,In-Person,Riverside,30,1,0,0,,,,none - Research,"Bahreini, Roya (primary)",,https://registrationssb.ucr.edu/StudentRegistrationSsb/ssb/searchResults/searchResults?txt_term=202110&startDatepicker=&endDatepicker=&uniqueSessionId=dgff4089dc953e&pageOffset=4500&pageMaxSize=500&sortColumn=subjectDescription&sortDirection=asc,2026-09-12T16:14:31.1706400+00:00,2026-09-12T17:41:40.7935490+00:00
ucr,202110,Winter 2021 (View Only),GEN,297,35572,22W,DIRECTED RESEARCH,,1.0,6.0,1 TO 6,In-Person,Riverside,30,0,999,0,,,,none - Research,"Walling, Linda (primary)",,https://registrationssb.ucr.edu/StudentRegistrationSsb/ssb/searchResults/searchResults?txt_term=202110&startDatepicker=&endDatepicker=&uniqueSessionId=dgff4089dc953e&pageOffset=5500&pageMaxSize=500&sortColumn=subjectDescription&sortDirection=asc,2026-09-12T16:14:38.8895620+00:00,2026-09-12T17:41:40.7935490+00:00
ucr,202110,Winter 2021 (View Only),LNST,142S,50217,022,LATIN AMERICA:  THE QUEST FOR DEVELOPMENT AND DEMOCRACY,,0.0,5.0,0 OR 5,Online,Riverside,12,12,0,0,DV,27,25,T 1800-1850 Online ONLINE Discussion,,,https://registrationssb.ucr.edu/StudentRegistrationSsb/ssb/searchResults/searchResults?txt_term=202110&startDatepicker=&endDatepicker=&uniqueSessionId=dgff4089dc953e&pageOffset=6000&pageMaxSize=500&sortColumn=subjectDescription&sortDirection=asc,2026-09-12T16:14:44.2741640+00:00,2026-09-12T17:41:40.7935490+00:00
ucr,202110,Winter 2021 (View Only),MCBL,299,37040,M33,RESEARCH FOR THESIS OR DISSERTATION,,1.0,12.0,1 TO 12,In-Person,Riverside,30,0,0,0,,,,none - Research,"Messaoudi Powers, Ilhem (primary)",,https://registrationssb.ucr.edu/StudentRegistrationSsb/ssb/searchResults/searchResults?txt_term=202110&startDatepicker=&endDatepicker=&uniqueSessionId=dgff4089dc953e&pageOffset=7500&pageMaxSize=500&sortColumn=subjectDescription&sortDirection=asc,2026-09-12T16:14:56.8081100+00:00,2026-09-12T17:41:40.7935490+00:00
ucr,202110,Winter 2021 (View Only),NASC,092,49100,012,DISCOVERING FACULTY SEMINAR,1.0,1.0,1.0,1,Online,Riverside,14,14,0,0,,,,W 1100-1150 Online ONLINE Seminar,"Lapan, Sara (primary)",,https://registrationssb.ucr.edu/StudentRegistrationSsb/ssb/searchResults/searchResults?txt_term=202110&startDatepicker=&endDatepicker=&uniqueSessionId=dgff4089dc953e&pageOffset=7500&pageMaxSize=500&sortColumn=subjectDescription&sortDirection=asc,2026-09-12T16:14:56.8081100+00:00,2026-09-12T17:41:40.7935490+00:00
ucr,202110,Winter 2021 (View Only),STAT,048,39928,045,STATISTICS FOR BUSINESS,,0.0,5.0,0 OR 5,Online,Riverside,33,32,0,0,,,,R 0900-0950 Online ONLINE Discussion,"Flores, Analisa ; Kang, Suyeon (primary)",,https://registrationssb.ucr.edu/StudentRegistrationSsb/ssb/searchResults/searchResults?txt_term=202110&startDatepicker=&endDatepicker=&uniqueSessionId=dgff4089dc953e&pageOffset=9500&pageMaxSize=500&sortColumn=subjectDescription&sortDirection=asc,2026-09-12T16:15:13.7448080+00:00,2026-09-12T17:41:40.7935490+00:00
ucr,202120,Spring 2021 (View Only),BIEN,165,62109,021,BIOMOLECULAR ENGINEERING,,0.0,4.0,0 OR 4,Online,Riverside,45,38,0,0,,,,T 1400-1450 Online ONLINE Discussion,"Clark, John (primary)",,https://registrationssb.ucr.edu/StudentRegistrationSsb/ssb/searchResults/searchResults?txt_term=202120&startDatepicker=&endDatepicker=&uniqueSessionId=dg6cb6750657db&pageOffset=500&pageMaxSize=500&sortColumn=subjectDescription&sortDirection=asc,2026-09-12T16:12:28.2959320+00:00,2026-09-12T17:40:13.8235950+00:00
ucr,202120,Spring 2021 (View Only),BIOL,178,67488,003,HORMONES AND BEHAVIOR,,0.0,4.0,0 OR 4,Online,Riverside,25,23,99,0,,,,F 0900-0950 Online ONLINE Discussion,"Acosta, Melina (primary)",,https://registrationssb.ucr.edu/StudentRegistrationSsb/ssb/searchResults/searchResults?txt_term=202120&startDatepicker=&endDatepicker=&uniqueSessionId=dg6cb6750657db&pageOffset=1000&pageMaxSize=500&sortColumn=subjectDescription&sortDirection=asc,2026-09-12T16:12:33.1194780+00:00,2026-09-12T17:40:13.8235950+00:00
ucr,202120,Spring 2021 (View Only),CMDB,250,52524,M18,"SPECIAL TOPICS IN CELL, MOLECULAR, AND DEVELOPMENTAL BIOLOGY",,1.0,2.0,1 TO 2,Online,Riverside,30,0,0,0,,,,none - Online ONLINE Seminar,"Ma, Wenbo (primary)",,https://registrationssb.ucr.edu/StudentRegistrationSsb/ssb/searchResults/searchResults?txt_term=202120&startDatepicker=&endDatepicker=&uniqueSessionId=dg6cb6750657db&pageOffset=2000&pageMaxSize=500&sortColumn=subjectDescription&sortDirection=asc,2026-09-12T16:12:41.2089040+00:00,2026-09-12T17:40:13.8235950+00:00
ucr,202120,Spring 2021 (View Only),CMDB,297,52655,66R,DIRECTED RESEARCH,,1.0,6.0,1 TO 6,In-Person,Riverside,30,0,99,0,,,,none - Research,"Raikhel, Alexander (primary)",,https://registrationssb.ucr.edu/StudentRegistrationSsb/ssb/searchResults/searchResults?txt_term=202120&startDatepicker=&endDatepicker=&uniqueSessionId=dg6cb6750657db&pageOffset=2000&pageMaxSize=500&sortColumn=subjectDescription&sortDirection=asc,2026-09-12T16:12:41.2089040+00:00,2026-09-12T17:40:13.8235950+00:00
ucr,202120,Spring 2021 (View Only),CS,010A,67996,001,"INTRODUCTION TO COMPUTER SCIENCE FOR SCIENCE, MATHEMATICS, AND ENGINEERING 1",,0.0,4.0,0 OR 4,Online,Riverside,105,100,0,0,,,,TR 1100-1220 Online ONLINE Lecture,"Downey, Kelly (primary)",,https://registrationssb.ucr.edu/StudentRegistrationSsb/ssb/searchResults/searchResults?txt_term=202120&startDatepicker=&endDatepicker=&uniqueSessionId=dg6cb6750657db&pageOffset=2500&pageMaxSize=500&sortColumn=subjectDescription&sortDirection=asc,2026-09-12T16:12:45.6851330+00:00,2026-09-12T17:40:13.8235950+00:00
ucr,202120,Spring 2021 (View Only),ECON,289B,61557,001,COLLOQUIUM IN ECONOMICS,2.0,2.0,2.0,2,Online,Riverside,30,11,0,0,,,,M 1600-1720 Online ONLINE Seminar,"Hirshleifer, Sarojini (primary) ; Eren, Ozkan",,https://registrationssb.ucr.edu/StudentRegistrationSsb/ssb/searchResults/searchResults?txt_term=202120&startDatepicker=&endDatepicker=&uniqueSessionId=dg6cb6750657db&pageOffset=3500&pageMaxSize=500&sortColumn=subjectDescription&sortDirection=asc,2026-09-12T16:12:53.3312090+00:00,2026-09-12T17:40:13.8235950+00:00
ucr,202120,Spring 2021 (View Only),ECON,289B,61559,002,COLLOQUIUM IN ECONOMICS,2.0,2.0,2.0,2,Online,Riverside,30,12,0,0,,,,W 1600-1720 Online ONLINE Seminar,"Lee, Dong (primary)",,https://registrationssb.ucr.edu/StudentRegistrationSsb/ssb/searchResults/searchResults?txt_term=202120&startDatepicker=&endDatepicker=&uniqueSessionId=dg6cb6750657db&pageOffset=3500&pageMaxSize=500&sortColumn=subjectDescription&sortDirection=asc,2026-09-12T16:12:53.3312090+00:00,2026-09-12T17:40:13.8235950+00:00
ucr,202120,Spring 2021 (View Only),EE,297,54147,52T,DIRECTED RESEARCH,,1.0,6.0,1 TO 6,In-Person,Riverside,15,3,0,0,,,,none - Research,"Tan, Sheldon (primary)",,https://registrationssb.ucr.edu/StudentRegistrationSsb/ssb/searchResults/searchResults?txt_term=202120&startDatepicker=&endDatepicker=&uniqueSessionId=dg6cb6750657db&pageOffset=4000&pageMaxSize=500&sortColumn=subjectDescription&sortDirection=asc,2026-09-12T16:12:57.5171520+00:00,2026-09-12T17:40:13.8235950+00:00
ucr,202120,Spring 2021 (View Only),ENTX,299,55108,L17,RESEARCH FOR THESIS OR DISSERTATION,,1.0,12.0,1 TO 12,In-Person,Riverside,30,1,0,0,,,,none - Research,"Liu, Haizhou (primary)",,https://registrationssb.ucr.edu/StudentRegistrationSsb/ssb/searchResults/searchResults?txt_term=202120&startDatepicker=&endDatepicker=&uniqueSessionId=dg6cb6750657db&pageOffset=4500&pageMaxSize=500&sortColumn=subjectDescription&sortDirection=asc,2026-09-12T16:13:01.5155140+00:00,2026-09-12T17:40:13.8235950+00:00
ucr,202120,Spring 2021 (View Only),GEO,195A,67341,48F,SENIOR THESIS,,3.0,5.0,3 TO 5,In-Person,Riverside,15,0,99,0,,,,none - Thesis,"Funning, Gareth (primary)",,https://registrationssb.ucr.edu/StudentRegistrationSsb/ssb/searchResults/searchResults?txt_term=202120&startDatepicker=&endDatepicker=&uniqueSessionId=dg6cb6750657db&pageOffset=5500&pageMaxSize=500&sortColumn=subjectDescription&sortDirection=asc,2026-09-12T16:13:10.1264830+00:00,2026-09-12T17:40:13.8235950+00:00
ucr,202120,Spring 2021 (View Only),PHYS,002A,57898,025,GENERAL PHYSICS,,0.0,4.0,0 OR 4,Online,Riverside,36,34,0,0,,,,F 0800-0850 Online ONLINE Discussion,"Clare, Robert ; Scott, Bryan (primary)",,https://registrationssb.ucr.edu/StudentRegistrationSsb/ssb/searchResults/searchResults?txt_term=202120&startDatepicker=&endDatepicker=&uniqueSessionId=dg6cb6750657db&pageOffset=7500&pageMaxSize=500&sortColumn=subjectDescription&sortDirection=asc,2026-09-12T16:13:27.7123490+00:00,2026-09-12T17:40:13.8235950+00:00
ucr,202120,Spring 2021 (View Only),PHYS,02LA,57955,027,GENERAL PHYSICS LABORATORY,1.0,1.0,1.0,1,Online,Riverside,26,24,99,0,,,,R 1200-1450 Online ONLINE Laboratory,"Shi, Ao ; Anderson, Michael (primary)",,https://registrationssb.ucr.edu/StudentRegistrationSsb/ssb/searchResults/searchResults?txt_term=202120&startDatepicker=&endDatepicker=&uniqueSessionId=dg6cb6750657db&pageOffset=7500&pageMaxSize=500&sortColumn=subjectDescription&sortDirection=asc,2026-09-12T16:13:27.7123490+00:00,2026-09-12T17:40:13.8235950+00:00
ucr,202120,Spring 2021 (View Only),PHYS,299,58404,97C,RESEARCH FOR THESIS OR DISSERTATION,,1.0,12.0,1 TO 12,In-Person,Riverside,30,1,999,0,,,,none - Thesis,"Canalizo, Gabriela (primary)",,https://registrationssb.ucr.edu/StudentRegistrationSsb/ssb/searchResults/searchResults?txt_term=202120&startDatepicker=&endDatepicker=&uniqueSessionId=dg6cb6750657db&pageOffset=8000&pageMaxSize=500&sortColumn=subjectDescription&sortDirection=asc,2026-09-12T16:13:31.4960690+00:00,2026-09-12T17:40:13.8235950+00:00
ucr,202120,Spring 2021 (View Only),SOC,127,68684,024,SOCIOLOGICAL DETERMINANTS OF HEALTH,,0.0,4.0,0 OR 4,Online,Riverside,25,20,0,0,5Z,25,25,W 1100-1150 Online ONLINE Discussion,"Guerra, chris (primary)",,https://registrationssb.ucr.edu/StudentRegistrationSsb/ssb/searchResults/searchResults?txt_term=202120&startDatepicker=&endDatepicker=&uniqueSessionId=dg6cb6750657db&pageOffset=9000&pageMaxSize=500&sortColumn=subjectDescription&sortDirection=asc,2026-09-12T16:13:38.9146250+00:00,2026-09-12T17:40:13.8235950+00:00
ucr,202120,Spring 2021 (View Only),SOC,130,69048,027,RACE AND ETHNIC RELATIONS,,0.0,4.0,0 OR 4,Online,Riverside,25,22,5,0,,,,M 1700-1750 Discussion,"Torres Morales, Genesis (primary)",,https://registrationssb.ucr.edu/StudentRegistrationSsb/ssb/searchResults/searchResults?txt_term=202120&startDatepicker=&endDatepicker=&uniqueSessionId=dg6cb6750657db&pageOffset=9000&pageMaxSize=500&sortColumn=subjectDescription&sortDirection=asc,2026-09-12T16:13:38.9146250+00:00,2026-09-12T17:40:13.8235950+00:00
ucr,202130,Summer 2021 (View Only),CHEM,08LC,72961,C06,ORGANIC CHEMISTRY LABORATORY,1.0,1.0,1.0,1,Online,Riverside,15,19,99,0,,,,MTR 1600-1950 Online ONLINE Laboratory,"Hayashi, Rena (primary) ; Pena, Pedro",,https://registrationssb.ucr.edu/StudentRegistrationSsb/ssb/searchResults/searchResults?txt_term=202130&startDatepicker=&endDatepicker=&uniqueSessionId=dgeb031e7de241&pageOffset=0&pageMaxSize=500&sortColumn=subjectDescription&sortDirection=asc,2026-09-12T16:12:07.1535960+00:00,2026-09-12T17:38:48.5921730+00:00
ucr,202130,Summer 2021 (View Only),CHEM,08LC,72987,A07,ORGANIC CHEMISTRY LABORATORY,1.0,1.0,1.0,1,Online,Riverside,15,20,99,0,,,,WF 1230-1620 Online ONLINE Laboratory,"Hayashi, Rena (primary) ; Coley, William",,https://registrationssb.ucr.edu/StudentRegistrationSsb/ssb/searchResults/searchResults?txt_term=202130&startDatepicker=&endDatepicker=&uniqueSessionId=dgeb031e7de241&pageOffset=0&pageMaxSize=500&sortColumn=subjectDescription&sortDirection=asc,2026-09-12T16:12:07.1535960+00:00,2026-09-12T17:38:48.5921730+00:00
ucr,202130,Summer 2021 (View Only),ENGL,004D,74332,E38,ENGLISH WRITING,1.0,1.0,1.0,1,Online,Riverside,5,4,0,0,,,,R 1130-1250 Online ONLINE Discussion,"Duncan, Zora (primary)",,https://registrationssb.ucr.edu/StudentRegistrationSsb/ssb/searchResults/searchResults?txt_term=202130&startDatepicker=&endDatepicker=&uniqueSessionId=dgeb031e7de241&pageOffset=500&pageMaxSize=500&sortColumn=subjectDescription&sortDirection=asc,2026-09-12T16:12:11.4518000+00:00,2026-09-12T17:38:48.5921730+00:00
ucr,202130,Summer 2021 (View Only),ENGL,004D,74334,E40,ENGLISH WRITING,1.0,1.0,1.0,1,Online,Riverside,5,5,0,0,,,,R 1130-1250 Online ONLINE Discussion,"Moore, Jasmine (primary)",,https://registrationssb.ucr.edu/StudentRegistrationSsb/ssb/searchResults/searchResults?txt_term=202130&startDatepicker=&endDatepicker=&uniqueSessionId=dgeb031e7de241&pageOffset=500&pageMaxSize=500&sortColumn=subjectDescription&sortDirection=asc,2026-09-12T16:12:11.4518000+00:00,2026-09-12T17:38:48.5921730+00:00
ucr,202140,Fall 2021 (View Only),BPSC,297,11439,S27,DIRECTED RESEARCH,,1.0,6.0,1 TO 6,In-Person,Riverside,30,1,0,0,,,,none - Research,"Santiago, Louis (primary)",,https://registrationssb.ucr.edu/StudentRegistrationSsb/ssb/searchResults/searchResults?txt_term=202140&startDatepicker=&endDatepicker=&uniqueSessionId=dg1925799e1fd6&pageOffset=1500&pageMaxSize=500&sortColumn=subjectDescription&sortDirection=asc,2026-09-12T16:10:43.4766060+00:00,2026-09-12T17:38:30.8419890+00:00
ucr,202140,Fall 2021 (View Only),CBNS,197,11775,86L,RESEARCH FOR UNDERGRADUATES,,1.0,4.0,1 TO 4,In-Person,Riverside,30,0,0,0,,,,none - Research,"Le Roch, Karine (primary)",,https://registrationssb.ucr.edu/StudentRegistrationSsb/ssb/searchResults/searchResults?txt_term=202140&startDatepicker=&endDatepicker=&uniqueSessionId=dg1925799e1fd6&pageOffset=2000&pageMaxSize=500&sortColumn=subjectDescription&sortDirection=asc,2026-09-12T16:10:47.4645100+00:00,2026-09-12T17:38:30.8419890+00:00
ucr,202140,Fall 2021 (View Only),CHEM,001,25954,001,PREPARATION FOR GENERAL CHEMISTRY,2.0,2.0,2.0,2,Online,UC Online Education,590,537,0,0,XI,750,541,none - Online ONLINE Lecture,"Alam, Mohammed ; Ajayan, Pooja ; Eichler, Jack (primary)",,https://registrationssb.ucr.edu/StudentRegistrationSsb/ssb/searchResults/searchResults?txt_term=202140&startDatepicker=&endDatepicker=&uniqueSessionId=dg42b56dd8749e&pageOffset=2000&pageMaxSize=500&sortColumn=subjectDescription&sortDirection=asc,2026-09-12T17:37:26.7564580+00:00,2026-09-12T17:38:30.8419890+00:00
ucr,202140,Fall 2021 (View Only),CHFY,007,32629,049,CHASS F1RST LEARNING COMMUNITY WORKSHOP,1.0,1.0,1.0,1,Online,Riverside,50,44,0,0,,,,R 1200-1250 Online ONLINE Workshop,"Rogers, Christina (primary)",,https://registrationssb.ucr.edu/StudentRegistrationSsb/ssb/searchResults/searchResults?txt_term=202140&startDatepicker=&endDatepicker=&uniqueSessionId=dg1925799e1fd6&pageOffset=1500&pageMaxSize=500&sortColumn=subjectDescription&sortDirection=asc,2026-09-12T16:10:43.4766060+00:00,2026-09-12T17:38:30.8419890+00:00
ucr,202140,Fall 2021 (View Only),ENGL,001B,31919,016,INTERMEDIATE COMPOSITION,4.0,4.0,4.0,4,Online,Riverside,23,23,2,0,,,,MW 1530-1650 Online ONLINE Lecture,"Knight, Corinne (primary)",,https://registrationssb.ucr.edu/StudentRegistrationSsb/ssb/searchResults/searchResults?txt_term=202140&startDatepicker=&endDatepicker=&uniqueSessionId=dg1925799e1fd6&pageOffset=4000&pageMaxSize=500&sortColumn=subjectDescription&sortDirection=asc,2026-09-12T16:11:05.4290010+00:00,2026-09-12T17:38:30.8419890+00:00
ucr,202140,Fall 2021 (View Only),ENGL,004,31855,059,ENGLISH WRITING,4.0,4.0,4.0,4,In-Person,Riverside,21,21,0,0,,,,TR 0800-0920 CHASS Interdisciplinary-South 2130 Lecture,"Hepler, Daniel (primary)",,https://registrationssb.ucr.edu/StudentRegistrationSsb/ssb/searchResults/searchResults?txt_term=202140&startDatepicker=&endDatepicker=&uniqueSessionId=dg1925799e1fd6&pageOffset=4000&pageMaxSize=500&sortColumn=subjectDescription&sortDirection=asc,2026-09-12T16:11:05.4290010+00:00,2026-09-12T17:38:30.8419890+00:00
ucr,202140,Fall 2021 (View Only),ENGL,299,33048,S79,RESEARCH FOR THESIS OR DISSERTATION,,1.0,12.0,1 TO 12,In-Person,Riverside,10,2,0,0,,,,none - Thesis,"See, Maria (primary)",,https://registrationssb.ucr.edu/StudentRegistrationSsb/ssb/searchResults/searchResults?txt_term=202140&startDatepicker=&endDatepicker=&uniqueSessionId=dg1925799e1fd6&pageOffset=4500&pageMaxSize=500&sortColumn=subjectDescription&sortDirection=asc,2026-09-12T16:11:09.4855590+00:00,2026-09-12T17:38:30.8419890+00:00
ucr,202140,Fall 2021 (View Only),ENTX,290,14981,56M,DIRECTED STUDIES,,1.0,6.0,1 TO 6,In-Person,Riverside,30,0,0,0,,,,none - Research,"Mulchandani, Ashok (primary)",,https://registrationssb.ucr.edu/StudentRegistrationSsb/ssb/searchResults/searchResults?txt_term=202140&startDatepicker=&endDatepicker=&uniqueSessionId=dg1925799e1fd6&pageOffset=5000&pageMaxSize=500&sortColumn=subjectDescription&sortDirection=asc,2026-09-12T16:11:13.6594130+00:00,2026-09-12T17:38:30.8419890+00:00
ucr,202140,Fall 2021 (View Only),ENTX,297,31653,35Z,DIRECTED RESEARCH,,1.0,6.0,1 TO 6,In-Person,Riverside,30,1,99,0,,,,none - Research,"Zhao, Linlin (primary)",,https://registrationssb.ucr.edu/StudentRegistrationSsb/ssb/searchResults/searchResults?txt_term=202140&startDatepicker=&endDatepicker=&uniqueSessionId=dg1925799e1fd6&pageOffset=5000&pageMaxSize=500&sortColumn=subjectDescription&sortDirection=asc,2026-09-12T16:11:13.6594130+00:00,2026-09-12T17:38:30.8419890+00:00
ucr,202140,Fall 2021 (View Only),GEN,297,15409,94R,DIRECTED RESEARCH,,1.0,6.0,1 TO 6,In-Person,Riverside,30,0,0,0,,,,none - Research,"Riccomagno, Martin (primary)",,https://registrationssb.ucr.edu/StudentRegistrationSsb/ssb/searchResults/searchResults?txt_term=202140&startDatepicker=&endDatepicker=&uniqueSessionId=dg1925799e1fd6&pageOffset=5500&pageMaxSize=500&sortColumn=subjectDescription&sortDirection=asc,2026-09-12T16:11:17.4617780+00:00,2026-09-12T17:38:30.8419890+00:00
ucr,202140,Fall 2021 (View Only),GEO,009,15505,029,OCEANOGRAPHY,,0.0,4.0,0 OR 4,In-Person,Riverside,33,31,99,0,,,,F 1300-1350 Winston Chung Hall 143 Discussion,"Zill, Michelle (primary)",,https://registrationssb.ucr.edu/StudentRegistrationSsb/ssb/searchResults/searchResults?txt_term=202140&startDatepicker=&endDatepicker=&uniqueSessionId=dg1925799e1fd6&pageOffset=5500&pageMaxSize=500&sortColumn=subjectDescription&sortDirection=asc,2026-09-12T16:11:17.4617780+00:00,2026-09-12T17:38:30.8419890+00:00
ucr,202140,Fall 2021 (View Only),LNST,105,32377,021,SCREENING MESTIZO MEXICO,,0.0,4.0,0 OR 4,In-Person,Riverside,40,5,5,0,LJ,40,40,none - Screening,"Aguirre Darancou, Ivan (primary)",,https://registrationssb.ucr.edu/StudentRegistrationSsb/ssb/searchResults/searchResults?txt_term=202140&startDatepicker=&endDatepicker=&uniqueSessionId=dg1925799e1fd6&pageOffset=6500&pageMaxSize=500&sortColumn=subjectDescription&sortDirection=asc,2026-09-12T16:11:25.7964080+00:00,2026-09-12T17:38:30.8419890+00:00
ucr,202140,Fall 2021 (View Only),MATH,290,16681,23W,DIRECTED STUDIES,,1.0,6.0,1 TO 6,In-Person,Riverside,30,0,0,0,,,,none - Tutorial,,,https://registrationssb.ucr.edu/StudentRegistrationSsb/ssb/searchResults/searchResults?txt_term=202140&startDatepicker=&endDatepicker=&uniqueSessionId=dg1925799e1fd6&pageOffset=7000&pageMaxSize=500&sortColumn=subjectDescription&sortDirection=asc,2026-09-12T16:11:29.8446970+00:00,2026-09-12T17:38:30.8419890+00:00
ucr,202140,Fall 2021 (View Only),MCBL,197,16763,22H,RESEARCH FOR UNDERGRADUATES,,1.0,4.0,1 TO 4,In-Person,Riverside,30,0,0,0,,,,none - Research,"Hyman, Bradley (primary)",,https://registrationssb.ucr.edu/StudentRegistrationSsb/ssb/searchResults/searchResults?txt_term=202140&startDatepicker=&endDatepicker=&uniqueSessionId=dg1925799e1fd6&pageOffset=7500&pageMaxSize=500&sortColumn=subjectDescription&sortDirection=asc,2026-09-12T16:11:33.7067410+00:00,2026-09-12T17:38:30.8419890+00:00
ucr,202140,Fall 2021 (View Only),MCS,143K,32410,011,QUEERS THAT KILL,,0.0,4.0,0 OR 4,In-Person,Riverside,10,10,0,0,0H,30,29,none - Screening,"Harris, Keith (primary)",,https://registrationssb.ucr.edu/StudentRegistrationSsb/ssb/searchResults/searchResults?txt_term=202140&startDatepicker=&endDatepicker=&uniqueSessionId=dg1925799e1fd6&pageOffset=7500&pageMaxSize=500&sortColumn=subjectDescription&sortDirection=asc,2026-09-12T16:11:33.7067410+00:00,2026-09-12T17:38:30.8419890+00:00
ucr,202140,Fall 2021 (View Only),NRSC,290,17522,77R,DIRECTED STUDIES,,1.0,6.0,1 TO 6,In-Person,Riverside,30,0,0,0,,,,none - Individualized Study,"Ray, Anandasankar (primary)",,https://registrationssb.ucr.edu/StudentRegistrationSsb/ssb/searchResults/searchResults?txt_term=202140&startDatepicker=&endDatepicker=&uniqueSessionId=dg1925799e1fd6&pageOffset=8000&pageMaxSize=500&sortColumn=subjectDescription&sortDirection=asc,2026-09-12T16:11:38.2362670+00:00,2026-09-12T17:38:30.8419890+00:00
ucr,202140,Fall 2021 (View Only),PHYS,040A,26131,036,GENERAL PHYSICS,,0.0,5.0,0 OR 5,In-Person,Riverside,34,33,0,0,,,,F 1100-1150 Spieth Hall 1222 Discussion,"Reddy, Naveen ; Manouchehri, Amirhossein (primary)",,https://registrationssb.ucr.edu/StudentRegistrationSsb/ssb/searchResults/searchResults?txt_term=202140&startDatepicker=&endDatepicker=&uniqueSessionId=dg1925799e1fd6&pageOffset=8500&pageMaxSize=500&sortColumn=subjectDescription&sortDirection=asc,2026-09-12T16:11:42.6016410+00:00,2026-09-12T17:38:30.8419890+00:00
ucr,202140,Fall 2021 (View Only),POSC,297,18669,44B,DIRECTED RESEARCH,,1.0,6.0,1 TO 6,In-Person,Riverside,30,0,0,0,,,,none - Research,"Bowler, Shaun (primary)",,https://registrationssb.ucr.edu/StudentRegistrationSsb/ssb/searchResults/searchResults?txt_term=202140&startDatepicker=&endDatepicker=&uniqueSessionId=dg1925799e1fd6&pageOffset=9000&pageMaxSize=500&sortColumn=subjectDescription&sortDirection=asc,2026-09-12T16:11:47.2456680+00:00,2026-09-12T17:38:30.8419890+00:00
ucr,202140,Fall 2021 (View Only),PSYC,291,31425,99L,INDIVIDUAL STUDY IN COORDINATED AREAS,,1.0,6.0,1 TO 6,In-Person,Riverside,10,1,0,0,,,,none - Research,"Loyd, Aerika (primary)",,https://registrationssb.ucr.edu/StudentRegistrationSsb/ssb/searchResults/searchResults?txt_term=202140&startDatepicker=&endDatepicker=&uniqueSessionId=dg1925799e1fd6&pageOffset=9500&pageMaxSize=500&sortColumn=subjectDescription&sortDirection=asc,2026-09-12T16:11:51.3902390+00:00,2026-09-12T17:38:30.8419890+00:00
ucr,202140,Fall 2021 (View Only),SOC,160,32436,001,SOCIOLOGY OF EDUCATION,,0.0,5.0,0 OR 5,Online,Riverside,150,141,0,0,,,,TR 1700-1820 Online ONLINE Lecture,"Rotondi, Matthew (primary) ; Sanchez, Brian ; Higinio, Luis",,https://registrationssb.ucr.edu/StudentRegistrationSsb/ssb/searchResults/searchResults?txt_term=202140&startDatepicker=&endDatepicker=&uniqueSessionId=dg1925799e1fd6&pageOffset=10000&pageMaxSize=500&sortColumn=subjectDescription&sortDirection=asc,2026-09-12T16:11:55.7533430+00:00,2026-09-12T17:38:30.8419890+00:00
ucr,202140,Fall 2021 (View Only),SOC,297,25323,S07,DIRECTED RESEARCH,,1.0,6.0,1 TO 6,In-Person,Riverside,30,0,0,0,,,,none - Research,"Stets, Jan (primary)",,https://registrationssb.ucr.edu/StudentRegistrationSsb/ssb/searchResults/searchResults?txt_term=202140&startDatepicker=&endDatepicker=&uniqueSessionId=dg1925799e1fd6&pageOffset=10000&pageMaxSize=500&sortColumn=subjectDescription&sortDirection=asc,2026-09-12T16:11:55.7533430+00:00,2026-09-12T17:38:30.8419890+00:00
ucr,202210,Winter 2022 (View Only),ARBC,002,40438,001,ELEMENTARY ARABIC,4.0,4.0,4.0,4,In-Person,Riverside,25,8,5,0,,,,MTWR 1500-1550 CHASS Interdisciplinary-South 2138 Lecture,"Aljord, Huda (primary)",,https://registrationssb.ucr.edu/StudentRegistrationSsb/ssb/searchResults/searchResults?txt_term=202210&startDatepicker=&endDatepicker=&uniqueSessionId=dgba25a3b5487a&pageOffset=0&pageMaxSize=500&sortColumn=subjectDescription&sortDirection=asc,2026-09-12T16:08:55.7083350+00:00,2026-09-12T17:37:03.4703950+00:00
ucr,202210,Winter 2022 (View Only),BUS,010,31624,001,INTRODUCTION TO BUSINESS,,0.0,4.0,0 OR 4,In-Person,Riverside,350,340,0,0,,,,TR 1030-1150 Lecture,"Singh, Raj (primary) ; Hanin, Monica ; Murillo, Ivy ; Lai, Jennifer ; Tandon, Soumain",,https://registrationssb.ucr.edu/StudentRegistrationSsb/ssb/searchResults/searchResults?txt_term=202210&startDatepicker=&endDatepicker=&uniqueSessionId=dgba25a3b5487a&pageOffset=1500&pageMaxSize=500&sortColumn=subjectDescription&sortDirection=asc,2026-09-12T16:09:07.9833940+00:00,2026-09-12T17:37:03.4703950+00:00
ucr,202210,Winter 2022 (View Only),CS,298I,33356,77G,INDIVIDUAL INTERNSHIP,,1.0,12.0,1 TO 12,In-Person,Riverside,1,0,0,0,,,,none - Internship,"Girke, Thomas (primary)",,https://registrationssb.ucr.edu/StudentRegistrationSsb/ssb/searchResults/searchResults?txt_term=202210&startDatepicker=&endDatepicker=&uniqueSessionId=dgba25a3b5487a&pageOffset=3000&pageMaxSize=500&sortColumn=subjectDescription&sortDirection=asc,2026-09-12T16:09:21.7961430+00:00,2026-09-12T17:37:03.4703950+00:00
ucr,202210,Winter 2022 (View Only),EEOB,297,34300,H56,DIRECTED RESEARCH,,1.0,6.0,1 TO 6,In-Person,Riverside,30,3,0,0,,,,none - Research,"Higham, Tim (primary)",,https://registrationssb.ucr.edu/StudentRegistrationSsb/ssb/searchResults/searchResults?txt_term=202210&startDatepicker=&endDatepicker=&uniqueSessionId=dgba25a3b5487a&pageOffset=5000&pageMaxSize=500&sortColumn=subjectDescription&sortDirection=asc,2026-09-12T16:09:38.0184870+00:00,2026-09-12T17:37:03.4703950+00:00
ucr,202210,Winter 2022 (View Only),ENTM,010,47387,014,NATURAL HISTORY OF INSECTS,,0.0,4.0,0 OR 4,In-Person,Riverside,32,31,99,0,,,,T 1100-1150 Entomology Museum 103 Discussion,"Ireri, Sally (primary)",,https://registrationssb.ucr.edu/StudentRegistrationSsb/ssb/searchResults/searchResults?txt_term=202210&startDatepicker=&endDatepicker=&uniqueSessionId=dgba25a3b5487a&pageOffset=4000&pageMaxSize=500&sortColumn=subjectDescription&sortDirection=asc,2026-09-12T16:09:30.1460820+00:00,2026-09-12T17:37:03.4703950+00:00
ucr,202210,Winter 2022 (View Only),ETST,011,51079,021,LANGUAGE AND ETHNICITY IN THE USA,,0.0,4.0,0 OR 4,In-Person,Riverside,25,25,5,0,,,,W 0700-0750 CHASS Interdisciplinary-South 1125 Discussion,"Chacon, Valerie (primary)",,https://registrationssb.ucr.edu/StudentRegistrationSsb/ssb/searchResults/searchResults?txt_term=202210&startDatepicker=&endDatepicker=&uniqueSessionId=dgba25a3b5487a&pageOffset=5000&pageMaxSize=500&sortColumn=subjectDescription&sortDirection=asc,2026-09-12T16:09:38.0184870+00:00,2026-09-12T17:37:03.4703950+00:00
ucr,202210,Winter 2022 (View Only),GEN,290,35493,L58,DIRECTED STUDIES,,1.0,6.0,1 TO 6,In-Person,Riverside,30,0,999,0,,,,none - Research,"Li, Bai-Lian (primary)",,https://registrationssb.ucr.edu/StudentRegistrationSsb/ssb/searchResults/searchResults?txt_term=202210&startDatepicker=&endDatepicker=&uniqueSessionId=dgba25a3b5487a&pageOffset=5000&pageMaxSize=500&sortColumn=subjectDescription&sortDirection=asc,2026-09-12T16:09:38.0184870+00:00,2026-09-12T17:37:03.4703950+00:00
ucr,202210,Winter 2022 (View Only),MSE,197,42477,99W,RESEARCH FOR UNDERGRADUATES,,1.0,4.0,1 TO 4,In-Person,Riverside,1,0,0,0,,,,none - Laboratory,"Wong, Bryan (primary)",,https://registrationssb.ucr.edu/StudentRegistrationSsb/ssb/searchResults/searchResults?txt_term=202210&startDatepicker=&endDatepicker=&uniqueSessionId=dgba25a3b5487a&pageOffset=6500&pageMaxSize=500&sortColumn=subjectDescription&sortDirection=asc,2026-09-12T16:09:50.4584960+00:00,2026-09-12T17:37:03.4703950+00:00
ucr,202210,Winter 2022 (View Only),MSE,248B,52005,001,MECHANICS AND PHYSICS OF MATERIALS,4.0,4.0,4.0,4,In-Person,Riverside,30,1,0,0,ZR,25,17,MWF 1300-1350 CHASS Interdisciplinary-South 1121 Lecture ; M 1400-1450 CHASS Interdisciplinary-South 1121 Lecture,"Mangolini, Lorenzo (primary)",,https://registrationssb.ucr.edu/StudentRegistrationSsb/ssb/searchResults/searchResults?txt_term=202210&startDatepicker=&endDatepicker=&uniqueSessionId=dgba25a3b5487a&pageOffset=6500&pageMaxSize=500&sortColumn=subjectDescription&sortDirection=asc,2026-09-12T16:09:50.4584960+00:00,2026-09-12T17:37:03.4703950+00:00
ucr,202210,Winter 2022 (View Only),MUS,181E,50545,002,TRUMPET JAZZ,2.0,2.0,2.0,2,In-Person,Riverside,10,0,0,0,,,,none - Studio,"Pittel, David (primary)",,https://registrationssb.ucr.edu/StudentRegistrationSsb/ssb/searchResults/searchResults?txt_term=202210&startDatepicker=&endDatepicker=&uniqueSessionId=dgba25a3b5487a&pageOffset=7500&pageMaxSize=500&sortColumn=subjectDescription&sortDirection=asc,2026-09-12T16:09:58.7343110+00:00,2026-09-12T17:37:03.4703950+00:00
ucr,202210,Winter 2022 (View Only),PLPA,291,38615,23B,INDIVIDUAL STUDY IN COORDINATED AREAS,,1.0,6.0,1 TO 6,In-Person,Riverside,30,0,0,0,,,,none - Research,"Baldwin, James (primary)",,https://registrationssb.ucr.edu/StudentRegistrationSsb/ssb/searchResults/searchResults?txt_term=202210&startDatepicker=&endDatepicker=&uniqueSessionId=dgba25a3b5487a&pageOffset=8500&pageMaxSize=500&sortColumn=subjectDescription&sortDirection=asc,2026-09-12T16:10:08.4289250+00:00,2026-09-12T17:37:03.4703950+00:00
ucr,202210,Winter 2022 (View Only),POSC,297,38916,73R,DIRECTED RESEARCH,,1.0,6.0,1 TO 6,In-Person,Riverside,30,0,999,0,,,,none - Research,"Subramanian, Ramakrishnan (primary)",,https://registrationssb.ucr.edu/StudentRegistrationSsb/ssb/searchResults/searchResults?txt_term=202210&startDatepicker=&endDatepicker=&uniqueSessionId=dgba25a3b5487a&pageOffset=9000&pageMaxSize=500&sortColumn=subjectDescription&sortDirection=asc,2026-09-12T16:10:12.6587290+00:00,2026-09-12T17:37:03.4703950+00:00
ucr,202220,Spring 2022 (View Only),AHS,023,70367,024,INTRODUCTION TO AMERICAN ART,,0.0,4.0,0 OR 4,In-Person,Riverside,25,25,5,0,,,,R 1300-1350 Art Building 214 Discussion,"Sklarz, Cambra (primary)",,https://registrationssb.ucr.edu/StudentRegistrationSsb/ssb/searchResults/searchResults?txt_term=202220&startDatepicker=&endDatepicker=&uniqueSessionId=dg2dd81befc13a&pageOffset=0&pageMaxSize=500&sortColumn=subjectDescription&sortDirection=asc,2026-09-12T16:07:27.3309350+00:00,2026-09-12T17:35:35.5830410+00:00
ucr,202220,Spring 2022 (View Only),ANTH,299,50329,26T,RESEARCH FOR THESIS OR DISSERTATION,,1.0,12.0,1 TO 12,In-Person,Riverside,30,2,0,0,,,,none - Thesis,"Taube, Karl (primary)",,https://registrationssb.ucr.edu/StudentRegistrationSsb/ssb/searchResults/searchResults?txt_term=202220&startDatepicker=&endDatepicker=&uniqueSessionId=dg2dd81befc13a&pageOffset=0&pageMaxSize=500&sortColumn=subjectDescription&sortDirection=asc,2026-09-12T16:07:27.3309350+00:00,2026-09-12T17:35:35.5830410+00:00
ucr,202220,Spring 2022 (View Only),BCH,110C,50567,022,GENERAL BIOCHEMISTRY,,0.0,4.0,0 OR 4,In-Person,Riverside,25,23,99,0,,,,R 1100-1150 Spieth Hall 1222 Discussion,"Bravo, Marco (primary)",,https://registrationssb.ucr.edu/StudentRegistrationSsb/ssb/searchResults/searchResults?txt_term=202220&startDatepicker=&endDatepicker=&uniqueSessionId=dg2dd81befc13a&pageOffset=0&pageMaxSize=500&sortColumn=subjectDescription&sortDirection=asc,2026-09-12T16:07:27.3309350+00:00,2026-09-12T17:35:35.5830410+00:00
ucr,202220,Spring 2022 (View Only),CPLT,302,52925,33E,TEACHING PRACTICUM,,1.0,4.0,1 TO 4,In-Person,Riverside,30,0,0,0,,,,none - Practicum,"Endres, Johannes (primary)",,https://registrationssb.ucr.edu/StudentRegistrationSsb/ssb/searchResults/searchResults?txt_term=202220&startDatepicker=&endDatepicker=&uniqueSessionId=dg2dd81befc13a&pageOffset=2500&pageMaxSize=500&sortColumn=subjectDescription&sortDirection=asc,2026-09-12T16:07:49.9295770+00:00,2026-09-12T17:35:35.5830410+00:00
ucr,202220,Spring 2022 (View Only),CS,190,66892,0S2,SPECIAL STUDIES,,1.0,5.0,1 TO 5,In-Person,Riverside,1,0,0,0,,,,none - Individualized Study,"Sridharan, Manu (primary)",,https://registrationssb.ucr.edu/StudentRegistrationSsb/ssb/searchResults/searchResults?txt_term=202220&startDatepicker=&endDatepicker=&uniqueSessionId=dg2dd81befc13a&pageOffset=3000&pageMaxSize=500&sortColumn=subjectDescription&sortDirection=asc,2026-09-12T16:07:53.8442210+00:00,2026-09-12T17:35:35.5830410+00:00
ucr,202220,Spring 2022 (View Only),EEOB,299,54326,37R,RESEARCH FOR THE THESIS OR DISSERTATION,,1.0,12.0,1 TO 12,In-Person,Riverside,30,0,0,0,,,,none - Research,"Redak, Richard (primary)",,https://registrationssb.ucr.edu/StudentRegistrationSsb/ssb/searchResults/searchResults?txt_term=202220&startDatepicker=&endDatepicker=&uniqueSessionId=dg2dd81befc13a&pageOffset=5000&pageMaxSize=500&sortColumn=subjectDescription&sortDirection=asc,2026-09-12T16:08:09.4770520+00:00,2026-09-12T17:35:35.5830410+00:00
ucr,202220,Spring 2022 (View Only),ETST,131,69805,024,"RACE, CLASS, AND GENDER",,0.0,4.0,0 OR 4,In-Person,Riverside,25,24,5,0,,,,R 1400-1450 CHASS Interdisciplinary-South 2130 Discussion,"Arellanes, Guadalupe (primary)",,https://registrationssb.ucr.edu/StudentRegistrationSsb/ssb/searchResults/searchResults?txt_term=202220&startDatepicker=&endDatepicker=&uniqueSessionId=dg2dd81befc13a&pageOffset=5000&pageMaxSize=500&sortColumn=subjectDescription&sortDirection=asc,2026-09-12T16:08:09.4770520+00:00,2026-09-12T17:35:35.5830410+00:00
ucr,202220,Spring 2022 (View Only),GEO,190,62000,62F,SPECIAL STUDIES,,1.0,5.0,1 TO 5,In-Person,Riverside,5,2,0,0,,,,none - Individualized Study,"Ford, Heather (primary)",,https://registrationssb.ucr.edu/StudentRegistrationSsb/ssb/searchResults/searchResults?txt_term=202220&startDatepicker=&endDatepicker=&uniqueSessionId=dg2dd81befc13a&pageOffset=5500&pageMaxSize=500&sortColumn=subjectDescription&sortDirection=asc,2026-09-12T16:08:13.4894720+00:00,2026-09-12T17:35:35.5830410+00:00
ucr,202220,Spring 2022 (View Only),GEO,195C,55672,80L,SENIOR THESIS,,3.0,5.0,3 TO 5,In-Person,Riverside,30,0,0,0,,,,none - Thesis,"Lyons, Timothy (primary)",,https://registrationssb.ucr.edu/StudentRegistrationSsb/ssb/searchResults/searchResults?txt_term=202220&startDatepicker=&endDatepicker=&uniqueSessionId=dg2dd81befc13a&pageOffset=5500&pageMaxSize=500&sortColumn=subjectDescription&sortDirection=asc,2026-09-12T16:08:13.4894720+00:00,2026-09-12T17:35:35.5830410+00:00
ucr,202220,Spring 2022 (View Only),GSST,190,61926,JS1,SPECIAL STUDIES,,1.0,4.0,1 TO 4,In-Person,Riverside,30,0,99,0,,,,none - Individualized Study,"Sasser, Jade (primary)",,https://registrationssb.ucr.edu/StudentRegistrationSsb/ssb/searchResults/searchResults?txt_term=202220&startDatepicker=&endDatepicker=&uniqueSessionId=dg2dd81befc13a&pageOffset=5000&pageMaxSize=500&sortColumn=subjectDescription&sortDirection=asc,2026-09-12T16:08:09.4770520+00:00,2026-09-12T17:35:35.5830410+00:00
ucr,202220,Spring 2022 (View Only),MATH,290,56672,24V,DIRECTED STUDIES,,1.0,6.0,1 TO 6,In-Person,Riverside,30,0,0,0,,,,none - Tutorial,"Vidussi, Stefano (primary)",,https://registrationssb.ucr.edu/StudentRegistrationSsb/ssb/searchResults/searchResults?txt_term=202220&startDatepicker=&endDatepicker=&uniqueSessionId=dg2dd81befc13a&pageOffset=6500&pageMaxSize=500&sortColumn=subjectDescription&sortDirection=asc,2026-09-12T16:08:21.2222680+00:00,2026-09-12T17:35:35.5830410+00:00
ucr,202220,Spring 2022 (View Only),ME,170A,56998,023,EXPERIMENTAL TECHNIQUES,,0.0,4.0,0 OR 4,In-Person,Riverside,24,21,0,0,,,,F 1100-1350 Laboratory,"Dammann, Nicholas (primary)",,https://registrationssb.ucr.edu/StudentRegistrationSsb/ssb/searchResults/searchResults?txt_term=202220&startDatepicker=&endDatepicker=&uniqueSessionId=dg2dd81befc13a&pageOffset=6500&pageMaxSize=500&sortColumn=subjectDescription&sortDirection=asc,2026-09-12T16:08:21.2222680+00:00,2026-09-12T17:35:35.5830410+00:00
ucr,202220,Spring 2022 (View Only),PBPL,272,70107,021,POLICY AND POLITICS IN CALIFORNIA,,0.0,4.0,0 OR 4,In-Person,Riverside,35,32,99,0,,,,R 2000-2050 Sproul Hall 2360 Discussion,"Long, Sean (primary)",,https://registrationssb.ucr.edu/StudentRegistrationSsb/ssb/searchResults/searchResults?txt_term=202220&startDatepicker=&endDatepicker=&uniqueSessionId=dg2dd81befc13a&pageOffset=9000&pageMaxSize=500&sortColumn=subjectDescription&sortDirection=asc,2026-09-12T16:08:42.3740820+00:00,2026-09-12T17:35:35.5830410+00:00
ucr,202220,Spring 2022 (View Only),PHYS,299,58383,37M,RESEARCH FOR THESIS OR DISSERTATION,,1.0,12.0,1 TO 12,In-Person,Riverside,30,0,0,0,,,,none - Thesis,"Ma, Ernest (primary)",,https://registrationssb.ucr.edu/StudentRegistrationSsb/ssb/searchResults/searchResults?txt_term=202220&startDatepicker=&endDatepicker=&uniqueSessionId=dg2dd81befc13a&pageOffset=8000&pageMaxSize=500&sortColumn=subjectDescription&sortDirection=asc,2026-09-12T16:08:33.9483130+00:00,2026-09-12T17:35:35.5830410+00:00
ucr,202220,Spring 2022 (View Only),PLPA,291,58450,30V,INDIVIDUAL STUDY IN COORDINATED AREAS,,1.0,6.0,1 TO 6,In-Person,Riverside,30,1,0,0,,,,none - Research,"Vidalakis, Georgios (primary)",,https://registrationssb.ucr.edu/StudentRegistrationSsb/ssb/searchResults/searchResults?txt_term=202220&startDatepicker=&endDatepicker=&uniqueSessionId=dg2dd81befc13a&pageOffset=8000&pageMaxSize=500&sortColumn=subjectDescription&sortDirection=asc,2026-09-12T16:08:33.9483130+00:00,2026-09-12T17:35:35.5830410+00:00
ucr,202220,Spring 2022 (View Only),POSC,299,58773,61L,RESEARCH FOR THESIS OR DISSERTATION,,1.0,12.0,1 TO 12,In-Person,Riverside,30,0,999,0,,,,none - Thesis,"Leebaw, Bronwyn (primary)",,https://registrationssb.ucr.edu/StudentRegistrationSsb/ssb/searchResults/searchResults?txt_term=202220&startDatepicker=&endDatepicker=&uniqueSessionId=dg2dd81befc13a&pageOffset=8500&pageMaxSize=500&sortColumn=subjectDescription&sortDirection=asc,2026-09-12T16:08:37.9235930+00:00,2026-09-12T17:35:35.5830410+00:00
ucr,202220,Spring 2022 (View Only),PSYC,049,66566,026,YOUR PERCEPTUAL SUPERPOWERS,,0.0,4.0,0 OR 4,In-Person,Riverside,28,24,0,0,,,,F 1100-1150 Psychology 3210 Discussion,"Louth, Dylan (primary)",,https://registrationssb.ucr.edu/StudentRegistrationSsb/ssb/searchResults/searchResults?txt_term=202220&startDatepicker=&endDatepicker=&uniqueSessionId=dg2dd81befc13a&pageOffset=8500&pageMaxSize=500&sortColumn=subjectDescription&sortDirection=asc,2026-09-12T16:08:37.9235930+00:00,2026-09-12T17:35:35.5830410+00:00
ucr,202220,Spring 2022 (View Only),SOC,001,59426,022,INTRODUCTION TO SOCIOLOGY,,0.0,4.0,0 OR 4,Online,Riverside,28,28,5,0,,,,F 0900-0950 Online ONLINE Discussion,"Valencia Barraza, Bianca (primary)",,https://registrationssb.ucr.edu/StudentRegistrationSsb/ssb/searchResults/searchResults?txt_term=202220&startDatepicker=&endDatepicker=&uniqueSessionId=dg2dd81befc13a&pageOffset=9000&pageMaxSize=500&sortColumn=subjectDescription&sortDirection=asc,2026-09-12T16:08:42.3740820+00:00,2026-09-12T17:35:35.5830410+00:00
ucr,202220,Spring 2022 (View Only),SOC,147,70571,022,CORRECTIONS,,0.0,4.0,0 OR 4,Online,Riverside,25,25,5,0,,,,T 0900-0950 Online ONLINE Discussion,"Bruene, Sara (primary)",,https://registrationssb.ucr.edu/StudentRegistrationSsb/ssb/searchResults/searchResults?txt_term=202220&startDatepicker=&endDatepicker=&uniqueSessionId=dg2dd81befc13a&pageOffset=9000&pageMaxSize=500&sortColumn=subjectDescription&sortDirection=asc,2026-09-12T16:08:42.3740820+00:00,2026-09-12T17:35:35.5830410+00:00
ucr,202230,Summer 2022 (View Only),CLA,040,74933,A01,CLASSICAL MYTHOLOGY,,0.0,4.0,0 OR 4,Online,Riverside,30,30,0,0,,,,MTWR 1100-1220 Online ONLINE Lecture,"King, Benjamin (primary)",,https://registrationssb.ucr.edu/StudentRegistrationSsb/ssb/searchResults/searchResults?txt_term=202230&startDatepicker=&endDatepicker=&uniqueSessionId=dg1e5c6daba3df&pageOffset=0&pageMaxSize=500&sortColumn=subjectDescription&sortDirection=asc,2026-09-12T16:07:10.4737800+00:00,2026-09-12T17:34:10.4906000+00:00
ucr,202230,Summer 2022 (View Only),DNCE,007,75004,F01,DANCE: CULTURES AND CONTEXTS,,0.0,4.0,0 OR 4,Online,UC Online Education,60,40,0,0,,,,none - Online ONLINE Lecture,"Shea Murphy, Jacqueline (primary) ; Chatterjee, Sinjini",,https://registrationssb.ucr.edu/StudentRegistrationSsb/ssb/searchResults/searchResults?txt_term=202230&startDatepicker=&endDatepicker=&uniqueSessionId=dg1e5c6daba3df&pageOffset=0&pageMaxSize=500&sortColumn=subjectDescription&sortDirection=asc,2026-09-12T16:07:10.4737800+00:00,2026-09-12T17:34:10.4906000+00:00
ucr,202240,Fall 2022 (View Only),ARC,072,10318,060,CHEM SPLMNTL INST - CNAS,0.0,0.0,0.0,0,In-Person,Riverside,24,0,0,0,,,,MW 1700-1750 Workshop,,,https://registrationssb.ucr.edu/StudentRegistrationSsb/ssb/searchResults/searchResults?txt_term=202240&startDatepicker=&endDatepicker=&uniqueSessionId=dg9bf452034e49&pageOffset=0&pageMaxSize=500&sortColumn=subjectDescription&sortDirection=asc,2026-09-12T16:05:24.4190250+00:00,2026-09-12T17:33:53.9423470+00:00
ucr,202240,Fall 2022 (View Only),ARC,080,22053,099,COE: LEARNING CENTER WORKSHOP,0.0,0.0,0.0,0,In-Person,Riverside,100,0,0,0,,,,none - Workshop,,,https://registrationssb.ucr.edu/StudentRegistrationSsb/ssb/searchResults/searchResults?txt_term=202240&startDatepicker=&endDatepicker=&uniqueSessionId=dg9bf452034e49&pageOffset=0&pageMaxSize=500&sortColumn=subjectDescription&sortDirection=asc,2026-09-12T16:05:24.4190250+00:00,2026-09-12T17:33:53.9423470+00:00
ucr,202240,Fall 2022 (View Only),BCH,197,10552,04Z,RESEARCH FOR UNDERGRADUATE STUDENTS,,1.0,4.0,1 TO 4,In-Person,Riverside,30,0,0,0,,,,none - Research,"Zidovetzki, Raphael (primary)",,https://registrationssb.ucr.edu/StudentRegistrationSsb/ssb/searchResults/searchResults?txt_term=202240&startDatepicker=&endDatepicker=&uniqueSessionId=dg9bf452034e49&pageOffset=500&pageMaxSize=500&sortColumn=subjectDescription&sortDirection=asc,2026-09-12T16:05:29.6760150+00:00,2026-09-12T17:33:53.9423470+00:00
ucr,202240,Fall 2022 (View Only),CRWT,046S,32271,025,COOL & EXCTNG CNTMPRY FCTN,,0.0,4.0,0 OR 4,In-Person,Riverside,15,15,5,0,,,,F 1000-1050 CHASS Interdisciplinary-North 3043 Discussion,"O'Bryant, Ebonee (primary)",,https://registrationssb.ucr.edu/StudentRegistrationSsb/ssb/searchResults/searchResults?txt_term=202240&startDatepicker=&endDatepicker=&uniqueSessionId=dg9bf452034e49&pageOffset=3000&pageMaxSize=500&sortColumn=subjectDescription&sortDirection=asc,2026-09-12T16:05:56.3672380+00:00,2026-09-12T17:33:53.9423470+00:00
ucr,202240,Fall 2022 (View Only),CS,150,26237,022,AUTOMATA AND FORMAL LANGUAGES,,0.0,4.0,0 OR 4,In-Person,Riverside,50,48,99,0,,,,T 1600-1650 Physics 2104 Discussion,"Huang, Jingong (primary)",,https://registrationssb.ucr.edu/StudentRegistrationSsb/ssb/searchResults/searchResults?txt_term=202240&startDatepicker=&endDatepicker=&uniqueSessionId=dg9bf452034e49&pageOffset=3000&pageMaxSize=500&sortColumn=subjectDescription&sortDirection=asc,2026-09-12T16:05:56.3672380+00:00,2026-09-12T17:33:53.9423470+00:00
ucr,202240,Fall 2022 (View Only),EDUC,050,34570,016,INTERCOLLEGIATE ATHLETICS AND AMERICAN HIGHER EDUCATION,,0.0,4.0,0 OR 4,Online,UC Online Education,25,25,99,0,,,,none - Online ONLINE Discussion,"Grummert, Sara ; Frazier, Dresden (primary)",,https://registrationssb.ucr.edu/StudentRegistrationSsb/ssb/searchResults/searchResults?txt_term=202240&startDatepicker=&endDatepicker=&uniqueSessionId=dg9bf452034e49&pageOffset=3500&pageMaxSize=500&sortColumn=subjectDescription&sortDirection=asc,2026-09-12T16:06:01.2023210+00:00,2026-09-12T17:33:53.9423470+00:00
ucr,202240,Fall 2022 (View Only),GEO,163,30743,001,GLOBAL PHYSICAL CLIMATOLOGY,,0.0,4.0,0 OR 4,In-Person,Riverside,30,8,0,0,,,,WF 0930-1050 Pierce Hall 2343 Lecture,"Liu, Wei (primary)",,https://registrationssb.ucr.edu/StudentRegistrationSsb/ssb/searchResults/searchResults?txt_term=202240&startDatepicker=&endDatepicker=&uniqueSessionId=dg9bf452034e49&pageOffset=5500&pageMaxSize=500&sortColumn=subjectDescription&sortDirection=asc,2026-09-12T16:06:18.3643020+00:00,2026-09-12T17:33:53.9423470+00:00
ucr,202240,Fall 2022 (View Only),HIST,201C,33739,001,"READING SEMINAR IN AMERICAN HISTORY: UNITED STATES, 1877 TO THE PRESENT",4.0,4.0,4.0,4,In-Person,Riverside,15,9,0,0,,,,R 1500-1750 Humanities and Social Sciences 1303 Lecture,"McGarry, Molly (primary)",,https://registrationssb.ucr.edu/StudentRegistrationSsb/ssb/searchResults/searchResults?txt_term=202240&startDatepicker=&endDatepicker=&uniqueSessionId=dg9bf452034e49&pageOffset=6000&pageMaxSize=500&sortColumn=subjectDescription&sortDirection=asc,2026-09-12T16:06:22.4263600+00:00,2026-09-12T17:33:53.9423470+00:00
ucr,202240,Fall 2022 (View Only),MATH,022,23904,006,CALCULUS FOR BUSINESS,,0.0,5.0,0 OR 5,In-Person,Riverside,35,33,99,0,,,,TR 1300-1350 Materials Sci and Engineering 011 Discussion,"Williams, Christian (primary)",,https://registrationssb.ucr.edu/StudentRegistrationSsb/ssb/searchResults/searchResults?txt_term=202240&startDatepicker=&endDatepicker=&uniqueSessionId=dg9bf452034e49&pageOffset=7000&pageMaxSize=500&sortColumn=subjectDescription&sortDirection=asc,2026-09-12T16:06:32.4099710+00:00,2026-09-12T17:33:53.9423470+00:00
ucr,202240,Fall 2022 (View Only),MATH,290,16675,C08,DIRECTED STUDIES,,1.0,6.0,1 TO 6,In-Person,Riverside,30,0,0,0,,,,none - Tutorial,,,https://registrationssb.ucr.edu/StudentRegistrationSsb/ssb/searchResults/searchResults?txt_term=202240&startDatepicker=&endDatepicker=&uniqueSessionId=dg9bf452034e49&pageOffset=7000&pageMaxSize=500&sortColumn=subjectDescription&sortDirection=asc,2026-09-12T16:06:32.4099710+00:00,2026-09-12T17:33:53.9423470+00:00
ucr,202240,Fall 2022 (View Only),MATH,297,16724,86S,DIRECTED RESEARCH,,1.0,6.0,1 TO 6,In-Person,Riverside,30,0,0,0,,,,none - Research,"Schultz, Reinhard (primary)",,https://registrationssb.ucr.edu/StudentRegistrationSsb/ssb/searchResults/searchResults?txt_term=202240&startDatepicker=&endDatepicker=&uniqueSessionId=dg9bf452034e49&pageOffset=7000&pageMaxSize=500&sortColumn=subjectDescription&sortDirection=asc,2026-09-12T16:06:32.4099710+00:00,2026-09-12T17:33:53.9423470+00:00
ucr,202240,Fall 2022 (View Only),MCBL,297,16786,S49,DIRECTED RESEARCH,,1.0,6.0,1 TO 6,In-Person,Riverside,30,2,0,0,,,,none - Research,"Stajich, Jason (primary)",,https://registrationssb.ucr.edu/StudentRegistrationSsb/ssb/searchResults/searchResults?txt_term=202240&startDatepicker=&endDatepicker=&uniqueSessionId=dg9bf452034e49&pageOffset=7500&pageMaxSize=500&sortColumn=subjectDescription&sortDirection=asc,2026-09-12T16:06:36.5007790+00:00,2026-09-12T17:33:53.9423470+00:00
ucr,202240,Fall 2022 (View Only),MCBL,297,22875,27J,DIRECTED RESEARCH,,1.0,6.0,1 TO 6,In-Person,Riverside,30,0,0,0,,,,none - Research,"Jin, Hailing (primary)",,https://registrationssb.ucr.edu/StudentRegistrationSsb/ssb/searchResults/searchResults?txt_term=202240&startDatepicker=&endDatepicker=&uniqueSessionId=dg9bf452034e49&pageOffset=7500&pageMaxSize=500&sortColumn=subjectDescription&sortDirection=asc,2026-09-12T16:06:36.5007790+00:00,2026-09-12T17:33:53.9423470+00:00
ucr,202240,Fall 2022 (View Only),MUS,291,17373,C66,INDIVIDUAL STUDY IN COORDINATED AREAS,,1.0,6.0,1 TO 6,In-Person,Riverside,5,0,0,0,,,,none - Individualized Study,"Chagas, Paulo (primary)",,https://registrationssb.ucr.edu/StudentRegistrationSsb/ssb/searchResults/searchResults?txt_term=202240&startDatepicker=&endDatepicker=&uniqueSessionId=dg9bf452034e49&pageOffset=7500&pageMaxSize=500&sortColumn=subjectDescription&sortDirection=asc,2026-09-12T16:06:36.5007790+00:00,2026-09-12T17:33:53.9423470+00:00
ucr,202240,Fall 2022 (View Only),PSYC,291,29060,H18,INDIVIDUAL STUDY IN COORDINATED AREAS,,1.0,6.0,1 TO 6,In-Person,Riverside,10,2,0,0,,,,none - Research,"Bennett, Ilana (primary)",,https://registrationssb.ucr.edu/StudentRegistrationSsb/ssb/searchResults/searchResults?txt_term=202240&startDatepicker=&endDatepicker=&uniqueSessionId=dg9bf452034e49&pageOffset=9500&pageMaxSize=500&sortColumn=subjectDescription&sortDirection=asc,2026-09-12T16:06:53.5397150+00:00,2026-09-12T17:33:53.9423470+00:00
ucr,202240,Fall 2022 (View Only),PSYC,299,25287,M52,RESEARCH FOR THESIS OR DISSERTATION,,1.0,12.0,1 TO 12,In-Person,Riverside,30,2,0,0,,,,none - Thesis,"Michalska, Kalina (primary)",,https://registrationssb.ucr.edu/StudentRegistrationSsb/ssb/searchResults/searchResults?txt_term=202240&startDatepicker=&endDatepicker=&uniqueSessionId=dg9bf452034e49&pageOffset=9500&pageMaxSize=500&sortColumn=subjectDescription&sortDirection=asc,2026-09-12T16:06:53.5397150+00:00,2026-09-12T17:33:53.9423470+00:00
ucr,202240,Fall 2022 (View Only),SOC,151,26215,022,FORMAL ORGANIZATIONS,,0.0,4.0,0 OR 4,Online,Riverside,27,26,5,0,,,,T 1500-1550 Online ONLINE Discussion,"Rodriguez, Bernabe (primary)",,https://registrationssb.ucr.edu/StudentRegistrationSsb/ssb/searchResults/searchResults?txt_term=202240&startDatepicker=&endDatepicker=&uniqueSessionId=dg9bf452034e49&pageOffset=10000&pageMaxSize=500&sortColumn=subjectDescription&sortDirection=asc,2026-09-12T16:06:58.0037000+00:00,2026-09-12T17:33:53.9423470+00:00
ucr,202240,Fall 2022 (View Only),STAT,197,27743,27Y,RESEARCH FOR UNDERGRADUATES,,2.0,4.0,2 TO 4,In-Person,Riverside,30,1,99,0,,,,none - Research,"Yao, Weixin (primary)",,https://registrationssb.ucr.edu/StudentRegistrationSsb/ssb/searchResults/searchResults?txt_term=202240&startDatepicker=&endDatepicker=&uniqueSessionId=dg9bf452034e49&pageOffset=10000&pageMaxSize=500&sortColumn=subjectDescription&sortDirection=asc,2026-09-12T16:06:58.0037000+00:00,2026-09-12T17:33:53.9423470+00:00
ucr,202310,Winter 2023 (View Only),ART,293,42003,16Z,DIRECTED INDIVIDUAL STUDIO PRODUCTION,,1.0,4.0,1 TO 4,In-Person,Riverside,10,3,0,0,,,,none - Studio,"Zaki, Amir (primary)",,https://registrationssb.ucr.edu/StudentRegistrationSsb/ssb/searchResults/searchResults?txt_term=202310&startDatepicker=&endDatepicker=&uniqueSessionId=dgdb61d7648888&pageOffset=0&pageMaxSize=500&sortColumn=subjectDescription&sortDirection=asc,2026-09-12T16:03:51.4900070+00:00,2026-09-12T17:32:21.8646490+00:00
ucr,202310,Winter 2023 (View Only),CBNS,197,31846,60H,RESEARCH FOR UNDERGRADUATES,,1.0,4.0,1 TO 4,In-Person,Riverside,30,0,0,0,,,,none - Research,"Hickmott, Peter (primary)",,https://registrationssb.ucr.edu/StudentRegistrationSsb/ssb/searchResults/searchResults?txt_term=202310&startDatepicker=&endDatepicker=&uniqueSessionId=dgdb61d7648888&pageOffset=1500&pageMaxSize=500&sortColumn=subjectDescription&sortDirection=asc,2026-09-12T16:04:03.5467980+00:00,2026-09-12T17:32:21.8646490+00:00
ucr,202310,Winter 2023 (View Only),CHE,105,32012,001,INTRODUCTION TO NANOSCALE ENGINEERING,,0.0,4.0,0 OR 4,In-Person,Riverside,50,12,0,0,,,,TR 1700-1820 Materials Sci and Engineering 103 Lecture,"Abdul-Aziz, Kandis (primary)",,https://registrationssb.ucr.edu/StudentRegistrationSsb/ssb/searchResults/searchResults?txt_term=202310&startDatepicker=&endDatepicker=&uniqueSessionId=dgdb61d7648888&pageOffset=2000&pageMaxSize=500&sortColumn=subjectDescription&sortDirection=asc,2026-09-12T16:04:07.7025040+00:00,2026-09-12T17:32:21.8646490+00:00
ucr,202310,Winter 2023 (View Only),CHEM,199,32252,01T,SENIOR RESEARCH,,1.0,4.0,1 TO 4,In-Person,Riverside,30,0,0,0,,,,none - Research,"Tang, Ming (primary)",,https://registrationssb.ucr.edu/StudentRegistrationSsb/ssb/searchResults/searchResults?txt_term=202310&startDatepicker=&endDatepicker=&uniqueSessionId=dgdb61d7648888&pageOffset=2500&pageMaxSize=500&sortColumn=subjectDescription&sortDirection=asc,2026-09-12T16:04:12.3396590+00:00,2026-09-12T17:32:21.8646490+00:00
ucr,202310,Winter 2023 (View Only),CMDB,299,32752,04Z,RESEARCH FOR THE THESIS OR DISSERTATION,,1.0,12.0,1 TO 12,In-Person,Riverside,30,0,0,0,,,,none - Research,"Zidovetzki, Raphael (primary)",,https://registrationssb.ucr.edu/StudentRegistrationSsb/ssb/searchResults/searchResults?txt_term=202310&startDatepicker=&endDatepicker=&uniqueSessionId=dgdb61d7648888&pageOffset=2000&pageMaxSize=500&sortColumn=subjectDescription&sortDirection=asc,2026-09-12T16:04:07.7025040+00:00,2026-09-12T17:32:21.8646490+00:00
ucr,202310,Winter 2023 (View Only),CMDB,299,32766,18Z,RESEARCH FOR THE THESIS OR DISSERTATION,,1.0,12.0,1 TO 12,In-Person,Riverside,30,0,999,0,,,,none - Research,"Schoepf, Laura (primary)",,https://registrationssb.ucr.edu/StudentRegistrationSsb/ssb/searchResults/searchResults?txt_term=202310&startDatepicker=&endDatepicker=&uniqueSessionId=dgdb61d7648888&pageOffset=2000&pageMaxSize=500&sortColumn=subjectDescription&sortDirection=asc,2026-09-12T16:04:07.7025040+00:00,2026-09-12T17:32:21.8646490+00:00
ucr,202310,Winter 2023 (View Only),CS,277,53977,001,DATA CENTRIC COMPUTER ARCHITECTURE,4.0,4.0,4.0,4,In-Person,Riverside,60,10,0,0,Q5,60,10,MW 1200-1320 North District A1010 Lecture,"Sadredini, Elaheh (primary)",,https://registrationssb.ucr.edu/StudentRegistrationSsb/ssb/searchResults/searchResults?txt_term=202310&startDatepicker=&endDatepicker=&uniqueSessionId=dgdb61d7648888&pageOffset=3000&pageMaxSize=500&sortColumn=subjectDescription&sortDirection=asc,2026-09-12T16:04:16.4477700+00:00,2026-09-12T17:32:21.8646490+00:00
ucr,202310,Winter 2023 (View Only),ETST,190,35338,B33,SPECIAL STUDIES,,1.0,5.0,1 TO 5,In-Person,Riverside,30,0,0,0,,,,none - Individualized Study,"Baik, Crystal (primary)",,https://registrationssb.ucr.edu/StudentRegistrationSsb/ssb/searchResults/searchResults?txt_term=202310&startDatepicker=&endDatepicker=&uniqueSessionId=dgdb61d7648888&pageOffset=5000&pageMaxSize=500&sortColumn=subjectDescription&sortDirection=asc,2026-09-12T16:04:31.6889260+00:00,2026-09-12T17:32:21.8646490+00:00
ucr,202310,Winter 2023 (View Only),HIST,010,36098,031,WORLD HISTORY: PREHISTORY TO 1500,,0.0,4.0,0 OR 4,In-Person,Riverside,12,23,5,0,,,,W 1030-1120 North District A1000 Discussion,"Bennett, Stacie (primary)",,https://registrationssb.ucr.edu/StudentRegistrationSsb/ssb/searchResults/searchResults?txt_term=202310&startDatepicker=&endDatepicker=&uniqueSessionId=dgdb61d7648888&pageOffset=6000&pageMaxSize=500&sortColumn=subjectDescription&sortDirection=asc,2026-09-12T16:04:39.1756780+00:00,2026-09-12T17:32:21.8646490+00:00
ucr,202310,Winter 2023 (View Only),ME,010,37193,021,STATICS,,0.0,4.0,0 OR 4,In-Person,Riverside,50,50,99,0,,,,M 0900-0950 Winston Chung Hall 142 Discussion,"Li, Boshen (primary)",,https://registrationssb.ucr.edu/StudentRegistrationSsb/ssb/searchResults/searchResults?txt_term=202310&startDatepicker=&endDatepicker=&uniqueSessionId=dgdb61d7648888&pageOffset=7000&pageMaxSize=500&sortColumn=subjectDescription&sortDirection=asc,2026-09-12T16:04:47.0719710+00:00,2026-09-12T17:32:21.8646490+00:00
ucr,202310,Winter 2023 (View Only),PSYC,001,38977,038,INTRODUCTORY PSYCHOLOGY,,0.0,4.0,0 OR 4,In-Person,Riverside,14,14,0,0,,,,R 1900-1950 Psychology 1213 Discussion,"Avitua, Angela (primary)",,https://registrationssb.ucr.edu/StudentRegistrationSsb/ssb/searchResults/searchResults?txt_term=202310&startDatepicker=&endDatepicker=&uniqueSessionId=dgdb61d7648888&pageOffset=9000&pageMaxSize=500&sortColumn=subjectDescription&sortDirection=asc,2026-09-12T16:05:03.2677370+00:00,2026-09-12T17:32:21.8646490+00:00
ucr,202320,Spring 2023 (View Only),BIOL,116,69467,025,ECOLOGY AND CONSERVATION BIOLOGY,,0.0,4.0,0 OR 4,Online,UC Online Education,20,20,99,0,8F,22,21,W 0900-0950 Online ONLINE Discussion,"Conway, Ryan (primary)",,https://registrationssb.ucr.edu/StudentRegistrationSsb/ssb/searchResults/searchResults?txt_term=202320&startDatepicker=&endDatepicker=&uniqueSessionId=dg15f583065554&pageOffset=500&pageMaxSize=500&sortColumn=subjectDescription&sortDirection=asc,2026-09-12T16:02:30.5583850+00:00,2026-09-12T17:30:51.6039980+00:00
ucr,202320,Spring 2023 (View Only),CHEM,296,63579,32Z,SPECIAL TOPICS SEMINAR,2.0,2.0,2.0,2,In-Person,Riverside,15,2,0,0,,,,none - Seminar,"Zhang, Haofei (primary)",,https://registrationssb.ucr.edu/StudentRegistrationSsb/ssb/searchResults/searchResults?txt_term=202320&startDatepicker=&endDatepicker=&uniqueSessionId=dg15f583065554&pageOffset=2500&pageMaxSize=500&sortColumn=subjectDescription&sortDirection=asc,2026-09-12T16:02:46.6812490+00:00,2026-09-12T17:30:51.6039980+00:00
ucr,202320,Spring 2023 (View Only),CMDB,297,70725,55N,DIRECTED RESEARCH,,1.0,6.0,1 TO 6,In-Person,Riverside,10,1,99,0,,,,none - Research,"Ninova, Maria (primary)",,https://registrationssb.ucr.edu/StudentRegistrationSsb/ssb/searchResults/searchResults?txt_term=202320&startDatepicker=&endDatepicker=&uniqueSessionId=dg15f583065554&pageOffset=1500&pageMaxSize=500&sortColumn=subjectDescription&sortDirection=asc,2026-09-12T16:02:38.0867650+00:00,2026-09-12T17:30:51.6039980+00:00
ucr,202320,Spring 2023 (View Only),CPLT,166,71751,001,VIETNAM AND THE PHILIPPINES,4.0,4.0,4.0,4,In-Person,Riverside,40,12,10,0,RR,40,25,TR 0800-0920 CHASS Interdisciplinary-South 1121 Lecture,"Nguyen, Minh (primary)",,https://registrationssb.ucr.edu/StudentRegistrationSsb/ssb/searchResults/searchResults?txt_term=202320&startDatepicker=&endDatepicker=&uniqueSessionId=dg15f583065554&pageOffset=2500&pageMaxSize=500&sortColumn=subjectDescription&sortDirection=asc,2026-09-12T16:02:46.6812490+00:00,2026-09-12T17:30:51.6039980+00:00
ucr,202320,Spring 2023 (View Only),EE,020A,70337,001,INTRODUCTION TO ORDINARY DIFFERENTIAL EQUATIONS FOR PHYSICAL SCIENCES AND ENGINEERING,,0.0,4.0,0 OR 4,In-Person,Riverside,60,48,0,0,Y1,60,57,MW 1530-1650 Spieth Hall 2200 Lecture,"Chen, Weitao (primary)",,https://registrationssb.ucr.edu/StudentRegistrationSsb/ssb/searchResults/searchResults?txt_term=202320&startDatepicker=&endDatepicker=&uniqueSessionId=dg15f583065554&pageOffset=3500&pageMaxSize=500&sortColumn=subjectDescription&sortDirection=asc,2026-09-12T16:02:54.6418740+00:00,2026-09-12T17:30:51.6039980+00:00
ucr,202320,Spring 2023 (View Only),MSE,297,57273,M01,DIRECTED RESEARCH,,1.0,6.0,1 TO 6,In-Person,Riverside,10,1,0,0,,,,none - Research,"Mills, Allen (primary)",,https://registrationssb.ucr.edu/StudentRegistrationSsb/ssb/searchResults/searchResults?txt_term=202320&startDatepicker=&endDatepicker=&uniqueSessionId=dg15f583065554&pageOffset=6000&pageMaxSize=500&sortColumn=subjectDescription&sortDirection=asc,2026-09-12T16:03:14.1482270+00:00,2026-09-12T17:30:51.6039980+00:00
ucr,202320,Spring 2023 (View Only),PHYS,214,58216,001,TECHNIQUES OF OBSERVATIONAL ASTROPHYSICS,,0.0,4.0,0 OR 4,In-Person,Riverside,15,10,0,0,,,,MWF 0900-0950 Sproul Hall 2212 Lecture,"Beving, Derek ; Canalizo, Gabriela (primary)",,https://registrationssb.ucr.edu/StudentRegistrationSsb/ssb/searchResults/searchResults?txt_term=202320&startDatepicker=&endDatepicker=&uniqueSessionId=dg15f583065554&pageOffset=8000&pageMaxSize=500&sortColumn=subjectDescription&sortDirection=asc,2026-09-12T16:03:30.1445300+00:00,2026-09-12T17:30:51.6039980+00:00
ucr,202320,Spring 2023 (View Only),POSC,291,58686,C17,INDIVIDUAL STUDY IN COORDINATED AREAS,,1.0,12.0,1 TO 12,In-Person,Riverside,30,0,0,0,,,,none - Research,"Collingwood, Loren (primary)",,https://registrationssb.ucr.edu/StudentRegistrationSsb/ssb/searchResults/searchResults?txt_term=202320&startDatepicker=&endDatepicker=&uniqueSessionId=dg15f583065554&pageOffset=8500&pageMaxSize=500&sortColumn=subjectDescription&sortDirection=asc,2026-09-12T16:03:33.9749620+00:00,2026-09-12T17:30:51.6039980+00:00
ucr,202320,Spring 2023 (View Only),PSYC,270,59108,001,CURRENT RESEARCH IN QUANTITATIVE PSYCHOLOGY,2.0,2.0,2.0,2,In-Person,Riverside,35,9,0,0,,,,T 1200-1250 Psychology 3210 Seminar,"Ozer, Daniel (primary)",,https://registrationssb.ucr.edu/StudentRegistrationSsb/ssb/searchResults/searchResults?txt_term=202320&startDatepicker=&endDatepicker=&uniqueSessionId=dg15f583065554&pageOffset=9000&pageMaxSize=500&sortColumn=subjectDescription&sortDirection=asc,2026-09-12T16:03:38.0599210+00:00,2026-09-12T17:30:51.6039980+00:00
ucr,202320,Spring 2023 (View Only),RLST,012,59302,001,RELIGIOUS MYTHS AND RITUALS,,0.0,4.0,0 OR 4,In-Person,Riverside,360,177,0,0,JE,360,360,MW 2000-2120 Student Success Center 229 Lecture,"Womack, Nathan (primary) ; Zamusinski, Alexandr ; Ren, Xin ; Valencia, Christopher ; Rodriguez Juan, Alba",,https://registrationssb.ucr.edu/StudentRegistrationSsb/ssb/searchResults/searchResults?txt_term=202320&startDatepicker=&endDatepicker=&uniqueSessionId=dg15f583065554&pageOffset=9000&pageMaxSize=500&sortColumn=subjectDescription&sortDirection=asc,2026-09-12T16:03:38.0599210+00:00,2026-09-12T17:30:51.6039980+00:00
ucr,202320,Spring 2023 (View Only),SPN,109A,71653,002,SPANISH FOR THE NATIVE SPEAKER,4.0,4.0,4.0,4,In-Person,Riverside,25,23,5,0,,,,TR 0930-1050 CHASS Interdisciplinary-South 1132 Lecture,"Landeros, Luz (primary) ; Lemus, Linda",,https://registrationssb.ucr.edu/StudentRegistrationSsb/ssb/searchResults/searchResults?txt_term=202320&startDatepicker=&endDatepicker=&uniqueSessionId=dg15f583065554&pageOffset=9500&pageMaxSize=500&sortColumn=subjectDescription&sortDirection=asc,2026-09-12T16:03:41.7682060+00:00,2026-09-12T17:30:51.6039980+00:00
ucr,202330,Summer 2023 (View Only),BIOL,030,70181,A22,HUMAN REPRODUCTION AND SEXUAL BEHAVIOR,,0.0,4.0,0 OR 4,In-Person,Riverside,30,27,99,0,,,,MW 1330-1420 Humanities and Social Sciences 1406 Discussion,"Chatterjee, Soumyadeep (primary)",,https://registrationssb.ucr.edu/StudentRegistrationSsb/ssb/searchResults/searchResults?txt_term=202330&startDatepicker=&endDatepicker=&uniqueSessionId=dgf83515ab5b40&pageOffset=0&pageMaxSize=500&sortColumn=subjectDescription&sortDirection=asc,2026-09-12T16:02:08.9798330+00:00,2026-09-12T17:29:19.8300860+00:00
ucr,202330,Summer 2023 (View Only),BUS,105,70290,B01,PRODUCTION AND OPERATIONS MANAGEMENT,,0.0,4.0,0 OR 4,Online,UCR Online,100,98,0,0,,,,MW 1300-1550 Online ONLINE Lecture,"El-Hafsi, Mohsen (primary) ; Zolghadr, Mohammad ; Su, Zoe",,https://registrationssb.ucr.edu/StudentRegistrationSsb/ssb/searchResults/searchResults?txt_term=202330&startDatepicker=&endDatepicker=&uniqueSessionId=dg45441335f399&pageOffset=0&pageMaxSize=500&sortColumn=subjectDescription&sortDirection=asc,2026-09-12T17:29:12.3924490+00:00,2026-09-12T17:29:19.8300860+00:00
ucr,202330,Summer 2023 (View Only),ECON,105A,70668,A01,INTERMEDIATE MACROECONOMIC THEORY,,0.0,5.0,0 OR 5,In-Person,Riverside,30,11,0,0,,,,MTWR 1000-1120 Olmsted 420 Lecture,"Ortego Marti, Victor (primary) ; Bu, Fan",,https://registrationssb.ucr.edu/StudentRegistrationSsb/ssb/searchResults/searchResults?txt_term=202330&startDatepicker=&endDatepicker=&uniqueSessionId=dgf83515ab5b40&pageOffset=0&pageMaxSize=500&sortColumn=subjectDescription&sortDirection=asc,2026-09-12T16:02:08.9798330+00:00,2026-09-12T17:29:19.8300860+00:00
ucr,202330,Summer 2023 (View Only),SOC,160,75510,A21,SOCIOLOGY OF EDUCATION,,0.0,5.0,0 OR 5,In-Person,Riverside,30,13,99,0,,,,TR 1630-1720 CHASS Interdisciplinary-South 2138 Discussion,"Herndon, Brianna (primary)",,https://registrationssb.ucr.edu/StudentRegistrationSsb/ssb/searchResults/searchResults?txt_term=202330&startDatepicker=&endDatepicker=&uniqueSessionId=dgf83515ab5b40&pageOffset=1000&pageMaxSize=500&sortColumn=subjectDescription&sortDirection=asc,2026-09-12T16:02:17.9016960+00:00,2026-09-12T17:29:19.8300860+00:00
ucr,202340,Fall 2023 (View Only),ANTH,020S,34672,029,"CULTURE, HEALTH AND HEALING",,0.0,4.0,0 OR 4,In-Person,Riverside,25,25,0,0,,,,T 1900-1950 Humanities and Social Sciences 1404 Discussion,"Rodriguez, Sophia (primary)",,https://registrationssb.ucr.edu/StudentRegistrationSsb/ssb/searchResults/searchResults?txt_term=202340&startDatepicker=&endDatepicker=&uniqueSessionId=dg087e94379654&pageOffset=0&pageMaxSize=500&sortColumn=subjectDescription&sortDirection=asc,2026-09-12T16:00:24.0097740+00:00,2026-09-12T17:29:04.0732870+00:00
ucr,202340,Fall 2023 (View Only),AST,030,32120,025,INTRODUCTION TO CHINESE CIVILIZATION,,0.0,5.0,0 OR 5,In-Person,Riverside,25,11,5,0,ML,25,25,F 1200-1250 Olmsted 1126 Discussion,"Xu, Yixin (primary)",,https://registrationssb.ucr.edu/StudentRegistrationSsb/ssb/searchResults/searchResults?txt_term=202340&startDatepicker=&endDatepicker=&uniqueSessionId=dg087e94379654&pageOffset=0&pageMaxSize=500&sortColumn=subjectDescription&sortDirection=asc,2026-09-12T16:00:24.0097740+00:00,2026-09-12T17:29:04.0732870+00:00
ucr,202340,Fall 2023 (View Only),CBNS,197,11751,S06,RESEARCH FOR UNDERGRADUATES,,1.0,4.0,1 TO 4,In-Person,Riverside,30,0,0,0,,,,none - Research,"Saltzman, Wendy (primary)",,https://registrationssb.ucr.edu/StudentRegistrationSsb/ssb/searchResults/searchResults?txt_term=202340&startDatepicker=&endDatepicker=&uniqueSessionId=dg087e94379654&pageOffset=2000&pageMaxSize=500&sortColumn=subjectDescription&sortDirection=asc,2026-09-12T16:00:41.3505690+00:00,2026-09-12T17:29:04.0732870+00:00
ucr,202340,Fall 2023 (View Only),CEE,297,11866,69W,DIRECTED RESEARCH,,1.0,6.0,1 TO 6,In-Person,Riverside,10,0,0,0,,,,none - Research,"Wyman, Charles (primary)",,https://registrationssb.ucr.edu/StudentRegistrationSsb/ssb/searchResults/searchResults?txt_term=202340&startDatepicker=&endDatepicker=&uniqueSessionId=dg087e94379654&pageOffset=2000&pageMaxSize=500&sortColumn=subjectDescription&sortDirection=asc,2026-09-12T16:00:41.3505690+00:00,2026-09-12T17:29:04.0732870+00:00
ucr,202340,Fall 2023 (View Only),CMDB,201,12477,001,MOLECULAR BIOLOGY,,0.0,4.0,0 OR 4,In-Person,Riverside,20,15,0,0,CO,20,15,TR 1100-1220 Gordon Watkins Hall 2101 Lecture,"Le Roch, Karine (primary)",,https://registrationssb.ucr.edu/StudentRegistrationSsb/ssb/searchResults/searchResults?txt_term=202340&startDatepicker=&endDatepicker=&uniqueSessionId=dg087e94379654&pageOffset=2000&pageMaxSize=500&sortColumn=subjectDescription&sortDirection=asc,2026-09-12T16:00:41.3505690+00:00,2026-09-12T17:29:04.0732870+00:00
ucr,202340,Fall 2023 (View Only),CMDB,297,29100,86D,DIRECTED RESEARCH,,1.0,6.0,1 TO 6,In-Person,Riverside,30,1,0,0,,,,none - Research,"Degnan, Patrick (primary)",,https://registrationssb.ucr.edu/StudentRegistrationSsb/ssb/searchResults/searchResults?txt_term=202340&startDatepicker=&endDatepicker=&uniqueSessionId=dg087e94379654&pageOffset=2000&pageMaxSize=500&sortColumn=subjectDescription&sortDirection=asc,2026-09-12T16:00:41.3505690+00:00,2026-09-12T17:29:04.0732870+00:00
ucr,202340,Fall 2023 (View Only),CRWT,066,21650,01A,SCREENWRITING: HOW MOVIES WORK,,0.0,4.0,0 OR 4,In-Person,Riverside,21,21,0,0,IT,75,75,none - Screening,"Bucklin, Michael (primary)",,https://registrationssb.ucr.edu/StudentRegistrationSsb/ssb/searchResults/searchResults?txt_term=202340&startDatepicker=&endDatepicker=&uniqueSessionId=dg087e94379654&pageOffset=3000&pageMaxSize=500&sortColumn=subjectDescription&sortDirection=asc,2026-09-12T16:00:51.1669820+00:00,2026-09-12T17:29:04.0732870+00:00
ucr,202340,Fall 2023 (View Only),ECON,003,13474,027,INTRODUCTION TO MICROECONOMICS,,0.0,5.0,0 OR 5,In-Person,Riverside,27,27,2,0,,,,T 1800-1850 Olmsted 1122 Discussion,"Kumar, Nitish (primary)",,https://registrationssb.ucr.edu/StudentRegistrationSsb/ssb/searchResults/searchResults?txt_term=202340&startDatepicker=&endDatepicker=&uniqueSessionId=dg087e94379654&pageOffset=3500&pageMaxSize=500&sortColumn=subjectDescription&sortDirection=asc,2026-09-12T16:00:55.6942790+00:00,2026-09-12T17:29:04.0732870+00:00
ucr,202340,Fall 2023 (View Only),EE,230,20113,021,MATHEMATICAL METHODS FOR ELECTRICAL ENGINEERS,,0.0,4.0,0 OR 4,In-Person,Riverside,60,26,0,0,,,,W 1400-1450 Student Success Center 308 Discussion,"Zhang, Yanyu (primary)",,https://registrationssb.ucr.edu/StudentRegistrationSsb/ssb/searchResults/searchResults?txt_term=202340&startDatepicker=&endDatepicker=&uniqueSessionId=dg087e94379654&pageOffset=4000&pageMaxSize=500&sortColumn=subjectDescription&sortDirection=asc,2026-09-12T16:00:59.9450610+00:00,2026-09-12T17:29:04.0732870+00:00
ucr,202340,Fall 2023 (View Only),ENGR,198I,27490,66T,INDIVIDUAL INTERNSHIP,,1.0,12.0,1 TO 12,In-Person,Riverside,1,0,0,0,,,,none - Internship,"Tam, Kawai (primary)",,https://registrationssb.ucr.edu/StudentRegistrationSsb/ssb/searchResults/searchResults?txt_term=202340&startDatepicker=&endDatepicker=&uniqueSessionId=dg087e94379654&pageOffset=4000&pageMaxSize=500&sortColumn=subjectDescription&sortDirection=asc,2026-09-12T16:00:59.9450610+00:00,2026-09-12T17:29:04.0732870+00:00
ucr,202340,Fall 2023 (View Only),GEO,266,31456,001,A PRACTICAL INTRODUCTION TO EARTH SYSTEM MODELING AND DYNAMICS,,0.0,4.0,0 OR 4,In-Person,Riverside,25,5,0,0,,,,M 1400-1450 Geology 1444 Lecture,"Ridgwell, Andrew (primary)",,https://registrationssb.ucr.edu/StudentRegistrationSsb/ssb/searchResults/searchResults?txt_term=202340&startDatepicker=&endDatepicker=&uniqueSessionId=dg087e94379654&pageOffset=6000&pageMaxSize=500&sortColumn=subjectDescription&sortDirection=asc,2026-09-12T16:01:18.2545840+00:00,2026-09-12T17:29:04.0732870+00:00
ucr,202340,Fall 2023 (View Only),MCBL,299,16817,03D,RESEARCH FOR THESIS OR DISSERTATION,,1.0,12.0,1 TO 12,In-Person,Riverside,30,0,0,0,,,,none - Research,"Ding, Shou-Wei (primary)",,https://registrationssb.ucr.edu/StudentRegistrationSsb/ssb/searchResults/searchResults?txt_term=202340&startDatepicker=&endDatepicker=&uniqueSessionId=dg087e94379654&pageOffset=7500&pageMaxSize=500&sortColumn=subjectDescription&sortDirection=asc,2026-09-12T16:01:33.9062400+00:00,2026-09-12T17:29:04.0732870+00:00
ucr,202340,Fall 2023 (View Only),MCS,001,32398,030,INTRODUCTION TO MEDIA AND CULTURAL STUDIES,,0.0,4.0,0 OR 4,In-Person,Riverside,28,28,0,0,,,,W 1100-1150 CHASS Interdisciplinary-South 1132 Discussion,"Trinidad, Drew (primary)",,https://registrationssb.ucr.edu/StudentRegistrationSsb/ssb/searchResults/searchResults?txt_term=202340&startDatepicker=&endDatepicker=&uniqueSessionId=dg087e94379654&pageOffset=7500&pageMaxSize=500&sortColumn=subjectDescription&sortDirection=asc,2026-09-12T16:01:33.9062400+00:00,2026-09-12T17:29:04.0732870+00:00
ucr,202340,Fall 2023 (View Only),ME,290,17003,M25,DIRECTED STUDIES,,1.0,6.0,1 TO 6,In-Person,Riverside,15,0,0,0,,,,none - Individualized Study,"Mangolini, Lorenzo (primary)",,https://registrationssb.ucr.edu/StudentRegistrationSsb/ssb/searchResults/searchResults?txt_term=202340&startDatepicker=&endDatepicker=&uniqueSessionId=dg087e94379654&pageOffset=7500&pageMaxSize=500&sortColumn=subjectDescription&sortDirection=asc,2026-09-12T16:01:33.9062400+00:00,2026-09-12T17:29:04.0732870+00:00
ucr,202340,Fall 2023 (View Only),MUS,181G,17325,001,TUBA,2.0,2.0,2.0,2,In-Person,Riverside,10,0,0,0,,,,none - Studio,"Sutherland, Scott (primary)",,https://registrationssb.ucr.edu/StudentRegistrationSsb/ssb/searchResults/searchResults?txt_term=202340&startDatepicker=&endDatepicker=&uniqueSessionId=dg087e94379654&pageOffset=7500&pageMaxSize=500&sortColumn=subjectDescription&sortDirection=asc,2026-09-12T16:01:33.9062400+00:00,2026-09-12T17:29:04.0732870+00:00
ucr,202340,Fall 2023 (View Only),PHYS,139L,32201,002,ELECTRONICS FOR SCIENTISTS,,0.0,5.0,0 OR 5,In-Person,Riverside,19,18,99,0,,,,TR 1530-1820 Physics 2118 Laboratory,"Asaro, Marcus (primary) ; Membreno, Erick ; Mills, Allen",,https://registrationssb.ucr.edu/StudentRegistrationSsb/ssb/searchResults/searchResults?txt_term=202340&startDatepicker=&endDatepicker=&uniqueSessionId=dg087e94379654&pageOffset=8500&pageMaxSize=500&sortColumn=subjectDescription&sortDirection=asc,2026-09-12T16:01:42.7899340+00:00,2026-09-12T17:29:04.0732870+00:00
ucr,202340,Fall 2023 (View Only),PHYS,291,18172,B39,INDIVIDUAL STUDY IN COORDINATED AREAS,,1.0,6.0,1 TO 6,In-Person,Riverside,30,1,0,0,,,,none - Individualized Study,"Becker, George (primary)",,https://registrationssb.ucr.edu/StudentRegistrationSsb/ssb/searchResults/searchResults?txt_term=202340&startDatepicker=&endDatepicker=&uniqueSessionId=dg087e94379654&pageOffset=8500&pageMaxSize=500&sortColumn=subjectDescription&sortDirection=asc,2026-09-12T16:01:42.7899340+00:00,2026-09-12T17:29:04.0732870+00:00
ucr,202340,Fall 2023 (View Only),POSC,170,30560,021,LOCAL LEADERSHIP IN CALIFORNIA,,0.0,4.0,0 OR 4,In-Person,Riverside,30,24,10,0,,,,none - Consultation,"Loveridge, Ronald (primary)",,https://registrationssb.ucr.edu/StudentRegistrationSsb/ssb/searchResults/searchResults?txt_term=202340&startDatepicker=&endDatepicker=&uniqueSessionId=dg087e94379654&pageOffset=9000&pageMaxSize=500&sortColumn=subjectDescription&sortDirection=asc,2026-09-12T16:01:46.8221990+00:00,2026-09-12T17:29:04.0732870+00:00
ucr,202340,Fall 2023 (View Only),PSYC,299,19194,36L,RESEARCH FOR THESIS OR DISSERTATION,,1.0,12.0,1 TO 12,In-Person,Riverside,30,0,0,0,,,,none - Thesis,"Lyubomirsky, Sonja (primary)",,https://registrationssb.ucr.edu/StudentRegistrationSsb/ssb/searchResults/searchResults?txt_term=202340&startDatepicker=&endDatepicker=&uniqueSessionId=dg087e94379654&pageOffset=9500&pageMaxSize=500&sortColumn=subjectDescription&sortDirection=asc,2026-09-12T16:01:51.4971990+00:00,2026-09-12T17:29:04.0732870+00:00
ucr,202410,Winter 2024 (View Only),ANTH,190,30191,13N,SPECIAL STUDIES,,1.0,5.0,1 TO 5,In-Person,Riverside,30,0,0,0,,,,none - Tutorial,"Ness, Sally (primary)",,https://registrationssb.ucr.edu/StudentRegistrationSsb/ssb/searchResults/searchResults?txt_term=202410&startDatepicker=&endDatepicker=&uniqueSessionId=dg36d05bdb2ffc&pageOffset=0&pageMaxSize=500&sortColumn=subjectDescription&sortDirection=asc,2026-09-12T15:58:45.6690970+00:00,2026-09-12T17:27:33.8854530+00:00
ucr,202410,Winter 2024 (View Only),BCH,197,44844,C72,RESEARCH FOR UNDERGRADUATE STUDENTS,,1.0,4.0,1 TO 4,In-Person,Riverside,30,0,0,0,,,,none - Research,"Chen, Xuemei (primary)",,https://registrationssb.ucr.edu/StudentRegistrationSsb/ssb/searchResults/searchResults?txt_term=202410&startDatepicker=&endDatepicker=&uniqueSessionId=dg36d05bdb2ffc&pageOffset=500&pageMaxSize=500&sortColumn=subjectDescription&sortDirection=asc,2026-09-12T15:58:49.8759190+00:00,2026-09-12T17:27:33.8854530+00:00
ucr,202410,Winter 2024 (View Only),CHEM,297,32361,21Y,DIRECTED RESEARCH,,1.0,6.0,1 TO 6,In-Person,Riverside,30,1,999,0,,,,none - Research,"Yin, Yadong (primary)",,https://registrationssb.ucr.edu/StudentRegistrationSsb/ssb/searchResults/searchResults?txt_term=202410&startDatepicker=&endDatepicker=&uniqueSessionId=dg36d05bdb2ffc&pageOffset=2500&pageMaxSize=500&sortColumn=subjectDescription&sortDirection=asc,2026-09-12T15:59:06.2528270+00:00,2026-09-12T17:27:33.8854530+00:00
ucr,202410,Winter 2024 (View Only),CMDB,250,50764,49N,"SPECIAL TOPICS IN CELL, MOLECULAR, AND DEVELOPMENTAL BIOLOGY",,1.0,2.0,1 TO 2,In-Person,Riverside,10,0,0,0,,,,none - Seminar,"Nagel, Dawn (primary)",,https://registrationssb.ucr.edu/StudentRegistrationSsb/ssb/searchResults/searchResults?txt_term=202410&startDatepicker=&endDatepicker=&uniqueSessionId=dg36d05bdb2ffc&pageOffset=1500&pageMaxSize=500&sortColumn=subjectDescription&sortDirection=asc,2026-09-12T15:58:57.7331920+00:00,2026-09-12T17:27:33.8854530+00:00
ucr,202410,Winter 2024 (View Only),CWPA,299,33479,207,RESEARCH FOR THE THESIS OR MANUSCRIPT,,1.0,12.0,1 TO 12,In-Person,Riverside,2,0,0,0,,,,U 1800-2100 Thesis,"Goldberg, Tod (primary)",,https://registrationssb.ucr.edu/StudentRegistrationSsb/ssb/searchResults/searchResults?txt_term=202410&startDatepicker=&endDatepicker=&uniqueSessionId=dg36d05bdb2ffc&pageOffset=3000&pageMaxSize=500&sortColumn=subjectDescription&sortDirection=asc,2026-09-12T15:59:10.7806810+00:00,2026-09-12T17:27:33.8854530+00:00
ucr,202410,Winter 2024 (View Only),EDUC,190,33859,02E,SPECIAL STUDIES,,1.0,5.0,1 TO 5,In-Person,Riverside,10,0,0,0,,,,none - Research,"Echeverria, Begona (primary)",,https://registrationssb.ucr.edu/StudentRegistrationSsb/ssb/searchResults/searchResults?txt_term=202410&startDatepicker=&endDatepicker=&uniqueSessionId=dg36d05bdb2ffc&pageOffset=3500&pageMaxSize=500&sortColumn=subjectDescription&sortDirection=asc,2026-09-12T15:59:15.8356050+00:00,2026-09-12T17:27:33.8854530+00:00
ucr,202410,Winter 2024 (View Only),EEOB,297,34300,H56,DIRECTED RESEARCH,,1.0,6.0,1 TO 6,In-Person,Riverside,30,3,0,0,,,,none - Research,"Higham, Tim (primary)",,https://registrationssb.ucr.edu/StudentRegistrationSsb/ssb/searchResults/searchResults?txt_term=202410&startDatepicker=&endDatepicker=&uniqueSessionId=dg36d05bdb2ffc&pageOffset=5000&pageMaxSize=500&sortColumn=subjectDescription&sortDirection=asc,2026-09-12T15:59:27.4224930+00:00,2026-09-12T17:27:33.8854530+00:00
ucr,202410,Winter 2024 (View Only),ETST,292,44895,L37,CONCURRENT ANALYTICAL STUDIES IN ETHNIC STUDIES,,1.0,4.0,1 TO 4,In-Person,Riverside,5,0,0,0,,,,none - Individualized Study,"Leonard, Wesley (primary)",,https://registrationssb.ucr.edu/StudentRegistrationSsb/ssb/searchResults/searchResults?txt_term=202410&startDatepicker=&endDatepicker=&uniqueSessionId=dg36d05bdb2ffc&pageOffset=5000&pageMaxSize=500&sortColumn=subjectDescription&sortDirection=asc,2026-09-12T15:59:27.4224930+00:00,2026-09-12T17:27:33.8854530+00:00
ucr,202410,Winter 2024 (View Only),GEN,297,35574,25G,DIRECTED RESEARCH,,1.0,6.0,1 TO 6,In-Person,Riverside,30,0,999,0,,,,none - Research,"Gill, Sarjeet (primary)",,https://registrationssb.ucr.edu/StudentRegistrationSsb/ssb/searchResults/searchResults?txt_term=202410&startDatepicker=&endDatepicker=&uniqueSessionId=dg36d05bdb2ffc&pageOffset=5500&pageMaxSize=500&sortColumn=subjectDescription&sortDirection=asc,2026-09-12T15:59:31.1493410+00:00,2026-09-12T17:27:33.8854530+00:00
ucr,202410,Winter 2024 (View Only),HIST,297,36310,68M,DIRECTED RESEARCH,,1.0,6.0,1 TO 6,In-Person,Riverside,30,0,0,0,,,,none - Research,"Michels, Georg (primary)",,https://registrationssb.ucr.edu/StudentRegistrationSsb/ssb/searchResults/searchResults?txt_term=202410&startDatepicker=&endDatepicker=&uniqueSessionId=dg36d05bdb2ffc&pageOffset=6000&pageMaxSize=500&sortColumn=subjectDescription&sortDirection=asc,2026-09-12T15:59:35.1217570+00:00,2026-09-12T17:27:33.8854530+00:00
ucr,202410,Winter 2024 (View Only),HIST,302,48327,L43,TEACHING PRACTICUM,,1.0,4.0,1 TO 4,In-Person,Riverside,30,0,0,0,,,,none - Seminar,"Lehmann, Philipp (primary)",,https://registrationssb.ucr.edu/StudentRegistrationSsb/ssb/searchResults/searchResults?txt_term=202410&startDatepicker=&endDatepicker=&uniqueSessionId=dg36d05bdb2ffc&pageOffset=6000&pageMaxSize=500&sortColumn=subjectDescription&sortDirection=asc,2026-09-12T15:59:35.1217570+00:00,2026-09-12T17:27:33.8854530+00:00
ucr,202410,Winter 2024 (View Only),MGT,299,37429,M38,RESEARCH FOR THESIS OR DISSERTATION,,1.0,12.0,1 TO 12,In-Person,Riverside,30,0,0,0,,,,none - Tutorial,"Maciejovsky, Boris (primary)",,https://registrationssb.ucr.edu/StudentRegistrationSsb/ssb/searchResults/searchResults?txt_term=202410&startDatepicker=&endDatepicker=&uniqueSessionId=dg36d05bdb2ffc&pageOffset=6500&pageMaxSize=500&sortColumn=subjectDescription&sortDirection=asc,2026-09-12T15:59:39.3203630+00:00,2026-09-12T17:27:33.8854530+00:00
ucr,202410,Winter 2024 (View Only),PHYS,297,38522,75L,DIRECTED RESEARCH,,1.0,6.0,1 TO 6,In-Person,Riverside,30,0,999,0,,,,none - Research,"Long, Owen (primary)",,https://registrationssb.ucr.edu/StudentRegistrationSsb/ssb/searchResults/searchResults?txt_term=202410&startDatepicker=&endDatepicker=&uniqueSessionId=dg36d05bdb2ffc&pageOffset=8500&pageMaxSize=500&sortColumn=subjectDescription&sortDirection=asc,2026-09-12T15:59:56.1710570+00:00,2026-09-12T17:27:33.8854530+00:00
ucr,202410,Winter 2024 (View Only),POSC,182F,53695,021,POLITICS AND ECONOMIC POLICY: INTERNATIONAL RELATIONS,,0.0,5.0,0 OR 5,In-Person,Riverside,25,24,10,0,,,,R 2000-2050 Gordon Watkins Hall 2141 Discussion,"Ooi, Bea-Sim (primary)",,https://registrationssb.ucr.edu/StudentRegistrationSsb/ssb/searchResults/searchResults?txt_term=202410&startDatepicker=&endDatepicker=&uniqueSessionId=dg36d05bdb2ffc&pageOffset=9000&pageMaxSize=500&sortColumn=subjectDescription&sortDirection=asc,2026-09-12T16:00:00.9582680+00:00,2026-09-12T17:27:33.8854530+00:00
ucr,202420,Spring 2024 (View Only),ART,005,63449,021,BEGINNING SCULPTURE AND THREE-DIMENSIONAL DESIGN,,0.0,4.0,0 OR 4,In-Person,Riverside,10,19,5,0,,,,R 0900-1150 Art Building 150 Studio,"Lim, Won Ju (primary)",,https://registrationssb.ucr.edu/StudentRegistrationSsb/ssb/searchResults/searchResults?txt_term=202420&startDatepicker=&endDatepicker=&uniqueSessionId=dg2a4b487b080c&pageOffset=0&pageMaxSize=500&sortColumn=subjectDescription&sortDirection=asc,2026-09-12T15:57:11.7356730+00:00,2026-09-12T17:26:03.8303940+00:00
ucr,202420,Spring 2024 (View Only),BMSC,297,51354,11Z,DIRECTED RESEARCH,,1.0,6.0,1 TO 6,In-Person,Riverside,30,0,0,0,,,,none - Research,"Zhong, Wenwan (primary)",,https://registrationssb.ucr.edu/StudentRegistrationSsb/ssb/searchResults/searchResults?txt_term=202420&startDatepicker=&endDatepicker=&uniqueSessionId=dg2a4b487b080c&pageOffset=1000&pageMaxSize=500&sortColumn=subjectDescription&sortDirection=asc,2026-09-12T15:57:20.9310580+00:00,2026-09-12T17:26:03.8303940+00:00
ucr,202420,Spring 2024 (View Only),BPSC,297,74291,93W,DIRECTED RESEARCH,,1.0,6.0,1 TO 6,In-Person,Riverside,30,1,0,0,,,,none - Research,"Wheeldon, Ian (primary)",,https://registrationssb.ucr.edu/StudentRegistrationSsb/ssb/searchResults/searchResults?txt_term=202420&startDatepicker=&endDatepicker=&uniqueSessionId=dg2a4b487b080c&pageOffset=1500&pageMaxSize=500&sortColumn=subjectDescription&sortDirection=asc,2026-09-12T15:57:25.2335130+00:00,2026-09-12T17:26:03.8303940+00:00
ucr,202420,Spring 2024 (View Only),ECON,178,73425,001,INTERNATIONAL TRADE,4.0,4.0,4.0,4,In-Person,Riverside,90,60,0,0,B2,90,88,F 0800-1050 Sproul Hall 1102 Lecture,"Abubaker, Riyad (primary)",,https://registrationssb.ucr.edu/StudentRegistrationSsb/ssb/searchResults/searchResults?txt_term=202420&startDatepicker=&endDatepicker=&uniqueSessionId=dg2a4b487b080c&pageOffset=3500&pageMaxSize=500&sortColumn=subjectDescription&sortDirection=asc,2026-09-12T15:57:43.2214280+00:00,2026-09-12T17:26:03.8303940+00:00
ucr,202420,Spring 2024 (View Only),ENGL,007,62170,003,HIST099W WRITING WORKSHOP,0.5,0.5,0.5,0.5,In-Person,Riverside,148,95,0,0,,,,none - Workshop,"Papica, Raymund ; Sullivan, Kelsey (primary)",,https://registrationssb.ucr.edu/StudentRegistrationSsb/ssb/searchResults/searchResults?txt_term=202420&startDatepicker=&endDatepicker=&uniqueSessionId=dg2a4b487b080c&pageOffset=4000&pageMaxSize=500&sortColumn=subjectDescription&sortDirection=asc,2026-09-12T15:57:47.4917250+00:00,2026-09-12T17:26:03.8303940+00:00
ucr,202420,Spring 2024 (View Only),ENTM,197,54883,28A,RESEARCH FOR UNDERGRADUATES,,1.0,4.0,1 TO 4,In-Person,Riverside,30,2,0,0,,,,none - Research,"Atkinson, Peter (primary)",,https://registrationssb.ucr.edu/StudentRegistrationSsb/ssb/searchResults/searchResults?txt_term=202420&startDatepicker=&endDatepicker=&uniqueSessionId=dg2a4b487b080c&pageOffset=4500&pageMaxSize=500&sortColumn=subjectDescription&sortDirection=asc,2026-09-12T15:57:51.5043810+00:00,2026-09-12T17:26:03.8303940+00:00
ucr,202420,Spring 2024 (View Only),ENTM,302,71118,28A,COLLEGE TEACHING PRACTICUM,,1.0,4.0,1 TO 4,In-Person,Riverside,30,0,0,0,,,,none - Practicum,"Atkinson, Peter (primary)",,https://registrationssb.ucr.edu/StudentRegistrationSsb/ssb/searchResults/searchResults?txt_term=202420&startDatepicker=&endDatepicker=&uniqueSessionId=dg2a4b487b080c&pageOffset=4500&pageMaxSize=500&sortColumn=subjectDescription&sortDirection=asc,2026-09-12T15:57:51.5043810+00:00,2026-09-12T17:26:03.8303940+00:00
ucr,202420,Spring 2024 (View Only),ENTX,290,55051,L17,DIRECTED STUDIES,,1.0,6.0,1 TO 6,In-Person,Riverside,30,0,0,0,,,,none - Research,"Liu, Haizhou (primary)",,https://registrationssb.ucr.edu/StudentRegistrationSsb/ssb/searchResults/searchResults?txt_term=202420&startDatepicker=&endDatepicker=&uniqueSessionId=dg2a4b487b080c&pageOffset=4500&pageMaxSize=500&sortColumn=subjectDescription&sortDirection=asc,2026-09-12T15:57:51.5043810+00:00,2026-09-12T17:26:03.8303940+00:00
ucr,202420,Spring 2024 (View Only),GSST,001S,64487,028,GENDER AND SEXUALITY,,0.0,5.0,0 OR 5,Online,UCR Online,25,25,0,0,,,,W 1200-1250 Online ONLINE Discussion,"Pacyniak, Kori (primary)",,https://registrationssb.ucr.edu/StudentRegistrationSsb/ssb/searchResults/searchResults?txt_term=202420&startDatepicker=&endDatepicker=&uniqueSessionId=dg2a4b487b080c&pageOffset=5000&pageMaxSize=500&sortColumn=subjectDescription&sortDirection=asc,2026-09-12T15:57:55.4132550+00:00,2026-09-12T17:26:03.8303940+00:00
ucr,202420,Spring 2024 (View Only),GSST,147,72932,001,FEMINIST ANIMAL STUDIES,4.0,4.0,4.0,4,In-Person,Riverside,20,18,0,0,,,,T 1230-1520 CHASS Interdisciplinary-North 2043 Lecture,"Guenther, Katja (primary)",,https://registrationssb.ucr.edu/StudentRegistrationSsb/ssb/searchResults/searchResults?txt_term=202420&startDatepicker=&endDatepicker=&uniqueSessionId=dg2a4b487b080c&pageOffset=5000&pageMaxSize=500&sortColumn=subjectDescription&sortDirection=asc,2026-09-12T15:57:55.4132550+00:00,2026-09-12T17:26:03.8303940+00:00
ucr,202420,Spring 2024 (View Only),POSC,199,58622,25E,SENIOR RESEARCH,,1.0,4.0,1 TO 4,In-Person,Riverside,1,0,999,0,,,,none - Research,"Esterling, Kevin (primary)",,https://registrationssb.ucr.edu/StudentRegistrationSsb/ssb/searchResults/searchResults?txt_term=202420&startDatepicker=&endDatepicker=&uniqueSessionId=dg2a4b487b080c&pageOffset=8500&pageMaxSize=500&sortColumn=subjectDescription&sortDirection=asc,2026-09-12T15:58:24.3777140+00:00,2026-09-12T17:26:03.8303940+00:00
ucr,202420,Spring 2024 (View Only),POSC,290,69204,85D,DIRECTED STUDIES,,1.0,6.0,1 TO 6,In-Person,Riverside,30,0,1,0,,,,none - Research,"Dionne, Kim (primary)",,https://registrationssb.ucr.edu/StudentRegistrationSsb/ssb/searchResults/searchResults?txt_term=202420&startDatepicker=&endDatepicker=&uniqueSessionId=dg2a4b487b080c&pageOffset=8500&pageMaxSize=500&sortColumn=subjectDescription&sortDirection=asc,2026-09-12T15:58:24.3777140+00:00,2026-09-12T17:26:03.8303940+00:00
ucr,202430,Summer 2024 (View Only),EDUC,005,75816,A22,INTRODUCTION TO EDUCATION STUDIES,,0.0,4.0,0 OR 4,Online,UCR Online,25,25,99,0,,,,F 1100-1250 Online ONLINE Discussion,"Davis, Breanna (primary)",,https://registrationssb.ucr.edu/StudentRegistrationSsb/ssb/searchResults/searchResults?txt_term=202430&startDatepicker=&endDatepicker=&uniqueSessionId=dg714104308668&pageOffset=500&pageMaxSize=500&sortColumn=subjectDescription&sortDirection=asc,2026-09-12T15:56:57.6500250+00:00,2026-09-12T17:24:37.2917480+00:00
ucr,202430,Summer 2024 (View Only),EDUC,010,75846,B26,PRINCIPLES OF LEARNING STRATEGIES,,0.0,4.0,0 OR 4,Online,UCR Online,25,24,99,0,,,,none - Online ONLINE Discussion,"Cummings-Barkley, Brittany (primary)",,https://registrationssb.ucr.edu/StudentRegistrationSsb/ssb/searchResults/searchResults?txt_term=202430&startDatepicker=&endDatepicker=&uniqueSessionId=dg714104308668&pageOffset=500&pageMaxSize=500&sortColumn=subjectDescription&sortDirection=asc,2026-09-12T15:56:57.6500250+00:00,2026-09-12T17:24:37.2917480+00:00
ucr,202440,Fall 2024 (View Only),BCH,291,10649,01B,INDIVIDUAL STUDY IN BIOCHEMISTRY,,1.0,6.0,1 TO 6,In-Person,Riverside,30,0,0,0,,,,none - Research,"Bachant, Jeffrey (primary)",,https://registrationssb.ucr.edu/StudentRegistrationSsb/ssb/searchResults/searchResults?txt_term=202440&startDatepicker=&endDatepicker=&uniqueSessionId=dg0193a856532a&pageOffset=500&pageMaxSize=500&sortColumn=subjectDescription&sortDirection=asc,2026-09-12T15:55:12.3292440+00:00,2026-09-12T17:24:20.1424480+00:00
ucr,202440,Fall 2024 (View Only),BPSC,297,11433,C95,DIRECTED RESEARCH,,1.0,6.0,1 TO 6,In-Person,Riverside,30,4,0,0,,,,none - Research,"Cutler, Sean (primary)",,https://registrationssb.ucr.edu/StudentRegistrationSsb/ssb/searchResults/searchResults?txt_term=202440&startDatepicker=&endDatepicker=&uniqueSessionId=dg0193a856532a&pageOffset=1500&pageMaxSize=500&sortColumn=subjectDescription&sortDirection=asc,2026-09-12T15:55:21.4784920+00:00,2026-09-12T17:24:20.1424480+00:00
ucr,202440,Fall 2024 (View Only),CEE,299,27295,78C,RESEARCH FOR THE THESIS OR DISSERTATION,,1.0,12.0,1 TO 12,In-Person,Riverside,5,3,0,0,,,,none - Research,"Collins, Don (primary)",,https://registrationssb.ucr.edu/StudentRegistrationSsb/ssb/searchResults/searchResults?txt_term=202440&startDatepicker=&endDatepicker=&uniqueSessionId=dg0193a856532a&pageOffset=2000&pageMaxSize=500&sortColumn=subjectDescription&sortDirection=asc,2026-09-12T15:55:25.3848800+00:00,2026-09-12T17:24:20.1424480+00:00
ucr,202440,Fall 2024 (View Only),CHFY,007,36682,002,CHASS F1RST LEARNING COMMUNITY WORKSHOP,2.0,2.0,2.0,2,Online,UCR Online,50,47,0,0,,,,T 0900-0950 Online ONLINE Workshop,"Stewart, Shellee ; Rogers, Christina (primary)",,https://registrationssb.ucr.edu/StudentRegistrationSsb/ssb/searchResults/searchResults?txt_term=202440&startDatepicker=&endDatepicker=&uniqueSessionId=dg0193a856532a&pageOffset=1500&pageMaxSize=500&sortColumn=subjectDescription&sortDirection=asc,2026-09-12T15:55:21.4784920+00:00,2026-09-12T17:24:20.1424480+00:00
ucr,202440,Fall 2024 (View Only),CHFY,007,36693,008,CHASS F1RST LEARNING COMMUNITY WORKSHOP,2.0,2.0,2.0,2,Online,UCR Online,40,39,0,0,,,,W 1000-1050 Online ONLINE Workshop,"Stewart, Shellee ; Rogers, Christina (primary)",,https://registrationssb.ucr.edu/StudentRegistrationSsb/ssb/searchResults/searchResults?txt_term=202440&startDatepicker=&endDatepicker=&uniqueSessionId=dg0193a856532a&pageOffset=1500&pageMaxSize=500&sortColumn=subjectDescription&sortDirection=asc,2026-09-12T15:55:21.4784920+00:00,2026-09-12T17:24:20.1424480+00:00
ucr,202440,Fall 2024 (View Only),CMDB,297,35018,M34,DIRECTED RESEARCH,,1.0,6.0,1 TO 6,In-Person,Riverside,30,0,0,0,,,,none - Research,"McCole, Declan (primary)",,https://registrationssb.ucr.edu/StudentRegistrationSsb/ssb/searchResults/searchResults?txt_term=202440&startDatepicker=&endDatepicker=&uniqueSessionId=dg0193a856532a&pageOffset=2000&pageMaxSize=500&sortColumn=subjectDescription&sortDirection=asc,2026-09-12T15:55:25.3848800+00:00,2026-09-12T17:24:20.1424480+00:00
ucr,202440,Fall 2024 (View Only),CMDB,299,12668,22Z,RESEARCH FOR THE THESIS OR DISSERTATION,,1.0,12.0,1 TO 12,In-Person,Riverside,30,2,0,0,,,,none - Research,"Zur Nieden, Nicole (primary)",,https://registrationssb.ucr.edu/StudentRegistrationSsb/ssb/searchResults/searchResults?txt_term=202440&startDatepicker=&endDatepicker=&uniqueSessionId=dg0193a856532a&pageOffset=2000&pageMaxSize=500&sortColumn=subjectDescription&sortDirection=asc,2026-09-12T15:55:25.3848800+00:00,2026-09-12T17:24:20.1424480+00:00
ucr,202440,Fall 2024 (View Only),EE,297,22890,66A,DIRECTED RESEARCH,,1.0,6.0,1 TO 6,In-Person,Riverside,15,0,0,0,,,,none - Research,"Abu-Ghazaleh, Nael (primary)",,https://registrationssb.ucr.edu/StudentRegistrationSsb/ssb/searchResults/searchResults?txt_term=202440&startDatepicker=&endDatepicker=&uniqueSessionId=dg0193a856532a&pageOffset=4000&pageMaxSize=500&sortColumn=subjectDescription&sortDirection=asc,2026-09-12T15:55:45.0388320+00:00,2026-09-12T17:24:20.1424480+00:00
ucr,202440,Fall 2024 (View Only),ENGL,001A,36058,071,BEGINNING COMPOSITION,4.0,4.0,4.0,4,In-Person,Riverside,22,22,0,0,,,,TR 0800-0920 Humanities and Social Sciences 1404 Lecture,"Bond, Matthew (primary)",,https://registrationssb.ucr.edu/StudentRegistrationSsb/ssb/searchResults/searchResults?txt_term=202440&startDatepicker=&endDatepicker=&uniqueSessionId=dg0193a856532a&pageOffset=4500&pageMaxSize=500&sortColumn=subjectDescription&sortDirection=asc,2026-09-12T15:55:49.9557230+00:00,2026-09-12T17:24:20.1424480+00:00
ucr,202440,Fall 2024 (View Only),ENSC,001,33597,030,INTRODUCTION TO ENVIRONMENTAL SCIENCE: NATURAL RESOURCES,,0.0,4.0,0 OR 4,In-Person,Riverside,20,38,99,0,,,,F 1500-1550 CHASS Interdisciplinary-South 1121 Discussion,"Buerk, Emma (primary)",,https://registrationssb.ucr.edu/StudentRegistrationSsb/ssb/searchResults/searchResults?txt_term=202440&startDatepicker=&endDatepicker=&uniqueSessionId=dg0193a856532a&pageOffset=5000&pageMaxSize=500&sortColumn=subjectDescription&sortDirection=asc,2026-09-12T15:55:54.3033180+00:00,2026-09-12T17:24:20.1424480+00:00
ucr,202440,Fall 2024 (View Only),ETST,291,24969,31N,INDIVIDUAL STUDY IN COORDINATED AREAS,,1.0,12.0,1 TO 12,In-Person,Riverside,5,1,0,0,,,,none - Individualized Study,"Najera, Jennifer (primary)",,https://registrationssb.ucr.edu/StudentRegistrationSsb/ssb/searchResults/searchResults?txt_term=202440&startDatepicker=&endDatepicker=&uniqueSessionId=dg0193a856532a&pageOffset=5500&pageMaxSize=500&sortColumn=subjectDescription&sortDirection=asc,2026-09-12T15:55:58.2084170+00:00,2026-09-12T17:24:20.1424480+00:00
ucr,202440,Fall 2024 (View Only),HIST,010,15862,031,WORLD HISTORY: PREHISTORY TO 1500,,0.0,4.0,0 OR 4,In-Person,Riverside,24,24,5,0,,,,T 1300-1350 Olmsted 1123 Discussion,"Sanganeria, Innayat (primary)",,https://registrationssb.ucr.edu/StudentRegistrationSsb/ssb/searchResults/searchResults?txt_term=202440&startDatepicker=&endDatepicker=&uniqueSessionId=dg0193a856532a&pageOffset=6000&pageMaxSize=500&sortColumn=subjectDescription&sortDirection=asc,2026-09-12T15:56:02.1148570+00:00,2026-09-12T17:24:20.1424480+00:00
ucr,202440,Fall 2024 (View Only),MCBL,121L,34220,001,MICROBIOLOGY LABORATORY,,0.0,3.0,0 OR 3,In-Person,Riverside,72,44,0,0,B4,72,70,T 0800-0850 Student Success Center 308 Lecture,"Rothman, Jason (primary) ; Shirazi, Roksana ; Andrade, Iris Paula",,https://registrationssb.ucr.edu/StudentRegistrationSsb/ssb/searchResults/searchResults?txt_term=202440&startDatepicker=&endDatepicker=&uniqueSessionId=dg0193a856532a&pageOffset=7500&pageMaxSize=500&sortColumn=subjectDescription&sortDirection=asc,2026-09-12T15:56:15.2910320+00:00,2026-09-12T17:24:20.1424480+00:00
ucr,202440,Fall 2024 (View Only),MGT,220,28349,001,NEGOTIATIONS FOR MANAGERS,4.0,4.0,4.0,4,In-Person,Riverside,70,71,0,0,,,,M 1830-2120 School of Business Building 280 Lecture,"Zwick, Rami (primary)",,https://registrationssb.ucr.edu/StudentRegistrationSsb/ssb/searchResults/searchResults?txt_term=202440&startDatepicker=&endDatepicker=&uniqueSessionId=dg0193a856532a&pageOffset=6500&pageMaxSize=500&sortColumn=subjectDescription&sortDirection=asc,2026-09-12T15:56:05.9801200+00:00,2026-09-12T17:24:20.1424480+00:00
ucr,202440,Fall 2024 (View Only),PBPL,127,38324,022,SOCIOLOGICAL DETERMINANTS OF HEALTH,,0.0,4.0,0 OR 4,In-Person,Riverside,25,3,5,0,42,25,26,W 1500-1550 Gordon Watkins Hall 1147 Discussion,,,https://registrationssb.ucr.edu/StudentRegistrationSsb/ssb/searchResults/searchResults?txt_term=202440&startDatepicker=&endDatepicker=&uniqueSessionId=dg0193a856532a&pageOffset=10000&pageMaxSize=500&sortColumn=subjectDescription&sortDirection=asc,2026-09-12T15:56:38.6146850+00:00,2026-09-12T17:24:20.1424480+00:00
ucr,202440,Fall 2024 (View Only),POSC,302,25100,01C,COLLEGE TEACHING PRACTICUM,,1.0,4.0,1 TO 4,In-Person,Riverside,30,1,0,0,,,,none - Consultation,"Cioffi, John (primary)",,https://registrationssb.ucr.edu/StudentRegistrationSsb/ssb/searchResults/searchResults?txt_term=202440&startDatepicker=&endDatepicker=&uniqueSessionId=dg0193a856532a&pageOffset=9500&pageMaxSize=500&sortColumn=subjectDescription&sortDirection=asc,2026-09-12T15:56:34.0509230+00:00,2026-09-12T17:24:20.1424480+00:00
ucr,202440,Fall 2024 (View Only),PSYC,132,36023,027,PERCEPTION,,0.0,4.0,0 OR 4,In-Person,Riverside,25,26,0,0,,,,R 1600-1650 Psychology 1205 Discussion,"Kelly, Zachary (primary)",,https://registrationssb.ucr.edu/StudentRegistrationSsb/ssb/searchResults/searchResults?txt_term=202440&startDatepicker=&endDatepicker=&uniqueSessionId=dg0193a856532a&pageOffset=9500&pageMaxSize=500&sortColumn=subjectDescription&sortDirection=asc,2026-09-12T15:56:34.0509230+00:00,2026-09-12T17:24:20.1424480+00:00
ucr,202440,Fall 2024 (View Only),PSYC,178,36057,031,HEALTH PSYCHOLOGY,,0.0,4.0,0 OR 4,In-Person,Riverside,25,15,0,0,,,,M 1500-1550 Psychology 1205 Discussion,"Trego, Maribeth (primary)",,https://registrationssb.ucr.edu/StudentRegistrationSsb/ssb/searchResults/searchResults?txt_term=202440&startDatepicker=&endDatepicker=&uniqueSessionId=dg86564d4f44b9&pageOffset=9500&pageMaxSize=500&sortColumn=subjectDescription&sortDirection=asc,2026-09-12T17:24:11.1068820+00:00,2026-09-12T17:24:20.1424480+00:00
ucr,202440,Fall 2024 (View Only),RLST,012,19277,021,RELIGIOUS MYTHS AND RITUALS,,0.0,4.0,0 OR 4,In-Person,Riverside,25,8,0,0,HZ,25,24,T 1900-1950 CHASS Interdisciplinary-South 2132 Discussion,"Topal, Ayse (primary)",,https://registrationssb.ucr.edu/StudentRegistrationSsb/ssb/searchResults/searchResults?txt_term=202440&startDatepicker=&endDatepicker=&uniqueSessionId=dg0193a856532a&pageOffset=10000&pageMaxSize=500&sortColumn=subjectDescription&sortDirection=asc,2026-09-12T15:56:38.6146850+00:00,2026-09-12T17:24:20.1424480+00:00
ucr,202440,Fall 2024 (View Only),STAT,010,33919,058,INTRODUCTION TO STATISTICS,,0.0,5.0,0 OR 5,In-Person,Riverside,30,30,99,0,,,,TR 1530-1650 Olmsted 1316 Laboratory,"Fu, Yingzhuo ; Mao, Shijie (primary)",,https://registrationssb.ucr.edu/StudentRegistrationSsb/ssb/searchResults/searchResults?txt_term=202440&startDatepicker=&endDatepicker=&uniqueSessionId=dg0193a856532a&pageOffset=10500&pageMaxSize=500&sortColumn=subjectDescription&sortDirection=asc,2026-09-12T15:56:41.9584670+00:00,2026-09-12T17:24:20.1424480+00:00
ucr,202510,Winter 2025 (View Only),BIEN,290,30866,85L,DIRECTED STUDIES,,1.0,6.0,1 TO 6,In-Person,Riverside,10,0,0,0,,,,none - Individualized Study,"Liao, Jiayu (primary)",,https://registrationssb.ucr.edu/StudentRegistrationSsb/ssb/searchResults/searchResults?txt_term=202510&startDatepicker=&endDatepicker=&uniqueSessionId=dgbff88d341cde&pageOffset=500&pageMaxSize=500&sortColumn=subjectDescription&sortDirection=asc,2026-09-12T15:53:22.8796370+00:00,2026-09-12T17:22:48.8502480+00:00
ucr,202510,Winter 2025 (View Only),CEE,249,47648,001,INTEGRATION OF COMPUTATIONAL AND EXPERIMENTAL BIOLOGY,,0.0,4.0,0 OR 4,In-Person,Riverside,35,1,0,0,AK,35,7,MW 1900-2020 Materials Sci and Engineering 011 Lecture,"Palermo, Giulia (primary)",,https://registrationssb.ucr.edu/StudentRegistrationSsb/ssb/searchResults/searchResults?txt_term=202510&startDatepicker=&endDatepicker=&uniqueSessionId=dgbff88d341cde&pageOffset=2000&pageMaxSize=500&sortColumn=subjectDescription&sortDirection=asc,2026-09-12T15:53:38.7846380+00:00,2026-09-12T17:22:48.8502480+00:00
ucr,202510,Winter 2025 (View Only),CHEM,197,54354,06U,RESEARCH FOR UNDERGRADUATES,,1.0,4.0,1 TO 4,In-Person,Riverside,30,2,0,0,,,,none - Class,"Uhrich, Kathryn (primary)",,https://registrationssb.ucr.edu/StudentRegistrationSsb/ssb/searchResults/searchResults?txt_term=202510&startDatepicker=&endDatepicker=&uniqueSessionId=dgbff88d341cde&pageOffset=2500&pageMaxSize=500&sortColumn=subjectDescription&sortDirection=asc,2026-09-12T15:53:43.6659490+00:00,2026-09-12T17:22:48.8502480+00:00
ucr,202510,Winter 2025 (View Only),CMDB,250,32576,C72,"SPECIAL TOPICS IN CELL, MOLECULAR, AND DEVELOPMENTAL BIOLOGY",,1.0,2.0,1 TO 2,In-Person,Riverside,30,0,0,0,,,,none - Seminar,"Chen, Xuemei (primary)",,https://registrationssb.ucr.edu/StudentRegistrationSsb/ssb/searchResults/searchResults?txt_term=202510&startDatepicker=&endDatepicker=&uniqueSessionId=dgbff88d341cde&pageOffset=2000&pageMaxSize=500&sortColumn=subjectDescription&sortDirection=asc,2026-09-12T15:53:38.7846380+00:00,2026-09-12T17:22:48.8502480+00:00
ucr,202510,Winter 2025 (View Only),CPLT,151,56882,001,PALESTINE/ALGERIA,4.0,4.0,4.0,4,In-Person,Riverside,40,8,5,0,1Q,40,22,TR 0930-1050 Student Success Center 121 Lecture,"Sacks, Jeffrey (primary)",,https://registrationssb.ucr.edu/StudentRegistrationSsb/ssb/searchResults/searchResults?txt_term=202510&startDatepicker=&endDatepicker=&uniqueSessionId=dgbff88d341cde&pageOffset=3000&pageMaxSize=500&sortColumn=subjectDescription&sortDirection=asc,2026-09-12T15:53:49.0207270+00:00,2026-09-12T17:22:48.8502480+00:00
ucr,202510,Winter 2025 (View Only),EDUC,376B,57185,08Q,SUPERVISED TEACHING IN THE SECONDARY SCHOOL,4.0,4.0,4.0,4,In-Person,Riverside,13,13,0,0,,,,none - Field,"Quader, Mayeen (primary)",,https://registrationssb.ucr.edu/StudentRegistrationSsb/ssb/searchResults/searchResults?txt_term=202510&startDatepicker=&endDatepicker=&uniqueSessionId=dgbff88d341cde&pageOffset=4000&pageMaxSize=500&sortColumn=subjectDescription&sortDirection=asc,2026-09-12T15:53:57.0911670+00:00,2026-09-12T17:22:48.8502480+00:00
ucr,202510,Winter 2025 (View Only),ENGL,001A,57288,129,BEGINNING COMPOSITION,4.0,4.0,4.0,4,In-Person,Riverside,23,21,0,0,,,,MWF 0900-0950 CHASS Interdisciplinary-South 2138 Class,"Knight, Corinne (primary)",,https://registrationssb.ucr.edu/StudentRegistrationSsb/ssb/searchResults/searchResults?txt_term=202510&startDatepicker=&endDatepicker=&uniqueSessionId=dgbff88d341cde&pageOffset=4500&pageMaxSize=500&sortColumn=subjectDescription&sortDirection=asc,2026-09-12T15:54:01.4523390+00:00,2026-09-12T17:22:48.8502480+00:00
ucr,202510,Winter 2025 (View Only),ENGR,180W,41388,022,TECHNICAL COMMUNICATIONS,,0.0,4.0,0 OR 4,Online,UCR Online,24,23,99,0,,,,T 1830-2120 Online ONLINE Workshop,"Burton, Sharon (primary)",,https://registrationssb.ucr.edu/StudentRegistrationSsb/ssb/searchResults/searchResults?txt_term=202510&startDatepicker=&endDatepicker=&uniqueSessionId=dgbff88d341cde&pageOffset=4000&pageMaxSize=500&sortColumn=subjectDescription&sortDirection=asc,2026-09-12T15:53:57.0911670+00:00,2026-09-12T17:22:48.8502480+00:00
ucr,202510,Winter 2025 (View Only),ETST,002,35288,001,INTRODUCTION TO CHICANO STUDIES IN COMPARATIVE PERSPECTIVE,,0.0,4.0,0 OR 4,In-Person,Riverside,225,225,0,0,,,,TR 1530-1650 University Lecture Hall 1000 Lecture,"Gonzalez, Jaime (primary) ; Pineda, Ramon ; Estrada, Omar ; Minger Urquilla, Hazel",,https://registrationssb.ucr.edu/StudentRegistrationSsb/ssb/searchResults/searchResults?txt_term=202510&startDatepicker=&endDatepicker=&uniqueSessionId=dgbff88d341cde&pageOffset=5000&pageMaxSize=500&sortColumn=subjectDescription&sortDirection=asc,2026-09-12T15:54:05.3742470+00:00,2026-09-12T17:22:48.8502480+00:00
ucr,202510,Winter 2025 (View Only),HIST,030,41755,002,JIM CROW AMERICA,4.0,4.0,4.0,4,In-Person,Riverside,23,43,5,0,,,,TR 0930-1050 Olmsted 1136 Lecture,"McPherson, Natasha (primary)",,https://registrationssb.ucr.edu/StudentRegistrationSsb/ssb/searchResults/searchResults?txt_term=202510&startDatepicker=&endDatepicker=&uniqueSessionId=dgbff88d341cde&pageOffset=6000&pageMaxSize=500&sortColumn=subjectDescription&sortDirection=asc,2026-09-12T15:54:13.9897220+00:00,2026-09-12T17:22:48.8502480+00:00
ucr,202510,Winter 2025 (View Only),HNPG,150,55338,029,RESEARCH AND CREATIVE ACTIVITY ACROSS THE DISCIPLINES,,0.0,3.0,0 OR 3,In-Person,Riverside,15,3,0,0,,,,R 0800-0850 Skye Hall 381M Discussion,"Herbert, Amanda (primary)",,https://registrationssb.ucr.edu/StudentRegistrationSsb/ssb/searchResults/searchResults?txt_term=202510&startDatepicker=&endDatepicker=&uniqueSessionId=dgbff88d341cde&pageOffset=6500&pageMaxSize=500&sortColumn=subjectDescription&sortDirection=asc,2026-09-12T15:54:18.3645470+00:00,2026-09-12T17:22:48.8502480+00:00
ucr,202510,Winter 2025 (View Only),MSE,197,54219,25Y,RESEARCH FOR UNDERGRADUATES,,1.0,4.0,1 TO 4,In-Person,Riverside,1,0,0,0,,,,none - Laboratory,"Yan, Ruoxue (primary)",,https://registrationssb.ucr.edu/StudentRegistrationSsb/ssb/searchResults/searchResults?txt_term=202510&startDatepicker=&endDatepicker=&uniqueSessionId=dgbff88d341cde&pageOffset=7000&pageMaxSize=500&sortColumn=subjectDescription&sortDirection=asc,2026-09-12T15:54:23.2588580+00:00,2026-09-12T17:22:48.8502480+00:00
ucr,202510,Winter 2025 (View Only),RLST,302,39527,78H,TEACHING PRACTICUM,,3.0,4.0,3 TO 4,In-Person,Riverside,5,0,0,0,,,,none - Practicum,"Hughes, Jennifer (primary)",,https://registrationssb.ucr.edu/StudentRegistrationSsb/ssb/searchResults/searchResults?txt_term=202510&startDatepicker=&endDatepicker=&uniqueSessionId=dgbff88d341cde&pageOffset=10000&pageMaxSize=500&sortColumn=subjectDescription&sortDirection=asc,2026-09-12T15:54:50.3415100+00:00,2026-09-12T17:22:48.8502480+00:00
ucr,202510,Winter 2025 (View Only),STAT,010,57577,029,INTRODUCTION TO STATISTICS,,0.0,5.0,0 OR 5,Online,UC Online Education,30,30,99,0,,,,WF 1130-1250 Online ONLINE Laboratory,"Fu, Yingzhuo ; Ye, Bradley (primary)",,https://registrationssb.ucr.edu/StudentRegistrationSsb/ssb/searchResults/searchResults?txt_term=202510&startDatepicker=&endDatepicker=&uniqueSessionId=dgbff88d341cde&pageOffset=10500&pageMaxSize=500&sortColumn=subjectDescription&sortDirection=asc,2026-09-12T15:54:55.1385890+00:00,2026-09-12T17:22:48.8502480+00:00
ucr,202520,Spring 2025 (View Only),AHS,297,74322,33E,DIRECTED RESEARCH,,1.0,6.0,1 TO 6,In-Person,Riverside,12,0,0,0,,,,none - Research,"Endres, Johannes (primary)",,https://registrationssb.ucr.edu/StudentRegistrationSsb/ssb/searchResults/searchResults?txt_term=202520&startDatepicker=&endDatepicker=&uniqueSessionId=dg60222836d0ac&pageOffset=0&pageMaxSize=500&sortColumn=subjectDescription&sortDirection=asc,2026-09-12T15:51:40.3906310+00:00,2026-09-12T17:21:14.8509620+00:00
ucr,202520,Spring 2025 (View Only),ANTH,292,61932,B43,CONCURRENT ANALYTICAL STUDIES IN ANTHROPOLOGY,,1.0,4.0,1 TO 4,In-Person,Riverside,12,0,0,0,,,,none - Research,"Becker, Sara (primary)",,https://registrationssb.ucr.edu/StudentRegistrationSsb/ssb/searchResults/searchResults?txt_term=202520&startDatepicker=&endDatepicker=&uniqueSessionId=dg60222836d0ac&pageOffset=0&pageMaxSize=500&sortColumn=subjectDescription&sortDirection=asc,2026-09-12T15:51:40.3906310+00:00,2026-09-12T17:21:14.8509620+00:00
ucr,202520,Spring 2025 (View Only),BIEN,297,63722,65T,DIRECTED RESEARCH,,1.0,6.0,1 TO 6,In-Person,Riverside,10,0,0,0,,,,none - Research,"Tiwari-Woodruff, Seema (primary)",,https://registrationssb.ucr.edu/StudentRegistrationSsb/ssb/searchResults/searchResults?txt_term=202520&startDatepicker=&endDatepicker=&uniqueSessionId=dg60222836d0ac&pageOffset=500&pageMaxSize=500&sortColumn=subjectDescription&sortDirection=asc,2026-09-12T15:51:45.1277420+00:00,2026-09-12T17:21:14.8509620+00:00
ucr,202520,Spring 2025 (View Only),BIEN,299,70999,37C,RESEARCH FOR THE THESIS OR DISSERTATION,,1.0,12.0,1 TO 12,In-Person,Riverside,5,1,0,0,,,,none - Research,"Chang, Chia-En (primary)",,https://registrationssb.ucr.edu/StudentRegistrationSsb/ssb/searchResults/searchResults?txt_term=202520&startDatepicker=&endDatepicker=&uniqueSessionId=dg60222836d0ac&pageOffset=500&pageMaxSize=500&sortColumn=subjectDescription&sortDirection=asc,2026-09-12T15:51:45.1277420+00:00,2026-09-12T17:21:14.8509620+00:00
ucr,202520,Spring 2025 (View Only),BIOL,030,51016,011,HUMAN REPRODUCTION AND SEXUAL BEHAVIOR,,0.0,4.0,0 OR 4,In-Person,Riverside,25,24,5,0,,,,R 1700-1750 Spieth Hall 1307 Discussion,"Kahn, Tracy ; Cabrera, Haley (primary)",,https://registrationssb.ucr.edu/StudentRegistrationSsb/ssb/searchResults/searchResults?txt_term=202520&startDatepicker=&endDatepicker=&uniqueSessionId=dg60222836d0ac&pageOffset=500&pageMaxSize=500&sortColumn=subjectDescription&sortDirection=asc,2026-09-12T15:51:45.1277420+00:00,2026-09-12T17:21:14.8509620+00:00
ucr,202520,Spring 2025 (View Only),CHEM,08LB,62933,043,ORGANIC CHEMISTRY LABORATORY,1.0,1.0,1.0,1,In-Person,Riverside,15,20,99,0,,,,F 0800-1150 Science Lab 0110 Laboratory,"Hayashi, Rena ; Seo, Jacob ; Bolduc, Trevor (primary)",,https://registrationssb.ucr.edu/StudentRegistrationSsb/ssb/searchResults/searchResults?txt_term=202520&startDatepicker=&endDatepicker=&uniqueSessionId=dg60222836d0ac&pageOffset=2500&pageMaxSize=500&sortColumn=subjectDescription&sortDirection=asc,2026-09-12T15:52:02.5145130+00:00,2026-09-12T17:21:14.8509620+00:00
ucr,202520,Spring 2025 (View Only),CMDB,250,52538,09F,"SPECIAL TOPICS IN CELL, MOLECULAR, AND DEVELOPMENTAL BIOLOGY",,1.0,2.0,1 TO 2,In-Person,Riverside,30,0,0,0,,,,none - Seminar,"Federici, Brian (primary)",,https://registrationssb.ucr.edu/StudentRegistrationSsb/ssb/searchResults/searchResults?txt_term=202520&startDatepicker=&endDatepicker=&uniqueSessionId=dg60222836d0ac&pageOffset=1500&pageMaxSize=500&sortColumn=subjectDescription&sortDirection=asc,2026-09-12T15:51:53.4436720+00:00,2026-09-12T17:21:14.8509620+00:00
ucr,202520,Spring 2025 (View Only),ECON,003,53657,032,INTRODUCTION TO MICROECONOMICS,,0.0,5.0,0 OR 5,In-Person,Riverside,27,27,5,0,,,,W 1800-1850 Olmsted 1132 Discussion,"Kitamura, Rio (primary)",,https://registrationssb.ucr.edu/StudentRegistrationSsb/ssb/searchResults/searchResults?txt_term=202520&startDatepicker=&endDatepicker=&uniqueSessionId=dg60222836d0ac&pageOffset=3500&pageMaxSize=500&sortColumn=subjectDescription&sortDirection=asc,2026-09-12T15:52:10.8930730+00:00,2026-09-12T17:21:14.8509620+00:00
ucr,202520,Spring 2025 (View Only),ECON,101,53664,001,STATISTICS FOR ECONOMICS,,0.0,5.0,0 OR 5,In-Person,Riverside,90,90,0,0,,,,MW 1230-1350 Humanities and Social Sciences 1501 Lecture,"Lee, Tae-Hwy (primary) ; Li, Chuanman ; Ye, Yubin",,https://registrationssb.ucr.edu/StudentRegistrationSsb/ssb/searchResults/searchResults?txt_term=202520&startDatepicker=&endDatepicker=&uniqueSessionId=dg60222836d0ac&pageOffset=3500&pageMaxSize=500&sortColumn=subjectDescription&sortDirection=asc,2026-09-12T15:52:10.8930730+00:00,2026-09-12T17:21:14.8509620+00:00
ucr,202520,Spring 2025 (View Only),ECON,302,53846,68C,TEACHING PRACTICUM,,1.0,4.0,1 TO 4,In-Person,Riverside,30,0,0,0,,,,none - Practicum,"Chauvet, Marcelle (primary)",,https://registrationssb.ucr.edu/StudentRegistrationSsb/ssb/searchResults/searchResults?txt_term=202520&startDatepicker=&endDatepicker=&uniqueSessionId=dg60222836d0ac&pageOffset=3500&pageMaxSize=500&sortColumn=subjectDescription&sortDirection=asc,2026-09-12T15:52:10.8930730+00:00,2026-09-12T17:21:14.8509620+00:00
ucr,202520,Spring 2025 (View Only),GSST,175,74735,001,"GENDER, ETHNICITY, AND BORDERS",4.0,4.0,4.0,4,In-Person,Riverside,35,17,0,0,BX,35,31,TR 1230-1350 Humanities and Social Sciences 1503 Lecture,"Rubio, Elizabeth (primary)",,https://registrationssb.ucr.edu/StudentRegistrationSsb/ssb/searchResults/searchResults?txt_term=202520&startDatepicker=&endDatepicker=&uniqueSessionId=dg60222836d0ac&pageOffset=5500&pageMaxSize=500&sortColumn=subjectDescription&sortDirection=asc,2026-09-12T15:52:28.1950310+00:00,2026-09-12T17:21:14.8509620+00:00
ucr,202520,Spring 2025 (View Only),POSC,020,68337,030,WORLD POLITICS,,0.0,5.0,0 OR 5,In-Person,Riverside,25,14,5,0,,,,T 1530-1620 Humanities and Social Sciences 1403 Discussion,"Harting, Grant (primary)",,https://registrationssb.ucr.edu/StudentRegistrationSsb/ssb/searchResults/searchResults?txt_term=202520&startDatepicker=&endDatepicker=&uniqueSessionId=dg60222836d0ac&pageOffset=8500&pageMaxSize=500&sortColumn=subjectDescription&sortDirection=asc,2026-09-12T15:52:54.4055180+00:00,2026-09-12T17:21:14.8509620+00:00
ucr,202520,Spring 2025 (View Only),PSYC,011,74763,032,PSYCHOLOGICAL METHODS: STATISTICAL PROCEDURES,,0.0,5.0,0 OR 5,In-Person,Riverside,25,24,0,0,,,,R 1400-1550 Psychology 1205 Discussion,"Golding, Jessica (primary)",,https://registrationssb.ucr.edu/StudentRegistrationSsb/ssb/searchResults/searchResults?txt_term=202520&startDatepicker=&endDatepicker=&uniqueSessionId=dg60222836d0ac&pageOffset=9000&pageMaxSize=500&sortColumn=subjectDescription&sortDirection=asc,2026-09-12T15:52:58.1158360+00:00,2026-09-12T17:21:14.8509620+00:00
ucr,202520,Spring 2025 (View Only),SOC,142,75403,022,SOCIOLOGY OF THE FAMILY,,0.0,5.0,0 OR 5,In-Person,Riverside,25,25,5,0,,,,T 1300-1350 Gordon Watkins Hall 1147 Discussion,"Angelo, Emily (primary)",,https://registrationssb.ucr.edu/StudentRegistrationSsb/ssb/searchResults/searchResults?txt_term=202520&startDatepicker=&endDatepicker=&uniqueSessionId=dg60222836d0ac&pageOffset=9500&pageMaxSize=500&sortColumn=subjectDescription&sortDirection=asc,2026-09-12T15:53:02.5055460+00:00,2026-09-12T17:21:14.8509620+00:00
ucr,202520,Spring 2025 (View Only),STAT,010,69274,065,INTRODUCTION TO STATISTICS,,0.0,5.0,0 OR 5,In-Person,Riverside,30,29,0,0,,,,M 1600-1650 Sproul Hall 2355 Discussion,"FallahiFard, Behzad ; Cao, Xu (primary)",,https://registrationssb.ucr.edu/StudentRegistrationSsb/ssb/searchResults/searchResults?txt_term=202520&startDatepicker=&endDatepicker=&uniqueSessionId=dg60222836d0ac&pageOffset=10000&pageMaxSize=500&sortColumn=subjectDescription&sortDirection=asc,2026-09-12T15:53:07.7752910+00:00,2026-09-12T17:21:14.8509620+00:00
ucr,202530,Summer 2025 (View Only),MUS,023,76489,B01,AUDIO RECORDING AND PRODUCTION,,0.0,4.0,0 OR 4,Online,UCR Online,25,17,0,0,,,,MW 1400-1650 Online ONLINE Lecture,"Lee, Hyun ; Macz, Barbara (primary)",,https://registrationssb.ucr.edu/StudentRegistrationSsb/ssb/searchResults/searchResults?txt_term=202530&startDatepicker=&endDatepicker=&uniqueSessionId=dg5941ee26f508&pageOffset=1000&pageMaxSize=500&sortColumn=subjectDescription&sortDirection=asc,2026-09-12T15:51:29.8758960+00:00,2026-09-12T17:19:43.8986560+00:00
ucr,202530,Summer 2025 (View Only),SPN,004,72361,B01,INTERMEDIATE SPANISH,4.0,4.0,4.0,4,Online,UCR Online,16,16,99,0,,,,MTWR 0800-0950 Online ONLINE Lecture,"Herrera, Carolina (primary)",,https://registrationssb.ucr.edu/StudentRegistrationSsb/ssb/searchResults/searchResults?txt_term=202530&startDatepicker=&endDatepicker=&uniqueSessionId=dg5941ee26f508&pageOffset=1500&pageMaxSize=500&sortColumn=subjectDescription&sortDirection=asc,2026-09-12T15:51:30.9702570+00:00,2026-09-12T17:19:43.8986560+00:00
ucr,202540,Fall 2025 (View Only),ANTH,005,26261,001,INTRODUCTION TO ARCHAEOLOGY,,0.0,5.0,0 OR 5,In-Person,Riverside,375,370,0,0,,,,MW 1230-1350 Student Success Center 229 Lecture,"Tsukamoto, Kenichiro (primary) ; Ayazi, Mehrnaz ; Ge, Yun ; Williams, Kweku ; Texis Munoz, Ariel ; Tran, Justin Christopher",,https://registrationssb.ucr.edu/StudentRegistrationSsb/ssb/searchResults/searchResults?txt_term=202540&startDatepicker=&endDatepicker=&uniqueSessionId=dgb446a7f7c625&pageOffset=0&pageMaxSize=500&sortColumn=subjectDescription&sortDirection=asc,2026-09-12T17:18:01.0160180+00:00,2026-09-12T17:19:25.2233560+00:00
ucr,202540,Fall 2025 (View Only),BIEN,299,38520,099,RESEARCH FOR THE THESIS OR DISSERTATION,,1.0,12.0,1 TO 12,In-Person,Riverside,10,3,0,0,,,,none - Research,"Lee, Chung-Hao (primary)",,https://registrationssb.ucr.edu/StudentRegistrationSsb/ssb/searchResults/searchResults?txt_term=202540&startDatepicker=&endDatepicker=&uniqueSessionId=dg86389c3db840&pageOffset=500&pageMaxSize=500&sortColumn=subjectDescription&sortDirection=asc,2026-09-12T15:49:35.4308090+00:00,2026-09-12T17:19:25.2233560+00:00
ucr,202540,Fall 2025 (View Only),BPHY,299,29341,S60,THESIS OR DISSERTATION,,1.0,12.0,1 TO 12,In-Person,Riverside,30,0,99,0,,,,none - Research,"Song, Jikui (primary)",,https://registrationssb.ucr.edu/StudentRegistrationSsb/ssb/searchResults/searchResults?txt_term=202540&startDatepicker=&endDatepicker=&uniqueSessionId=dg86389c3db840&pageOffset=1000&pageMaxSize=500&sortColumn=subjectDescription&sortDirection=asc,2026-09-12T15:49:40.1801070+00:00,2026-09-12T17:19:25.2233560+00:00
ucr,202540,Fall 2025 (View Only),CEE,299,22886,06Z,RESEARCH FOR THE THESIS OR DISSERTATION,,1.0,12.0,1 TO 12,In-Person,Riverside,2,1,0,0,,,,none - Research,"Zaera, Francisco (primary)",,https://registrationssb.ucr.edu/StudentRegistrationSsb/ssb/searchResults/searchResults?txt_term=202540&startDatepicker=&endDatepicker=&uniqueSessionId=dg86389c3db840&pageOffset=2500&pageMaxSize=500&sortColumn=subjectDescription&sortDirection=asc,2026-09-12T15:49:53.5366720+00:00,2026-09-12T17:19:25.2233560+00:00
ucr,202540,Fall 2025 (View Only),CHE,114,11910,022,APPLIED FLUID MECHANICS,,0.0,4.0,0 OR 4,In-Person,Riverside,40,40,99,0,,,,F 1300-1350 Sproul Hall 1340 Discussion,"Zhang, Jiamin ; Yuan, Zhenxuan (primary)",,https://registrationssb.ucr.edu/StudentRegistrationSsb/ssb/searchResults/searchResults?txt_term=202540&startDatepicker=&endDatepicker=&uniqueSessionId=dg86389c3db840&pageOffset=2000&pageMaxSize=500&sortColumn=subjectDescription&sortDirection=asc,2026-09-12T15:49:48.5441790+00:00,2026-09-12T17:19:25.2233560+00:00
ucr,202540,Fall 2025 (View Only),CHEM,001A,11955,066,GENERAL CHEMISTRY,,0.0,4.0,0 OR 4,In-Person,Riverside,34,33,0,0,,,,R 1300-1350 Pierce Hall 3374 Discussion,"Eichler, Jack ; Adeniji, Shola (primary)",,https://registrationssb.ucr.edu/StudentRegistrationSsb/ssb/searchResults/searchResults?txt_term=202540&startDatepicker=&endDatepicker=&uniqueSessionId=dg86389c3db840&pageOffset=2500&pageMaxSize=500&sortColumn=subjectDescription&sortDirection=asc,2026-09-12T15:49:53.5366720+00:00,2026-09-12T17:19:25.2233560+00:00
ucr,202540,Fall 2025 (View Only),CHEM,199,27453,B05,SENIOR RESEARCH,,1.0,4.0,1 TO 4,In-Person,Riverside,30,1,30,0,,,,none - Research,"Bardeen, Christopher (primary)",,https://registrationssb.ucr.edu/StudentRegistrationSsb/ssb/searchResults/searchResults?txt_term=202540&startDatepicker=&endDatepicker=&uniqueSessionId=dg86389c3db840&pageOffset=2500&pageMaxSize=500&sortColumn=subjectDescription&sortDirection=asc,2026-09-12T15:49:53.5366720+00:00,2026-09-12T17:19:25.2233560+00:00
ucr,202540,Fall 2025 (View Only),CWPA,290,41303,82T,DIRECTED STUDIES,,1.0,6.0,1 TO 6,In-Person,Riverside,12,0,0,0,,,,none - Research,"Tabaque, Megan (primary)",,https://registrationssb.ucr.edu/StudentRegistrationSsb/ssb/searchResults/searchResults?txt_term=202540&startDatepicker=&endDatepicker=&uniqueSessionId=dg86389c3db840&pageOffset=3500&pageMaxSize=500&sortColumn=subjectDescription&sortDirection=asc,2026-09-12T15:50:03.2365720+00:00,2026-09-12T17:19:25.2233560+00:00
ucr,202540,Fall 2025 (View Only),EEOB,297,24714,79R,DIRECTED RESEARCH,,1.0,6.0,1 TO 6,In-Person,Riverside,30,1,0,0,,,,none - Research,"Regan, Helen (primary)",,https://registrationssb.ucr.edu/StudentRegistrationSsb/ssb/searchResults/searchResults?txt_term=202540&startDatepicker=&endDatepicker=&uniqueSessionId=dg86389c3db840&pageOffset=5500&pageMaxSize=500&sortColumn=subjectDescription&sortDirection=asc,2026-09-12T15:50:19.8026580+00:00,2026-09-12T17:19:25.2233560+00:00
ucr,202540,Fall 2025 (View Only),ETST,297,35265,L37,DIRECTED RESEARCH,,1.0,2.0,1 TO 2,In-Person,Riverside,1,0,0,0,,,,none - Research,"Leonard, Wesley (primary)",,https://registrationssb.ucr.edu/StudentRegistrationSsb/ssb/searchResults/searchResults?txt_term=202540&startDatepicker=&endDatepicker=&uniqueSessionId=dg86389c3db840&pageOffset=5500&pageMaxSize=500&sortColumn=subjectDescription&sortDirection=asc,2026-09-12T15:50:19.8026580+00:00,2026-09-12T17:19:25.2233560+00:00
ucr,202540,Fall 2025 (View Only),GEN,297,15405,87M,DIRECTED RESEARCH,,1.0,6.0,1 TO 6,In-Person,Riverside,30,0,0,0,,,,none - Research,"Martinez, Ernest (primary)",,https://registrationssb.ucr.edu/StudentRegistrationSsb/ssb/searchResults/searchResults?txt_term=202540&startDatepicker=&endDatepicker=&uniqueSessionId=dg86389c3db840&pageOffset=5500&pageMaxSize=500&sortColumn=subjectDescription&sortDirection=asc,2026-09-12T15:50:19.8026580+00:00,2026-09-12T17:19:25.2233560+00:00
ucr,202540,Fall 2025 (View Only),GEN,299,15421,L58,RESEARCH FOR THE DISSERTATION,,1.0,12.0,1 TO 12,In-Person,Riverside,30,0,0,0,,,,none - Research,"Li, Bai-Lian (primary)",,https://registrationssb.ucr.edu/StudentRegistrationSsb/ssb/searchResults/searchResults?txt_term=202540&startDatepicker=&endDatepicker=&uniqueSessionId=dg86389c3db840&pageOffset=6000&pageMaxSize=500&sortColumn=subjectDescription&sortDirection=asc,2026-09-12T15:50:24.1396010+00:00,2026-09-12T17:19:25.2233560+00:00
ucr,202540,Fall 2025 (View Only),GSST,190,15821,83H,SPECIAL STUDIES,,1.0,4.0,1 TO 4,In-Person,Riverside,30,0,0,0,,,,none - Individualized Study,"Ho, Tamara (primary)",,https://registrationssb.ucr.edu/StudentRegistrationSsb/ssb/searchResults/searchResults?txt_term=202540&startDatepicker=&endDatepicker=&uniqueSessionId=dg86389c3db840&pageOffset=5500&pageMaxSize=500&sortColumn=subjectDescription&sortDirection=asc,2026-09-12T15:50:19.8026580+00:00,2026-09-12T17:19:25.2233560+00:00
ucr,202540,Fall 2025 (View Only),HIST,297,26949,97G,DIRECTED RESEARCH,,1.0,6.0,1 TO 6,In-Person,Riverside,10,0,0,0,,,,none - Research,"Graninger, Charles (primary)",,https://registrationssb.ucr.edu/StudentRegistrationSsb/ssb/searchResults/searchResults?txt_term=202540&startDatepicker=&endDatepicker=&uniqueSessionId=dg86389c3db840&pageOffset=6500&pageMaxSize=500&sortColumn=subjectDescription&sortDirection=asc,2026-09-12T15:50:28.3668320+00:00,2026-09-12T17:19:25.2233560+00:00
ucr,202540,Fall 2025 (View Only),PHYS,299,29565,C76,RESEARCH FOR THESIS OR DISSERTATION,,1.0,12.0,1 TO 12,In-Person,Riverside,15,1,0,0,,,,none - Thesis,"Cheng, Ran (primary)",,https://registrationssb.ucr.edu/StudentRegistrationSsb/ssb/searchResults/searchResults?txt_term=202540&startDatepicker=&endDatepicker=&uniqueSessionId=dg86389c3db840&pageOffset=9000&pageMaxSize=500&sortColumn=subjectDescription&sortDirection=asc,2026-09-12T15:50:51.0504770+00:00,2026-09-12T17:19:25.2233560+00:00
ucr,202540,Fall 2025 (View Only),POSC,302,25264,99R,COLLEGE TEACHING PRACTICUM,,1.0,4.0,1 TO 4,In-Person,Riverside,30,0,0,0,,,,none - Consultation,"Ritchie, Melinda (primary)",,https://registrationssb.ucr.edu/StudentRegistrationSsb/ssb/searchResults/searchResults?txt_term=202540&startDatepicker=&endDatepicker=&uniqueSessionId=dg86389c3db840&pageOffset=9500&pageMaxSize=500&sortColumn=subjectDescription&sortDirection=asc,2026-09-12T15:50:55.1719430+00:00,2026-09-12T17:19:25.2233560+00:00
ucr,202610,Winter 2026 (View Only),BCH,100,30575,022,INTRODUCTORY BIOCHEMISTRY,,0.0,4.0,0 OR 4,In-Person,Riverside,36,36,99,0,,,,T 1100-1150 Winston Chung Hall 139 Discussion,"Radi, Sarah ; Ninova, Maria ; Jones-Taylor, Breanna (primary)",,https://registrationssb.ucr.edu/StudentRegistrationSsb/ssb/searchResults/searchResults?txt_term=202610&startDatepicker=&endDatepicker=&uniqueSessionId=dg48949d61bef7&pageOffset=0&pageMaxSize=500&sortColumn=subjectDescription&sortDirection=asc,2026-09-12T15:47:18.0849030+00:00,2026-09-12T17:17:53.0523910+00:00
ucr,202610,Winter 2026 (View Only),BPSC,291,31494,22W,INDIVIDUAL STUDY IN COORDINATED AREAS,,1.0,6.0,1 TO 6,In-Person,Riverside,30,0,0,0,,,,none - Tutorial,"Walling, Linda (primary)",,https://registrationssb.ucr.edu/StudentRegistrationSsb/ssb/searchResults/searchResults?txt_term=202610&startDatepicker=&endDatepicker=&uniqueSessionId=dg48949d61bef7&pageOffset=1500&pageMaxSize=500&sortColumn=subjectDescription&sortDirection=asc,2026-09-12T15:47:36.5609270+00:00,2026-09-12T17:17:53.0523910+00:00
ucr,202610,Winter 2026 (View Only),CEE,297,46981,Z19,DIRECTED RESEARCH,,1.0,6.0,1 TO 6,In-Person,Riverside,5,2,0,0,,,,none - Seminar,"Zachariah, Michael (primary)",,https://registrationssb.ucr.edu/StudentRegistrationSsb/ssb/searchResults/searchResults?txt_term=202610&startDatepicker=&endDatepicker=&uniqueSessionId=dg48949d61bef7&pageOffset=2000&pageMaxSize=500&sortColumn=subjectDescription&sortDirection=asc,2026-09-12T15:47:40.9899180+00:00,2026-09-12T17:17:53.0523910+00:00
ucr,202610,Winter 2026 (View Only),CHEM,01LB,32153,020,GENERAL CHEMISTRY LABORATORY,1.0,1.0,1.0,1,In-Person,Riverside,21,23,99,0,,,,W 0800-1050 Pierce Hall 1368 Laboratory,"Simpson, Kevin (primary) ; Mueller, Leonard ; Bridgers, Aerial",,https://registrationssb.ucr.edu/StudentRegistrationSsb/ssb/searchResults/searchResults?txt_term=202610&startDatepicker=&endDatepicker=&uniqueSessionId=dg48949d61bef7&pageOffset=2500&pageMaxSize=500&sortColumn=subjectDescription&sortDirection=asc,2026-09-12T15:47:46.4137080+00:00,2026-09-12T17:17:53.0523910+00:00
ucr,202610,Winter 2026 (View Only),CHEM,199,32256,12Z,SENIOR RESEARCH,,1.0,4.0,1 TO 4,In-Person,Riverside,30,0,0,0,,,,none - Research,"Zhang, Jingsong (primary)",,https://registrationssb.ucr.edu/StudentRegistrationSsb/ssb/searchResults/searchResults?txt_term=202610&startDatepicker=&endDatepicker=&uniqueSessionId=dg48949d61bef7&pageOffset=2500&pageMaxSize=500&sortColumn=subjectDescription&sortDirection=asc,2026-09-12T15:47:46.4137080+00:00,2026-09-12T17:17:53.0523910+00:00
ucr,202610,Winter 2026 (View Only),CHEM,299,46322,07X,RESEARCH FOR THESIS OR DISSERTATION,,1.0,12.0,1 TO 12,In-Person,Riverside,15,0,0,0,,,,none - Thesis,"Xue, Min (primary)",,https://registrationssb.ucr.edu/StudentRegistrationSsb/ssb/searchResults/searchResults?txt_term=202610&startDatepicker=&endDatepicker=&uniqueSessionId=dg48949d61bef7&pageOffset=2500&pageMaxSize=500&sortColumn=subjectDescription&sortDirection=asc,2026-09-12T15:47:46.4137080+00:00,2026-09-12T17:17:53.0523910+00:00
ucr,202610,Winter 2026 (View Only),CMDB,250,57568,26Y,"SPECIAL TOPICS IN CELL, MOLECULAR, AND DEVELOPMENTAL BIOLOGY",,1.0,2.0,1 TO 2,In-Person,Riverside,30,1,0,0,,,,none - Seminar,"Yamanaka, Naoki (primary)",,https://registrationssb.ucr.edu/StudentRegistrationSsb/ssb/searchResults/searchResults?txt_term=202610&startDatepicker=&endDatepicker=&uniqueSessionId=dg48949d61bef7&pageOffset=2000&pageMaxSize=500&sortColumn=subjectDescription&sortDirection=asc,2026-09-12T15:47:40.9899180+00:00,2026-09-12T17:17:53.0523910+00:00
ucr,202610,Winter 2026 (View Only),ECON,104A,33651,022,INTERMEDIATE MICROECONOMIC THEORY,,0.0,5.0,0 OR 5,In-Person,Riverside,30,30,5,0,,,,M 0800-0850 Skye Hall 173 Discussion,"Nishimura, Hiroki ; Zhao, Ruinan ; Khan, Muhammad (primary)",,https://registrationssb.ucr.edu/StudentRegistrationSsb/ssb/searchResults/searchResults?txt_term=202610&startDatepicker=&endDatepicker=&uniqueSessionId=dg48949d61bef7&pageOffset=3500&pageMaxSize=500&sortColumn=subjectDescription&sortDirection=asc,2026-09-12T15:47:58.4346900+00:00,2026-09-12T17:17:53.0523910+00:00
ucr,202610,Winter 2026 (View Only),EEOB,291,34268,65A,INDIVIDUAL STUDY IN COORDINATED AREAS,,1.0,6.0,1 TO 6,In-Person,Riverside,30,0,0,0,,,,none - Individualized Study,"Aronson, Emma (primary)",,https://registrationssb.ucr.edu/StudentRegistrationSsb/ssb/searchResults/searchResults?txt_term=202610&startDatepicker=&endDatepicker=&uniqueSessionId=dg48949d61bef7&pageOffset=5500&pageMaxSize=500&sortColumn=subjectDescription&sortDirection=asc,2026-09-12T15:48:16.6088540+00:00,2026-09-12T17:17:53.0523910+00:00
ucr,202610,Winter 2026 (View Only),ENTM,190,34990,66R,SPECIAL STUDIES,,1.0,4.0,1 TO 4,In-Person,Riverside,30,0,0,0,,,,none - Individualized Study,"Raikhel, Alexander (primary)",,https://registrationssb.ucr.edu/StudentRegistrationSsb/ssb/searchResults/searchResults?txt_term=202610&startDatepicker=&endDatepicker=&uniqueSessionId=dg48949d61bef7&pageOffset=4500&pageMaxSize=500&sortColumn=subjectDescription&sortDirection=asc,2026-09-12T15:48:07.3788720+00:00,2026-09-12T17:17:53.0523910+00:00
ucr,202610,Winter 2026 (View Only),GEN,297,35598,66R,DIRECTED RESEARCH,,1.0,6.0,1 TO 6,In-Person,Riverside,30,0,999,0,,,,none - Research,"Raikhel, Alexander (primary)",,https://registrationssb.ucr.edu/StudentRegistrationSsb/ssb/searchResults/searchResults?txt_term=202610&startDatepicker=&endDatepicker=&uniqueSessionId=dg48949d61bef7&pageOffset=5500&pageMaxSize=500&sortColumn=subjectDescription&sortDirection=asc,2026-09-12T15:48:16.6088540+00:00,2026-09-12T17:17:53.0523910+00:00
ucr,202610,Winter 2026 (View Only),GEN,299,42399,H16,RESEARCH FOR THE DISSERTATION,,1.0,12.0,1 TO 12,In-Person,Riverside,30,0,0,0,,,,none - Research,"Hai, Rong (primary)",,https://registrationssb.ucr.edu/StudentRegistrationSsb/ssb/searchResults/searchResults?txt_term=202610&startDatepicker=&endDatepicker=&uniqueSessionId=dg48949d61bef7&pageOffset=5500&pageMaxSize=500&sortColumn=subjectDescription&sortDirection=asc,2026-09-12T15:48:16.6088540+00:00,2026-09-12T17:17:53.0523910+00:00
ucr,202610,Winter 2026 (View Only),GEO,190,44514,62F,SPECIAL STUDIES,,1.0,5.0,1 TO 5,In-Person,Riverside,30,1,99,0,,,,none - Individualized Study,"Ford, Heather (primary)",,https://registrationssb.ucr.edu/StudentRegistrationSsb/ssb/searchResults/searchResults?txt_term=202610&startDatepicker=&endDatepicker=&uniqueSessionId=dg48949d61bef7&pageOffset=6000&pageMaxSize=500&sortColumn=subjectDescription&sortDirection=asc,2026-09-12T15:48:21.9879020+00:00,2026-09-12T17:17:53.0523910+00:00
ucr,202610,Winter 2026 (View Only),MCBL,197,36982,05Y,RESEARCH FOR UNDERGRADUATES,,1.0,4.0,1 TO 4,In-Person,Riverside,30,0,0,0,,,,none - Research,"Yates, Marylynn (primary)",,https://registrationssb.ucr.edu/StudentRegistrationSsb/ssb/searchResults/searchResults?txt_term=202610&startDatepicker=&endDatepicker=&uniqueSessionId=dg48949d61bef7&pageOffset=7500&pageMaxSize=500&sortColumn=subjectDescription&sortDirection=asc,2026-09-12T15:48:38.5136410+00:00,2026-09-12T17:17:53.0523910+00:00
ucr,202610,Winter 2026 (View Only),MCBL,297,44872,G11,DIRECTED RESEARCH,,1.0,6.0,1 TO 6,In-Person,Riverside,10,0,0,0,,,,none - Research,"Giraldo Gomez, Juan (primary)",,https://registrationssb.ucr.edu/StudentRegistrationSsb/ssb/searchResults/searchResults?txt_term=202610&startDatepicker=&endDatepicker=&uniqueSessionId=dg48949d61bef7&pageOffset=8000&pageMaxSize=500&sortColumn=subjectDescription&sortDirection=asc,2026-09-12T15:48:43.1581270+00:00,2026-09-12T17:17:53.0523910+00:00
ucr,202610,Winter 2026 (View Only),PHYS,297,52561,R23,DIRECTED RESEARCH,,1.0,6.0,1 TO 6,In-Person,Riverside,15,4,0,0,,,,none - Research,"Richardson, Jonathan (primary)",,https://registrationssb.ucr.edu/StudentRegistrationSsb/ssb/searchResults/searchResults?txt_term=202610&startDatepicker=&endDatepicker=&uniqueSessionId=dg48949d61bef7&pageOffset=9000&pageMaxSize=500&sortColumn=subjectDescription&sortDirection=asc,2026-09-12T15:48:56.9288940+00:00,2026-09-12T17:17:53.0523910+00:00
ucr,202610,Winter 2026 (View Only),PLPA,197,38585,14J,RESEARCH FOR UNDERGRADUATES,,1.0,4.0,1 TO 4,In-Person,Riverside,30,0,0,0,,,,none - Research,"Judelson, Howard (primary)",,https://registrationssb.ucr.edu/StudentRegistrationSsb/ssb/searchResults/searchResults?txt_term=202610&startDatepicker=&endDatepicker=&uniqueSessionId=dg48949d61bef7&pageOffset=9000&pageMaxSize=500&sortColumn=subjectDescription&sortDirection=asc,2026-09-12T15:48:56.9288940+00:00,2026-09-12T17:17:53.0523910+00:00
ucr,202610,Winter 2026 (View Only),PLPA,297,38643,38K,DIRECTED RESEARCH,,1.0,6.0,1 TO 6,In-Person,Riverside,30,0,999,0,,,,none - Research,"Kaloshian, Isgouhi (primary)",,https://registrationssb.ucr.edu/StudentRegistrationSsb/ssb/searchResults/searchResults?txt_term=202610&startDatepicker=&endDatepicker=&uniqueSessionId=dg48949d61bef7&pageOffset=9000&pageMaxSize=500&sortColumn=subjectDescription&sortDirection=asc,2026-09-12T15:48:56.9288940+00:00,2026-09-12T17:17:53.0523910+00:00
ucr,202610,Winter 2026 (View Only),PSYC,140,49416,001,SOCIAL PSYCHOLOGY,,0.0,4.0,0 OR 4,In-Person,Riverside,225,226,0,0,,,,TR 1400-1520 Materials Sci and Engineering 104 Lecture,"Martinez, Anais ; Hughes, Brent (primary) ; Aggarwal, Arshiya ; Chen, Hazel",,https://registrationssb.ucr.edu/StudentRegistrationSsb/ssb/searchResults/searchResults?txt_term=202610&startDatepicker=&endDatepicker=&uniqueSessionId=dg48949d61bef7&pageOffset=9500&pageMaxSize=500&sortColumn=subjectDescription&sortDirection=asc,2026-09-12T15:49:04.1186550+00:00,2026-09-12T17:17:53.0523910+00:00
ucr,202610,Winter 2026 (View Only),PSYC,189,58290,027,PSYCHOLOGY AND AI,,0.0,4.0,0 OR 4,In-Person,Riverside,25,24,0,0,,,,R 1400-1450 Psychology 1213 Discussion,"Steinhauser, Jordan ; Varastegan, Sahereh ; Kim, Inik (primary) ; Ballard, Ian",,https://registrationssb.ucr.edu/StudentRegistrationSsb/ssb/searchResults/searchResults?txt_term=202610&startDatepicker=&endDatepicker=&uniqueSessionId=dg48949d61bef7&pageOffset=9500&pageMaxSize=500&sortColumn=subjectDescription&sortDirection=asc,2026-09-12T15:49:04.1186550+00:00,2026-09-12T17:17:53.0523910+00:00
ucr,202620,Spring 2026 (View Only),BIOL,005C,67465,009,INTRODUCTORY EVOLUTION AND ECOLOGY,,0.0,4.0,0 OR 4,In-Person,Riverside,10,20,99,0,,,,M 1200-1450 Spieth Hall 1226 Laboratory,"Hernandez Arellano, Tao (primary) ; Fugate, Michael",,https://registrationssb.ucr.edu/StudentRegistrationSsb/ssb/searchResults/searchResults?txt_term=202620&startDatepicker=&endDatepicker=&uniqueSessionId=dg1408bc6ab525&pageOffset=500&pageMaxSize=500&sortColumn=subjectDescription&sortDirection=asc,2026-09-12T17:14:28.0857020+00:00,2026-09-12T17:15:47.6158400+00:00
ucr,202620,Spring 2026 (View Only),BIOL,104,51054,023,FOUNDATIONS OF PLANT BIOLOGY,,0.0,4.0,0 OR 4,In-Person,Riverside,10,10,99,0,AV,17,20,W 1400-1650 Botany Headhouses HSE1 Laboratory,"Buehlman, Angela (primary)",,https://registrationssb.ucr.edu/StudentRegistrationSsb/ssb/searchResults/searchResults?txt_term=202620&startDatepicker=&endDatepicker=&uniqueSessionId=dg9b8cf3ec09f8&pageOffset=500&pageMaxSize=500&sortColumn=subjectDescription&sortDirection=asc,2026-09-12T15:45:35.8999130+00:00,2026-09-12T17:15:47.6158400+00:00
ucr,202620,Spring 2026 (View Only),CHEM,001B,72010,032,GENERAL CHEMISTRY,,0.0,4.0,0 OR 4,In-Person,Riverside,24,23,0,0,,,,F 0900-0950 Humanities and Social Sciences 1402 Discussion,"Davies, James ; Pacaud, Katelyn (primary)",,https://registrationssb.ucr.edu/StudentRegistrationSsb/ssb/searchResults/searchResults?txt_term=202620&startDatepicker=&endDatepicker=&uniqueSessionId=dg9b8cf3ec09f8&pageOffset=2000&pageMaxSize=500&sortColumn=subjectDescription&sortDirection=asc,2026-09-12T15:45:50.5817290+00:00,2026-09-12T17:15:47.6158400+00:00
ucr,202620,Spring 2026 (View Only),CLA,020,73302,027,WORD POWER FROM GREEK AND LATIN ROOTS,,0.0,4.0,0 OR 4,In-Person,Riverside,22,22,5,0,,,,F 1100-1150 CHASS Interdisciplinary-South 2134 Discussion,"Line, Sarah (primary)",,https://registrationssb.ucr.edu/StudentRegistrationSsb/ssb/searchResults/searchResults?txt_term=202620&startDatepicker=&endDatepicker=&uniqueSessionId=dg9b8cf3ec09f8&pageOffset=2500&pageMaxSize=500&sortColumn=subjectDescription&sortDirection=asc,2026-09-12T15:45:55.2710670+00:00,2026-09-12T17:15:47.6158400+00:00
ucr,202620,Spring 2026 (View Only),EDUC,297,68739,L46,DIRECTED RESEARCH,,1.0,6.0,1 TO 6,In-Person,Riverside,5,1,0,0,,,,none - Research,"Lee, Amos (primary)",,https://registrationssb.ucr.edu/StudentRegistrationSsb/ssb/searchResults/searchResults?txt_term=202620&startDatepicker=&endDatepicker=&uniqueSessionId=dg9b8cf3ec09f8&pageOffset=4000&pageMaxSize=500&sortColumn=subjectDescription&sortDirection=asc,2026-09-12T15:46:10.0821150+00:00,2026-09-12T17:15:47.6158400+00:00
ucr,202620,Spring 2026 (View Only),ENGL,012S,73181,021,INTRO READING FOR GENDER,,0.0,5.0,0 OR 5,Online,UCR Online,4,5,5,0,,,,R 0800-0850 Online ONLINE Discussion,"Montiel, Linéa (primary)",,https://registrationssb.ucr.edu/StudentRegistrationSsb/ssb/searchResults/searchResults?txt_term=202620&startDatepicker=&endDatepicker=&uniqueSessionId=dg9b8cf3ec09f8&pageOffset=4500&pageMaxSize=500&sortColumn=subjectDescription&sortDirection=asc,2026-09-12T15:46:14.2385030+00:00,2026-09-12T17:15:47.6158400+00:00
ucr,202620,Spring 2026 (View Only),ENGL,290,66503,22T,DIRECTED STUDIES,,1.0,4.0,1 TO 4,In-Person,Riverside,15,0,0,0,,,,none - Consultation,"Tyler, Carole-Anne (primary)",,https://registrationssb.ucr.edu/StudentRegistrationSsb/ssb/searchResults/searchResults?txt_term=202620&startDatepicker=&endDatepicker=&uniqueSessionId=dg9b8cf3ec09f8&pageOffset=4500&pageMaxSize=500&sortColumn=subjectDescription&sortDirection=asc,2026-09-12T15:46:14.2385030+00:00,2026-09-12T17:15:47.6158400+00:00
ucr,202620,Spring 2026 (View Only),ENGL,297,74229,95D,DIRECTED RESEARCH,,1.0,6.0,1 TO 6,In-Person,Riverside,5,3,0,0,,,,none - Research,"Davis, Jalondra (primary)",,https://registrationssb.ucr.edu/StudentRegistrationSsb/ssb/searchResults/searchResults?txt_term=202620&startDatepicker=&endDatepicker=&uniqueSessionId=dg9b8cf3ec09f8&pageOffset=4500&pageMaxSize=500&sortColumn=subjectDescription&sortDirection=asc,2026-09-12T15:46:14.2385030+00:00,2026-09-12T17:15:47.6158400+00:00
ucr,202620,Spring 2026 (View Only),ENTM,190,54850,16T,SPECIAL STUDIES,,1.0,4.0,1 TO 4,In-Person,Riverside,30,0,0,0,,,,none - Individualized Study,"Trumble, John (primary)",,https://registrationssb.ucr.edu/StudentRegistrationSsb/ssb/searchResults/searchResults?txt_term=202620&startDatepicker=&endDatepicker=&uniqueSessionId=dg9b8cf3ec09f8&pageOffset=4500&pageMaxSize=500&sortColumn=subjectDescription&sortDirection=asc,2026-09-12T15:46:14.2385030+00:00,2026-09-12T17:15:47.6158400+00:00
ucr,202620,Spring 2026 (View Only),GEN,297,55444,71B,DIRECTED RESEARCH,,1.0,6.0,1 TO 6,In-Person,Riverside,30,0,99,0,,,,none - Research,"Borneman, James (primary)",,https://registrationssb.ucr.edu/StudentRegistrationSsb/ssb/searchResults/searchResults?txt_term=202620&startDatepicker=&endDatepicker=&uniqueSessionId=dg9b8cf3ec09f8&pageOffset=5500&pageMaxSize=500&sortColumn=subjectDescription&sortDirection=asc,2026-09-12T15:46:23.0636020+00:00,2026-09-12T17:15:47.6158400+00:00
ucr,202620,Spring 2026 (View Only),HIST,195B,61315,01A,SENIOR THESIS,,0.0,4.0,0 OR 4,In-Person,Riverside,20,10,5,0,,,,none - Written Work,"Haskell, Alexander (primary)",,https://registrationssb.ucr.edu/StudentRegistrationSsb/ssb/searchResults/searchResults?txt_term=202620&startDatepicker=&endDatepicker=&uniqueSessionId=dg9b8cf3ec09f8&pageOffset=6000&pageMaxSize=500&sortColumn=subjectDescription&sortDirection=asc,2026-09-12T15:46:27.7486320+00:00,2026-09-12T17:15:47.6158400+00:00
ucr,202620,Spring 2026 (View Only),HIST,297,56127,97G,DIRECTED RESEARCH,,1.0,6.0,1 TO 6,In-Person,Riverside,30,0,0,0,,,,none - Research,"Graninger, Charles (primary)",,https://registrationssb.ucr.edu/StudentRegistrationSsb/ssb/searchResults/searchResults?txt_term=202620&startDatepicker=&endDatepicker=&uniqueSessionId=dg9b8cf3ec09f8&pageOffset=6000&pageMaxSize=500&sortColumn=subjectDescription&sortDirection=asc,2026-09-12T15:46:27.7486320+00:00,2026-09-12T17:15:47.6158400+00:00
ucr,202620,Spring 2026 (View Only),PHYS,190,77812,73T,SPECIAL STUDIES,,1.0,5.0,1 TO 5,In-Person,Riverside,30,1,0,0,,,,none - Individualized Study,"Tanedo, Philip (primary)",,https://registrationssb.ucr.edu/StudentRegistrationSsb/ssb/searchResults/searchResults?txt_term=202620&startDatepicker=&endDatepicker=&uniqueSessionId=dg9b8cf3ec09f8&pageOffset=8000&pageMaxSize=500&sortColumn=subjectDescription&sortDirection=asc,2026-09-12T15:46:45.7166770+00:00,2026-09-12T17:15:47.6158400+00:00
ucr,202620,Spring 2026 (View Only),PSYC,296,72597,46A,RESEARCH TUTORIAL,3.0,3.0,3.0,3,In-Person,Riverside,30,0,0,0,,,,none - Research,"Abdulrazak, Khaleel (primary)",,https://registrationssb.ucr.edu/StudentRegistrationSsb/ssb/searchResults/searchResults?txt_term=202620&startDatepicker=&endDatepicker=&uniqueSessionId=dg9b8cf3ec09f8&pageOffset=9500&pageMaxSize=500&sortColumn=subjectDescription&sortDirection=asc,2026-09-12T15:46:59.3813020+00:00,2026-09-12T17:15:47.6158400+00:00
ucr,202620,Spring 2026 (View Only),PSYC,297,59201,67D,DIRECTED RESEARCH,,1.0,6.0,1 TO 6,In-Person,Riverside,30,2,0,0,,,,none - Research,"Davis, Elizabeth (primary)",,https://registrationssb.ucr.edu/StudentRegistrationSsb/ssb/searchResults/searchResults?txt_term=202620&startDatepicker=&endDatepicker=&uniqueSessionId=dg9b8cf3ec09f8&pageOffset=9500&pageMaxSize=500&sortColumn=subjectDescription&sortDirection=asc,2026-09-12T15:46:59.3813020+00:00,2026-09-12T17:15:47.6158400+00:00
ucr,202620,Spring 2026 (View Only),PSYC,299,59231,67D,RESEARCH FOR THESIS OR DISSERTATION,,1.0,12.0,1 TO 12,In-Person,Riverside,30,0,0,0,,,,none - Thesis,"Davis, Elizabeth (primary)",,https://registrationssb.ucr.edu/StudentRegistrationSsb/ssb/searchResults/searchResults?txt_term=202620&startDatepicker=&endDatepicker=&uniqueSessionId=dg9b8cf3ec09f8&pageOffset=9500&pageMaxSize=500&sortColumn=subjectDescription&sortDirection=asc,2026-09-12T15:46:59.3813020+00:00,2026-09-12T17:15:47.6158400+00:00
ucr,202630,Summer 2026 (View Only),ETST,012,75118,B22,RELIGIOUS MYTHS AND RITUALS,,0.0,4.0,0 OR 4,Online,UCR Online,25,19,99,0,ET,25,25,none - Online ONLINE Discussion,"Singh, Kanwarpreet (primary)",,https://registrationssb.ucr.edu/StudentRegistrationSsb/ssb/searchResults/searchResults?txt_term=202630&startDatepicker=&endDatepicker=&uniqueSessionId=dg22e573eb01fd&pageOffset=500&pageMaxSize=500&sortColumn=subjectDescription&sortDirection=asc,2026-09-12T15:45:12.1287120+00:00,2026-09-12T17:14:15.3970840+00:00
ucr,202630,Summer 2026 (View Only),SEHE,001,76578,A01,"ENVIRONMENT, SOCIETY, AND CULTURE",,0.0,4.0,0 OR 4,Online,UCR Online,25,21,0,0,,,,none - Online ONLINE Lecture,"Itzhak, Milly ; Becerra, Rene (primary)",,https://registrationssb.ucr.edu/StudentRegistrationSsb/ssb/searchResults/searchResults?txt_term=202630&startDatepicker=&endDatepicker=&uniqueSessionId=dg22e573eb01fd&pageOffset=1000&pageMaxSize=500&sortColumn=subjectDescription&sortDirection=asc,2026-09-12T15:45:17.7548100+00:00,2026-09-12T17:14:15.3970840+00:00
ucr,202640,Fall 2026,ANTH,297,10237,M07,DIRECTED RESEARCH,,1.0,6.0,1 TO 6,In-Person,Riverside,30,0,0,0,,,,none - Research,"Moses, Yolanda (primary)",,https://registrationssb.ucr.edu/StudentRegistrationSsb/ssb/searchResults/searchResults?txt_term=202640&startDatepicker=&endDatepicker=&uniqueSessionId=dg835939177450&pageOffset=0&pageMaxSize=500&sortColumn=subjectDescription&sortDirection=asc,2026-09-12T15:43:19.8145510+00:00,2026-09-12T17:13:55.2675940+00:00
ucr,202640,Fall 2026,BCH,290,10634,41L,DIRECTED STUDIES,,1.0,4.0,1 TO 4,In-Person,Riverside,30,0,0,0,,,,none - Research,"Liu, Xuan (primary)",,https://registrationssb.ucr.edu/StudentRegistrationSsb/ssb/searchResults/searchResults?txt_term=202640&startDatepicker=&endDatepicker=&uniqueSessionId=dg835939177450&pageOffset=500&pageMaxSize=500&sortColumn=subjectDescription&sortDirection=asc,2026-09-12T15:43:24.0175910+00:00,2026-09-12T17:13:55.2675940+00:00
ucr,202640,Fall 2026,BIOL,171A,37880,010,HUMAN ANATOMY,,0.0,4.0,0 OR 4,In-Person,Riverside,20,20,99,2,,,,W 0900-1150 Spieth Hall 1208 Laboratory,"Nguyen, Alina (primary)",,https://registrationssb.ucr.edu/StudentRegistrationSsb/ssb/searchResults/searchResults?txt_term=202640&startDatepicker=&endDatepicker=&uniqueSessionId=dg835939177450&pageOffset=1000&pageMaxSize=500&sortColumn=subjectDescription&sortDirection=asc,2026-09-12T15:43:28.3473930+00:00,2026-09-12T17:13:55.2675940+00:00
ucr,202640,Fall 2026,CBNS,106,11712,008,INTRODUCTION TO NEUROSCIENCE,,0.0,4.0,0 OR 4,In-Person,Riverside,22,22,99,3,,,,F 1000-1050 Psychology 2209 Discussion,"The Staff, . (primary)",,https://registrationssb.ucr.edu/StudentRegistrationSsb/ssb/searchResults/searchResults?txt_term=202640&startDatepicker=&endDatepicker=&uniqueSessionId=dg835939177450&pageOffset=2000&pageMaxSize=500&sortColumn=subjectDescription&sortDirection=asc,2026-09-12T15:43:37.3979020+00:00,2026-09-12T17:13:55.2675940+00:00
ucr,202640,Fall 2026,CEE,299,11891,56M,RESEARCH FOR THE THESIS OR DISSERTATION,,1.0,12.0,1 TO 12,In-Person,Riverside,10,0,0,0,,,,none - Research,"Mulchandani, Ashok (primary)",,https://registrationssb.ucr.edu/StudentRegistrationSsb/ssb/searchResults/searchResults?txt_term=202640&startDatepicker=&endDatepicker=&uniqueSessionId=dg835939177450&pageOffset=2500&pageMaxSize=500&sortColumn=subjectDescription&sortDirection=asc,2026-09-12T15:43:41.9732790+00:00,2026-09-12T17:13:55.2675940+00:00
ucr,202640,Fall 2026,CHEM,299,12303,06Z,RESEARCH FOR THESIS OR DISSERTATION,,1.0,12.0,1 TO 12,In-Person,Riverside,15,1,0,0,,,,none - Thesis,"Zaera, Francisco (primary)",,https://registrationssb.ucr.edu/StudentRegistrationSsb/ssb/searchResults/searchResults?txt_term=202640&startDatepicker=&endDatepicker=&uniqueSessionId=dg835939177450&pageOffset=2500&pageMaxSize=500&sortColumn=subjectDescription&sortDirection=asc,2026-09-12T15:43:41.9732790+00:00,2026-09-12T17:13:55.2675940+00:00
ucr,202640,Fall 2026,CS,179M,38339,022,PROJECT IN COMPUTER SCIENCE: ARTIFICIAL INTELLIGENCE,,0.0,4.0,0 OR 4,In-Person,Riverside,3,3,0,0,,,,F 1800-2050 UG Teaching Learning Facility 0215 Laboratory,,,https://registrationssb.ucr.edu/StudentRegistrationSsb/ssb/searchResults/searchResults?txt_term=202640&startDatepicker=&endDatepicker=&uniqueSessionId=dg835939177450&pageOffset=3000&pageMaxSize=500&sortColumn=subjectDescription&sortDirection=asc,2026-09-12T15:43:46.0496670+00:00,2026-09-12T17:13:55.2675940+00:00
ucr,202640,Fall 2026,ECON,003,38814,058,INTRODUCTION TO MICROECONOMICS,,0.0,5.0,0 OR 5,In-Person,Riverside,22,21,2,0,,,,F 1100-1150 Olmsted 1116 Discussion,,,https://registrationssb.ucr.edu/StudentRegistrationSsb/ssb/searchResults/searchResults?txt_term=202640&startDatepicker=&endDatepicker=&uniqueSessionId=dg835939177450&pageOffset=3500&pageMaxSize=500&sortColumn=subjectDescription&sortDirection=asc,2026-09-12T15:43:49.8912570+00:00,2026-09-12T17:13:55.2675940+00:00
ucr,202640,Fall 2026,EE,020B,34884,022,LINEAR METHODS FOR ENGINEERING ANALYSIS AND DESIGN USING MATLAB,,0.0,4.0,0 OR 4,In-Person,Riverside,45,45,15,13,,,,W 0900-0950 Skye Hall 171 Discussion,"Lu, Xingyu (primary)",,https://registrationssb.ucr.edu/StudentRegistrationSsb/ssb/searchResults/searchResults?txt_term=202640&startDatepicker=&endDatepicker=&uniqueSessionId=dg835939177450&pageOffset=4000&pageMaxSize=500&sortColumn=subjectDescription&sortDirection=asc,2026-09-12T15:43:53.7807900+00:00,2026-09-12T17:13:55.2675940+00:00
ucr,202640,Fall 2026,EEOB,290,25437,L42,DIRECTED STUDIES,,1.0,6.0,1 TO 6,In-Person,Riverside,10,0,0,0,,,,none - Individualized Study,"Larios, Loralee (primary)",,https://registrationssb.ucr.edu/StudentRegistrationSsb/ssb/searchResults/searchResults?txt_term=202640&startDatepicker=&endDatepicker=&uniqueSessionId=dg835939177450&pageOffset=5500&pageMaxSize=500&sortColumn=subjectDescription&sortDirection=asc,2026-09-12T15:44:06.6793280+00:00,2026-09-12T17:13:55.2675940+00:00
ucr,202640,Fall 2026,MATH,003,41811,053,COLLEGE MATHEMATICS FUNDAMENTALS AND PROBLEM SOLVING,,0.0,3.0,0 OR 3,In-Person,Riverside,30,30,99,1,,,,MW 0930-1050 Gordon Watkins Hall 1111 Laboratory,"Coya, Brandon (primary)",,https://registrationssb.ucr.edu/StudentRegistrationSsb/ssb/searchResults/searchResults?txt_term=202640&startDatepicker=&endDatepicker=&uniqueSessionId=dg835939177450&pageOffset=7000&pageMaxSize=500&sortColumn=subjectDescription&sortDirection=asc,2026-09-12T15:44:19.7589230+00:00,2026-09-12T17:13:55.2675940+00:00
ucr,202640,Fall 2026,MCBL,297,16799,49R,DIRECTED RESEARCH,,1.0,6.0,1 TO 6,In-Person,Riverside,30,0,0,0,,,,none - Research,"Rao, Ayala (primary)",,https://registrationssb.ucr.edu/StudentRegistrationSsb/ssb/searchResults/searchResults?txt_term=202640&startDatepicker=&endDatepicker=&uniqueSessionId=dg835939177450&pageOffset=8000&pageMaxSize=500&sortColumn=subjectDescription&sortDirection=asc,2026-09-12T15:44:27.9563160+00:00,2026-09-12T17:13:55.2675940+00:00
ucr,202640,Fall 2026,PHYS,299,18282,52S,RESEARCH FOR THESIS OR DISSERTATION,,1.0,12.0,1 TO 12,In-Person,Riverside,30,1,0,0,,,,none - Thesis,"Seto, Richard (primary)",,https://registrationssb.ucr.edu/StudentRegistrationSsb/ssb/searchResults/searchResults?txt_term=202640&startDatepicker=&endDatepicker=&uniqueSessionId=dg835939177450&pageOffset=9000&pageMaxSize=500&sortColumn=subjectDescription&sortDirection=asc,2026-09-12T15:44:37.5861120+00:00,2026-09-12T17:13:55.2675940+00:00
ucr,202640,Fall 2026,POSC,297,18674,90G,DIRECTED RESEARCH,,1.0,6.0,1 TO 6,In-Person,Riverside,30,0,0,0,,,,none - Research,"Grittersova, Jana (primary)",,https://registrationssb.ucr.edu/StudentRegistrationSsb/ssb/searchResults/searchResults?txt_term=202640&startDatepicker=&endDatepicker=&uniqueSessionId=dg835939177450&pageOffset=9500&pageMaxSize=500&sortColumn=subjectDescription&sortDirection=asc,2026-09-12T15:44:41.9382750+00:00,2026-09-12T17:13:55.2675940+00:00
ucr,202640,Fall 2026,PSYC,296,36609,22Y,RESEARCH TUTORIAL,3.0,3.0,3.0,3,In-Person,Riverside,30,0,0,0,,,,none - Research,"Yates, Tuppett (primary)",,https://registrationssb.ucr.edu/StudentRegistrationSsb/ssb/searchResults/searchResults?txt_term=202640&startDatepicker=&endDatepicker=&uniqueSessionId=dg835939177450&pageOffset=10000&pageMaxSize=500&sortColumn=subjectDescription&sortDirection=asc,2026-09-12T15:44:46.4885790+00:00,2026-09-12T17:13:55.2675940+00:00
ucr,202640,Fall 2026,SEHE,001,38514,023,"ENVIRONMENT, SOCIETY, AND CULTURE",,0.0,4.0,0 OR 4,Online,UCR Online,25,25,5,0,,,,T 1500-1550 Online ONLINE Discussion,,,https://registrationssb.ucr.edu/StudentRegistrationSsb/ssb/searchResults/searchResults?txt_term=202640&startDatepicker=&endDatepicker=&uniqueSessionId=dg835939177450&pageOffset=10000&pageMaxSize=500&sortColumn=subjectDescription&sortDirection=asc,2026-09-12T15:44:46.4885790+00:00,2026-09-12T17:13:55.2675940+00:00
ucr,202640,Fall 2026,SEHE,002,39213,028,INTRODUCTION TO HEALTH EQUITY AND HEALTH JUSTICE,,0.0,4.0,0 OR 4,Online,UCR Online,25,25,5,0,,,,W 1200-1250 Online ONLINE Discussion,,,https://registrationssb.ucr.edu/StudentRegistrationSsb/ssb/searchResults/searchResults?txt_term=202640&startDatepicker=&endDatepicker=&uniqueSessionId=dg835939177450&pageOffset=10000&pageMaxSize=500&sortColumn=subjectDescription&sortDirection=asc,2026-09-12T15:44:46.4885790+00:00,2026-09-12T17:13:55.2675940+00:00
ucr,202640,Fall 2026,SOC,297,26962,C75,DIRECTED RESEARCH,,1.0,6.0,1 TO 6,In-Person,Riverside,15,0,0,0,,,,none - Research,"Carpiano, Richard (primary)",,https://registrationssb.ucr.edu/StudentRegistrationSsb/ssb/searchResults/searchResults?txt_term=202640&startDatepicker=&endDatepicker=&uniqueSessionId=dg835939177450&pageOffset=10500&pageMaxSize=500&sortColumn=subjectDescription&sortDirection=asc,2026-09-12T15:44:51.0783190+00:00,2026-09-12T17:13:55.2675940+00:00
uncc,201950,First Summer 2019 (View Only),PSYC,2131,30841,080,Intro to Forensic Psychology,3.0,3.0,3.0,3,Online:  No Specific Mtg Times,Distance Education,50,44,5,0,33,60,45,none - Class,Lori Van Wallendael (primary),,https://selfservice.uncc.edu/StudentRegistrationSsb/ssb/searchResults/searchResults?txt_term=201950&startDatepicker=&endDatepicker=&uniqueSessionId=dg93dd4f28e090&pageOffset=500&pageMaxSize=500&sortColumn=subjectDescription&sortDirection=asc,2026-09-12T17:47:25.1806540+00:00,2026-09-12T17:47:25.2430650+00:00
uncc,201970,Second Summer 2019 (View Only),CHNS,2202L,41197,SA1,Intermediate Chinese II Lab,1.0,1.0,1.0,1,Face-to-Face Instruction,Main Campus or Dubois Campus,0,1,0,0,,,,none - Class,,,https://selfservice.uncc.edu/StudentRegistrationSsb/ssb/searchResults/searchResults?txt_term=201970&startDatepicker=&endDatepicker=&uniqueSessionId=dg7cdea945daf3&pageOffset=0&pageMaxSize=500&sortColumn=subjectDescription&sortDirection=asc,2026-09-12T17:47:05.7100820+00:00,2026-09-12T17:47:07.9774750+00:00
uncc,201970,Second Summer 2019 (View Only),INTL,2100,40937,UOL,"Introduction to Holocaust, Genocide, and Human Rights Studies",3.0,3.0,3.0,3,Online:  No Specific Mtg Times,Distance Education,21,6,0,0,05,42,23,none - Class,Lynnette Deem (primary),,https://selfservice.uncc.edu/StudentRegistrationSsb/ssb/searchResults/searchResults?txt_term=201970&startDatepicker=&endDatepicker=&uniqueSessionId=dg7cdea945daf3&pageOffset=0&pageMaxSize=500&sortColumn=subjectDescription&sortDirection=asc,2026-09-12T17:47:05.7100820+00:00,2026-09-12T17:47:07.9774750+00:00
uncc,201970,Second Summer 2019 (View Only),ITCS,6880,40833,001,Individual Study,,1.0,3.0,1 TO 3,Face-to-Face Instruction,Main Campus or Dubois Campus,0,2,0,0,,,,none - Class,Mohsen Dorodchi (primary),,https://selfservice.uncc.edu/StudentRegistrationSsb/ssb/searchResults/searchResults?txt_term=201970&startDatepicker=&endDatepicker=&uniqueSessionId=dg7cdea945daf3&pageOffset=0&pageMaxSize=500&sortColumn=subjectDescription&sortDirection=asc,2026-09-12T17:47:05.7100820+00:00,2026-09-12T17:47:07.9774750+00:00
uncc,201980,Fall 2019 (View Only),CHEM,1252L,10899,592,General Chemistry Lab II,1.0,1.0,1.0,1,Face-to-Face Instruction,Main Campus or Dubois Campus,32,24,6,0,,,,W 1900-2145 Burson 205 Class,Joanna Krueger (primary) ; Alex Rolband,,https://selfservice.uncc.edu/StudentRegistrationSsb/ssb/searchResults/searchResults?txt_term=201980&startDatepicker=&endDatepicker=&uniqueSessionId=dga6381d3f3d22&pageOffset=500&pageMaxSize=500&sortColumn=subjectDescription&sortDirection=asc,2026-09-12T17:45:44.8410690+00:00,2026-09-12T17:46:55.0346410+00:00
uncc,201980,Fall 2019 (View Only),DSBA,6201,14073,U90,Business Intelligence and Analytics,3.0,3.0,3.0,3,Face-to-Face Instruction,Main Campus or Dubois Campus,25,22,10,0,CW,45,39,"T 1730-2015 Dubois Center, The (Uptown) 801 Class",Lina Zhou (primary),,https://selfservice.uncc.edu/StudentRegistrationSsb/ssb/searchResults/searchResults?txt_term=201980&startDatepicker=&endDatepicker=&uniqueSessionId=dga6381d3f3d22&pageOffset=1000&pageMaxSize=500&sortColumn=subjectDescription&sortDirection=asc,2026-09-12T17:45:53.8179990+00:00,2026-09-12T17:46:55.0346410+00:00
uncc,201980,Fall 2019 (View Only),EDUC,6310,17941,080,Contemporary Issues and Practices of National Board Certification,3.0,3.0,3.0,3,Online:  Specific Mtg Times,Distance Education,24,11,0,0,,,,none - Class,Amy Good (primary),,https://selfservice.uncc.edu/StudentRegistrationSsb/ssb/searchResults/searchResults?txt_term=201980&startDatepicker=&endDatepicker=&uniqueSessionId=dga6381d3f3d22&pageOffset=1500&pageMaxSize=500&sortColumn=subjectDescription&sortDirection=asc,2026-09-12T17:46:02.7542800+00:00,2026-09-12T17:46:55.0346410+00:00
uncc,201980,Fall 2019 (View Only),HAHS,1000,16265,017,Prospect for Success in Health and Human Services,,1.0,3.0,1 OR 3,Face-to-Face Instruction,Main Campus or Dubois Campus,25,19,0,0,,,,W 1115-1205 Belk Gymnasium 207 Class,Alicia Dahl (primary),,https://selfservice.uncc.edu/StudentRegistrationSsb/ssb/searchResults/searchResults?txt_term=201980&startDatepicker=&endDatepicker=&uniqueSessionId=dga6381d3f3d22&pageOffset=2000&pageMaxSize=500&sortColumn=subjectDescription&sortDirection=asc,2026-09-12T17:46:10.8447710+00:00,2026-09-12T17:46:55.0346410+00:00
uncc,201980,Fall 2019 (View Only),HONR,1700,16234,H02,University Honors Program Colloquium,1.0,1.0,1.0,1,Face-to-Face Instruction,Main Campus or Dubois Campus,24,23,3,0,,,,W 1430-1545 Class,Mindy Adnot (primary),,https://selfservice.uncc.edu/StudentRegistrationSsb/ssb/searchResults/searchResults?txt_term=201980&startDatepicker=&endDatepicker=&uniqueSessionId=dga6381d3f3d22&pageOffset=2500&pageMaxSize=500&sortColumn=subjectDescription&sortDirection=asc,2026-09-12T17:46:18.7649380+00:00,2026-09-12T17:46:55.0346410+00:00
uncc,201980,Fall 2019 (View Only),JAPN,1201,16772,005,Elementary Japanese I,3.0,3.0,3.0,3,Face-to-Face Instruction,Main Campus or Dubois Campus,22,19,2,0,,,,MWF 1220-1310 Smith 331 Class,Chie Drake (primary),,https://selfservice.uncc.edu/StudentRegistrationSsb/ssb/searchResults/searchResults?txt_term=201980&startDatepicker=&endDatepicker=&uniqueSessionId=dga6381d3f3d22&pageOffset=2500&pageMaxSize=500&sortColumn=subjectDescription&sortDirection=asc,2026-09-12T17:46:18.7649380+00:00,2026-09-12T17:46:55.0346410+00:00
uncc,201980,Fall 2019 (View Only),LBST,1105,11898,530,Arts & Society: Visual Arts (ARCH),3.0,3.0,3.0,3,Face-to-Face Instruction,Main Campus or Dubois Campus,150,158,0,0,,,,MWF 0905-0955 Storrs 110 Class,Jose Gamez (primary),,https://selfservice.uncc.edu/StudentRegistrationSsb/ssb/searchResults/searchResults?txt_term=201980&startDatepicker=&endDatepicker=&uniqueSessionId=dga6381d3f3d22&pageOffset=2500&pageMaxSize=500&sortColumn=subjectDescription&sortDirection=asc,2026-09-12T17:46:18.7649380+00:00,2026-09-12T17:46:55.0346410+00:00
uncc,201980,Fall 2019 (View Only),LTAM,2001,17340,A01,Topics in LTAM-Econ & Society: Religion in Latin America,3.0,3.0,3.0,3,Face-to-Face Instruction,Main Campus or Dubois Campus,10,8,0,0,I3,33,17,TR 1430-1545 Denny 202 Class,Eric Hoenes (primary),,https://selfservice.uncc.edu/StudentRegistrationSsb/ssb/searchResults/searchResults?txt_term=201980&startDatepicker=&endDatepicker=&uniqueSessionId=dga6381d3f3d22&pageOffset=2500&pageMaxSize=500&sortColumn=subjectDescription&sortDirection=asc,2026-09-12T17:46:18.7649380+00:00,2026-09-12T17:46:55.0346410+00:00
uncc,201980,Fall 2019 (View Only),OPER,3100,11756,005,Operations Management,3.0,3.0,3.0,3,Hybrid:  DO NOT USE,Main Campus or Dubois Campus,65,63,13,0,,,,M 1430-1545 FOOTNOTE Class ; W 1430-1545 Colvard 3120 Class,Richard Martin (primary),,https://selfservice.uncc.edu/StudentRegistrationSsb/ssb/searchResults/searchResults?txt_term=201980&startDatepicker=&endDatepicker=&uniqueSessionId=dga6381d3f3d22&pageOffset=3500&pageMaxSize=500&sortColumn=subjectDescription&sortDirection=asc,2026-09-12T17:46:35.2738750+00:00,2026-09-12T17:46:55.0346410+00:00
uncc,201980,Fall 2019 (View Only),SECD,6800,11389,083,Ind Study in Secondary Educ,,1.0,6.0,1 TO 6,Online:  No Specific Mtg Times,Distance Education,6,5,0,0,,,,none - Class,Marsha Brigman (primary) ; Paul Fitchett,,https://selfservice.uncc.edu/StudentRegistrationSsb/ssb/searchResults/searchResults?txt_term=201980&startDatepicker=&endDatepicker=&uniqueSessionId=dga6381d3f3d22&pageOffset=4500&pageMaxSize=500&sortColumn=subjectDescription&sortDirection=asc,2026-09-12T17:46:50.6761450+00:00,2026-09-12T17:46:55.0346410+00:00
uncc,201980,Fall 2019 (View Only),SOCY,4156,10020,002,Quantitative Analysis,4.0,4.0,4.0,4,Face-to-Face Instruction,Main Campus or Dubois Campus,30,26,3,0,ZL,32,26,M 1430-1715 Colvard 3120 Class,Wei Zhao (primary),,https://selfservice.uncc.edu/StudentRegistrationSsb/ssb/searchResults/searchResults?txt_term=201980&startDatepicker=&endDatepicker=&uniqueSessionId=dga6381d3f3d22&pageOffset=4500&pageMaxSize=500&sortColumn=subjectDescription&sortDirection=asc,2026-09-12T17:46:50.6761450+00:00,2026-09-12T17:46:55.0346410+00:00
uncc,201980,Fall 2019 (View Only),TESL,4469,17248,001,Advanced Seminar/Practicum in TESL,3.0,3.0,3.0,3,Face-to-Face Instruction,Main Campus or Dubois Campus,15,3,5,0,,,,W 1730-2015 Mebane Hall 202 Class,Leslie Gutierrez (primary),,https://selfservice.uncc.edu/StudentRegistrationSsb/ssb/searchResults/searchResults?txt_term=201980&startDatepicker=&endDatepicker=&uniqueSessionId=dga6381d3f3d22&pageOffset=5000&pageMaxSize=500&sortColumn=subjectDescription&sortDirection=asc,2026-09-12T17:46:54.9752800+00:00,2026-09-12T17:46:55.0346410+00:00
uncc,202010,Spring 2020 (View Only),ARCH,4204,27190,003,Architectural History Elective: Anarchists Guide to Activating Historic Cultural Sites,3.0,3.0,3.0,3,Face-to-Face Instruction,Main Campus or Dubois Campus,10,10,0,0,LK,14,12,"R 1400-1645 Dubois Center, The (Uptown) 604 Class",Deb Ryan (primary),,https://selfservice.uncc.edu/StudentRegistrationSsb/ssb/searchResults/searchResults?txt_term=202010&startDatepicker=&endDatepicker=&uniqueSessionId=dg503657e6dfb1&pageOffset=0&pageMaxSize=500&sortColumn=subjectDescription&sortDirection=asc,2026-09-12T17:44:06.1904430+00:00,2026-09-12T17:45:23.7519200+00:00
uncc,202010,Spring 2020 (View Only),ARTR,2161,21529,001,"Print Media: Silkscreen, Relief and Mixed Media",3.0,3.0,3.0,3,Face-to-Face Instruction,Main Campus or Dubois Campus,15,15,2,0,,,,MW 1430-1720 Rowe 280 Class,Erik Waterkotte (primary),,https://selfservice.uncc.edu/StudentRegistrationSsb/ssb/searchResults/searchResults?txt_term=202010&startDatepicker=&endDatepicker=&uniqueSessionId=dg503657e6dfb1&pageOffset=0&pageMaxSize=500&sortColumn=subjectDescription&sortDirection=asc,2026-09-12T17:44:06.1904430+00:00,2026-09-12T17:45:23.7519200+00:00
uncc,202010,Spring 2020 (View Only),CSLG,8443,25092,001,Doctoral Internship: Research,,1.0,3.0,1 TO 3,Face-to-Face Instruction,Main Campus or Dubois Campus,15,14,0,0,,,,none - Class,Lyndon Abrams (primary),,https://selfservice.uncc.edu/StudentRegistrationSsb/ssb/searchResults/searchResults?txt_term=202010&startDatepicker=&endDatepicker=&uniqueSessionId=dg503657e6dfb1&pageOffset=1000&pageMaxSize=500&sortColumn=subjectDescription&sortDirection=asc,2026-09-12T17:44:23.5134130+00:00,2026-09-12T17:45:23.7519200+00:00
uncc,202010,Spring 2020 (View Only),ENGL,6685,21132,090,Seminar in American Literature: Contemporary Black Poetics and Visual Art,3.0,3.0,3.0,3,Face-to-Face Instruction,Main Campus or Dubois Campus,10,6,0,0,HB,12,7,"M 1730-2015 Dubois Center, The (Uptown) 803 Class",Malin Pereira (primary),,https://selfservice.uncc.edu/StudentRegistrationSsb/ssb/searchResults/searchResults?txt_term=202010&startDatepicker=&endDatepicker=&uniqueSessionId=dg503657e6dfb1&pageOffset=2000&pageMaxSize=500&sortColumn=subjectDescription&sortDirection=asc,2026-09-12T17:44:40.3426460+00:00,2026-09-12T17:45:23.7519200+00:00
uncc,202010,Spring 2020 (View Only),GEOG,8901,22723,I04,Dissertation,,1.0,9.0,1 TO 9,Face-to-Face Instruction,Main Campus or Dubois Campus,5,2,0,0,,,,none - Class,Heather Smith (primary),,https://selfservice.uncc.edu/StudentRegistrationSsb/ssb/searchResults/searchResults?txt_term=202010&startDatepicker=&endDatepicker=&uniqueSessionId=dg503657e6dfb1&pageOffset=2000&pageMaxSize=500&sortColumn=subjectDescription&sortDirection=asc,2026-09-12T17:44:40.3426460+00:00,2026-09-12T17:45:23.7519200+00:00
uncc,202010,Spring 2020 (View Only),IBUS,3000,27655,SA1,Topics in International Busn,3.0,3.0,3.0,3,Face-to-Face Instruction,Main Campus or Dubois Campus,0,1,0,0,,,,none - Class,,,https://selfservice.uncc.edu/StudentRegistrationSsb/ssb/searchResults/searchResults?txt_term=202010&startDatepicker=&endDatepicker=&uniqueSessionId=dg503657e6dfb1&pageOffset=2500&pageMaxSize=500&sortColumn=subjectDescription&sortDirection=asc,2026-09-12T17:44:48.1344140+00:00,2026-09-12T17:45:23.7519200+00:00
uncc,202010,Spring 2020 (View Only),ITIS,3320,21271,091,Intro Software Testing & Assur,3.0,3.0,3.0,3,Face-to-Face Instruction,Main Campus or Dubois Campus,76,76,8,0,,,,T 1900-2145 Woodward Hall 125 Class,Saad Hamdan (primary),,https://selfservice.uncc.edu/StudentRegistrationSsb/ssb/searchResults/searchResults?txt_term=202010&startDatepicker=&endDatepicker=&uniqueSessionId=dg503657e6dfb1&pageOffset=4500&pageMaxSize=500&sortColumn=subjectDescription&sortDirection=asc,2026-09-12T17:45:21.2763610+00:00,2026-09-12T17:45:23.7519200+00:00
uncc,202010,Spring 2020 (View Only),ITIS,8330,25744,091,Malware Analysis,3.0,3.0,3.0,3,Face-to-Face Instruction,Main Campus or Dubois Campus,26,1,3,0,H7,76,14,TR 1600-1715 Fretwell 113 Class,Jinpeng Wei (primary),,https://selfservice.uncc.edu/StudentRegistrationSsb/ssb/searchResults/searchResults?txt_term=202010&startDatepicker=&endDatepicker=&uniqueSessionId=dg503657e6dfb1&pageOffset=4500&pageMaxSize=500&sortColumn=subjectDescription&sortDirection=asc,2026-09-12T17:45:21.2763610+00:00,2026-09-12T17:45:23.7519200+00:00
uncc,202010,Spring 2020 (View Only),ITSC,1212,25381,005,Introduction to Computer Science I,4.0,4.0,4.0,4,Face-to-Face Instruction,Main Campus or Dubois Campus,24,22,0,0,J2,72,67,T 0830-1115 Cone University Center 164 Class ; MW 1600-1715 Woodward Hall 130 Class,Laurel Powell (primary),,https://selfservice.uncc.edu/StudentRegistrationSsb/ssb/searchResults/searchResults?txt_term=202010&startDatepicker=&endDatepicker=&uniqueSessionId=dg503657e6dfb1&pageOffset=1000&pageMaxSize=500&sortColumn=subjectDescription&sortDirection=asc,2026-09-12T17:44:23.5134130+00:00,2026-09-12T17:45:23.7519200+00:00
uncc,202010,Spring 2020 (View Only),LBST,2102,27129,100,Global Connections (COMM),3.0,3.0,3.0,3,Face-to-Face Instruction,Main Campus or Dubois Campus,35,32,3,0,,,,W 1730-2015 Robinson Hall 109 Class,Dean Kruckeberg (primary),,https://selfservice.uncc.edu/StudentRegistrationSsb/ssb/searchResults/searchResults?txt_term=202010&startDatepicker=&endDatepicker=&uniqueSessionId=dg503657e6dfb1&pageOffset=2500&pageMaxSize=500&sortColumn=subjectDescription&sortDirection=asc,2026-09-12T17:44:48.1344140+00:00,2026-09-12T17:45:23.7519200+00:00
uncc,202010,Spring 2020 (View Only),MGMT,6690,26235,U01,Career/Prof Development,0.0,0.0,0.0,0,Face-to-Face Instruction,Main Campus or Dubois Campus,40,23,0,0,,,,none - Class,Robin Boswell ; Solange Tricanowicz (primary),,https://selfservice.uncc.edu/StudentRegistrationSsb/ssb/searchResults/searchResults?txt_term=202010&startDatepicker=&endDatepicker=&uniqueSessionId=dg503657e6dfb1&pageOffset=3000&pageMaxSize=500&sortColumn=subjectDescription&sortDirection=asc,2026-09-12T17:44:56.7153950+00:00,2026-09-12T17:45:23.7519200+00:00
uncc,202010,Spring 2020 (View Only),MUPF,1240,24756,JM2,Applied Music-Euphonium,,1.0,2.0,1 TO 2,Face-to-Face Instruction,Main Campus or Dubois Campus,5,3,0,0,,,,none - Class,Ian McCollum (primary),,https://selfservice.uncc.edu/StudentRegistrationSsb/ssb/searchResults/searchResults?txt_term=202010&startDatepicker=&endDatepicker=&uniqueSessionId=dg503657e6dfb1&pageOffset=3500&pageMaxSize=500&sortColumn=subjectDescription&sortDirection=asc,2026-09-12T17:45:05.0726630+00:00,2026-09-12T17:45:23.7519200+00:00
uncc,202010,Spring 2020 (View Only),NURS,3108,20084,003,Health Assessment and Application,3.0,3.0,3.0,3,Face-to-Face Instruction,Main Campus or Dubois Campus,13,11,0,0,,,,M 1400-1645 College of Health & Human Serv 306 Class,Charlene Whitaker-Brown (primary),,https://selfservice.uncc.edu/StudentRegistrationSsb/ssb/searchResults/searchResults?txt_term=202010&startDatepicker=&endDatepicker=&uniqueSessionId=dg503657e6dfb1&pageOffset=3500&pageMaxSize=500&sortColumn=subjectDescription&sortDirection=asc,2026-09-12T17:45:05.0726630+00:00,2026-09-12T17:45:23.7519200+00:00
uncc,202010,Spring 2020 (View Only),NURS,3440,20095,P02,Practicum in Nursing Care of Children and the Childbearing Family,3.0,3.0,3.0,3,Face-to-Face Instruction,Main Campus or Dubois Campus,10,10,0,0,,,,W - Class,Cynthia Toth ; Susan Lynch (primary) ; Margaret MacKay,,https://selfservice.uncc.edu/StudentRegistrationSsb/ssb/searchResults/searchResults?txt_term=202010&startDatepicker=&endDatepicker=&uniqueSessionId=dg503657e6dfb1&pageOffset=3500&pageMaxSize=500&sortColumn=subjectDescription&sortDirection=asc,2026-09-12T17:45:05.0726630+00:00,2026-09-12T17:45:23.7519200+00:00
uncc,202010,Spring 2020 (View Only),PHYS,1102L,20041,L02,Introductory Physics II Lab,1.0,1.0,1.0,1,Face-to-Face Instruction,Main Campus or Dubois Campus,35,31,3,0,,,,T 1300-1545 Burson 131 Class,Shree Bhattarai (primary),,https://selfservice.uncc.edu/StudentRegistrationSsb/ssb/searchResults/searchResults?txt_term=202010&startDatepicker=&endDatepicker=&uniqueSessionId=dg503657e6dfb1&pageOffset=4000&pageMaxSize=500&sortColumn=subjectDescription&sortDirection=asc,2026-09-12T17:45:13.4083760+00:00,2026-09-12T17:45:23.7519200+00:00
uncc,202010,Spring 2020 (View Only),RELS,3400,26686,001,Applied Rsch/Field Work,3.0,3.0,3.0,3,Face-to-Face Instruction,Main Campus or Dubois Campus,7,7,0,0,,,,none - Class,Celia Sinclair (primary),,https://selfservice.uncc.edu/StudentRegistrationSsb/ssb/searchResults/searchResults?txt_term=202010&startDatepicker=&endDatepicker=&uniqueSessionId=dg503657e6dfb1&pageOffset=4000&pageMaxSize=500&sortColumn=subjectDescription&sortDirection=asc,2026-09-12T17:45:13.4083760+00:00,2026-09-12T17:45:23.7519200+00:00
uncc,202010,Spring 2020 (View Only),THEA,1225,25402,001,Theatre Tech 1 - Scenic,3.0,3.0,3.0,3,Face-to-Face Instruction,Main Campus or Dubois Campus,10,10,0,0,,,,TR 1130-1245 Robinson Hall 130 Class,Matthew Fraiser (primary),,https://selfservice.uncc.edu/StudentRegistrationSsb/ssb/searchResults/searchResults?txt_term=202010&startDatepicker=&endDatepicker=&uniqueSessionId=dg503657e6dfb1&pageOffset=4500&pageMaxSize=500&sortColumn=subjectDescription&sortDirection=asc,2026-09-12T17:45:21.2763610+00:00,2026-09-12T17:45:23.7519200+00:00
uncc,202060,Summer 2020 (View Only),ATRN,6101,30004,080,Clinical Anatomy for Allied Health,3.0,3.0,3.0,3,Online:  No Specific Mtg Times,Distance Education,16,15,16,0,,,,none - Class,Tricia Turner (primary),,https://selfservice.uncc.edu/StudentRegistrationSsb/ssb/searchResults/searchResults?txt_term=202060&startDatepicker=&endDatepicker=&uniqueSessionId=dgde85f9ca1977&pageOffset=0&pageMaxSize=500&sortColumn=subjectDescription&sortDirection=asc,2026-09-12T17:43:40.7632500+00:00,2026-09-12T17:43:53.8301080+00:00
uncc,202060,Summer 2020 (View Only),WGST,3050,31039,001,Topics in Women's Studies: Ain't I a Woman: Black Women in the African Diaspora 1500-1800,3.0,3.0,3.0,3,Online:  No Specific Mtg Times,Distance Education,5,2,0,0,53,25,10,none - Class,Erika Edwards (primary),,https://selfservice.uncc.edu/StudentRegistrationSsb/ssb/searchResults/searchResults?txt_term=202060&startDatepicker=&endDatepicker=&uniqueSessionId=dgde85f9ca1977&pageOffset=1000&pageMaxSize=500&sortColumn=subjectDescription&sortDirection=asc,2026-09-12T17:43:53.7714290+00:00,2026-09-12T17:43:53.8301080+00:00
uncc,202080,Fall 2020 (View Only),ARCH,7101,14660,002,Design Studio: Topical,6.0,6.0,6.0,6,Hybrid:  DO NOT USE,Main Campus or Dubois Campus,12,9,0,0,,,,"MW 1400-1715 Dubois Center, The (Uptown) 1002 Class ; F 1400-1600 Dubois Center, The (Uptown) 1002 Class",Jose Gamez (primary),,https://selfservice.uncc.edu/StudentRegistrationSsb/ssb/searchResults/searchResults?txt_term=202080&startDatepicker=&endDatepicker=&uniqueSessionId=dg7261d3efedb8&pageOffset=0&pageMaxSize=500&sortColumn=subjectDescription&sortDirection=asc,2026-09-12T17:41:49.3067530+00:00,2026-09-12T17:43:29.7849020+00:00
uncc,202080,Fall 2020 (View Only),COMM,6880,10422,001,Independent Study,3.0,3.0,3.0,3,Face-to-Face Instruction,Main Campus or Dubois Campus,0,3,0,0,,,,none - Class,Erin Basinger (primary),,https://selfservice.uncc.edu/StudentRegistrationSsb/ssb/searchResults/searchResults?txt_term=202080&startDatepicker=&endDatepicker=&uniqueSessionId=dg7261d3efedb8&pageOffset=1000&pageMaxSize=500&sortColumn=subjectDescription&sortDirection=asc,2026-09-12T17:42:07.6456630+00:00,2026-09-12T17:43:29.7849020+00:00
uncc,202080,Fall 2020 (View Only),CSLG,8100,14394,001,Advanced Theories of Counseling,3.0,3.0,3.0,3,Online:  Specific Mtg Times,Main Campus or Dubois Campus,10,9,0,0,,,,W 0930-1215 INTRNET Class,Ed Wierzalis (primary),,https://selfservice.uncc.edu/StudentRegistrationSsb/ssb/searchResults/searchResults?txt_term=202080&startDatepicker=&endDatepicker=&uniqueSessionId=dg7261d3efedb8&pageOffset=1500&pageMaxSize=500&sortColumn=subjectDescription&sortDirection=asc,2026-09-12T17:42:16.5669070+00:00,2026-09-12T17:43:29.7849020+00:00
uncc,202080,Fall 2020 (View Only),CSLG,8443,13928,001,Doctoral Internship: Research,,1.0,3.0,1 TO 3,Online:  Specific Mtg Times,Main Campus or Dubois Campus,12,9,0,0,,,,F 0930-1215 INTRNET Class,Lyndon Abrams (primary),,https://selfservice.uncc.edu/StudentRegistrationSsb/ssb/searchResults/searchResults?txt_term=202080&startDatepicker=&endDatepicker=&uniqueSessionId=dg7261d3efedb8&pageOffset=1500&pageMaxSize=500&sortColumn=subjectDescription&sortDirection=asc,2026-09-12T17:42:16.5669070+00:00,2026-09-12T17:43:29.7849020+00:00
uncc,202080,Fall 2020 (View Only),HIST,2152,13369,001,European Women's History,3.0,3.0,3.0,3,Face-to-Face Instruction,Main Campus or Dubois Campus,22,9,0,0,EU,25,11,MWF 1325-1415 Rowe 161 Class,Maria Labbato (primary),,https://selfservice.uncc.edu/StudentRegistrationSsb/ssb/searchResults/searchResults?txt_term=202080&startDatepicker=&endDatepicker=&uniqueSessionId=dg7261d3efedb8&pageOffset=2500&pageMaxSize=500&sortColumn=subjectDescription&sortDirection=asc,2026-09-12T17:42:35.4835600+00:00,2026-09-12T17:43:29.7849020+00:00
uncc,202080,Fall 2020 (View Only),HLTH,2101,10454,002,Healthy Lifestyles,3.0,3.0,3.0,3,Online:  No Specific Mtg Times,Main Campus or Dubois Campus,120,119,8,0,,,,none - Class,Lorenzo Hopper (primary) ; Meagan Zarwell,,https://selfservice.uncc.edu/StudentRegistrationSsb/ssb/searchResults/searchResults?txt_term=202080&startDatepicker=&endDatepicker=&uniqueSessionId=dg7261d3efedb8&pageOffset=4500&pageMaxSize=500&sortColumn=subjectDescription&sortDirection=asc,2026-09-12T17:43:13.2021120+00:00,2026-09-12T17:43:29.7849020+00:00
uncc,202080,Fall 2020 (View Only),LBST,1105,17447,Y06,Arts & Society: Visual Arts (ARTS),3.0,3.0,3.0,3,Hybrid:  DO NOT USE,Main Campus or Dubois Campus,39,36,0,0,HY029,118,107,MF 0800-0850 INTRNET Class ; W 0800-0850 Denny 220 Class,Robin Reif (primary),,https://selfservice.uncc.edu/StudentRegistrationSsb/ssb/searchResults/searchResults?txt_term=202080&startDatepicker=&endDatepicker=&uniqueSessionId=dg7261d3efedb8&pageOffset=3000&pageMaxSize=500&sortColumn=subjectDescription&sortDirection=asc,2026-09-12T17:42:44.5681690+00:00,2026-09-12T17:43:29.7849020+00:00
uncc,202080,Fall 2020 (View Only),LTAM,3260,14407,001,"Slav Rac, & Col Afr Diaspora",3.0,3.0,3.0,3,Online:  No Specific Mtg Times,Main Campus or Dubois Campus,5,1,0,0,A6,35,24,none - Class,Crystal Eddins (primary),,https://selfservice.uncc.edu/StudentRegistrationSsb/ssb/searchResults/searchResults?txt_term=202080&startDatepicker=&endDatepicker=&uniqueSessionId=dg7261d3efedb8&pageOffset=3000&pageMaxSize=500&sortColumn=subjectDescription&sortDirection=asc,2026-09-12T17:42:44.5681690+00:00,2026-09-12T17:43:29.7849020+00:00
uncc,202080,Fall 2020 (View Only),MATH,4109,10953,001,Hist of Mathematical Thought,3.0,3.0,3.0,3,Online:  Specific Mtg Times,Main Campus or Dubois Campus,50,82,0,0,C1,55,82,TR 1300-1415 INTRNET Class,Kim Harris (primary),,https://selfservice.uncc.edu/StudentRegistrationSsb/ssb/searchResults/searchResults?txt_term=202080&startDatepicker=&endDatepicker=&uniqueSessionId=dg7261d3efedb8&pageOffset=3500&pageMaxSize=500&sortColumn=subjectDescription&sortDirection=asc,2026-09-12T17:42:55.0222380+00:00,2026-09-12T17:43:29.7849020+00:00
uncc,202080,Fall 2020 (View Only),NURN,3104,11821,081,Issues in Cultural Health,1.0,1.0,1.0,1,Online:  No Specific Mtg Times,Distance Education,12,11,0,0,,,,none - Class,Amy Minnix (primary),,https://selfservice.uncc.edu/StudentRegistrationSsb/ssb/searchResults/searchResults?txt_term=202080&startDatepicker=&endDatepicker=&uniqueSessionId=dg7261d3efedb8&pageOffset=4500&pageMaxSize=500&sortColumn=subjectDescription&sortDirection=asc,2026-09-12T17:43:13.2021120+00:00,2026-09-12T17:43:29.7849020+00:00
uncc,202080,Fall 2020 (View Only),OSCI,8899,12262,009,Org Sci Readings & Research,,1.0,3.0,1 TO 3,Face-to-Face Instruction,Main Campus or Dubois Campus,5,1,0,0,,,,none - Class,Janaki Gooty (primary),,https://selfservice.uncc.edu/StudentRegistrationSsb/ssb/searchResults/searchResults?txt_term=202080&startDatepicker=&endDatepicker=&uniqueSessionId=dg7261d3efedb8&pageOffset=4500&pageMaxSize=500&sortColumn=subjectDescription&sortDirection=asc,2026-09-12T17:43:13.2021120+00:00,2026-09-12T17:43:29.7849020+00:00
uncc,202080,Fall 2020 (View Only),PSYC,3116,11824,002,Human Cognitive Process,3.0,3.0,3.0,3,Online:  Specific Mtg Times,Main Campus or Dubois Campus,40,40,3,0,,,,TR 1130-1245 INTRNET Class,Alexia Galati (primary),,https://selfservice.uncc.edu/StudentRegistrationSsb/ssb/searchResults/searchResults?txt_term=202080&startDatepicker=&endDatepicker=&uniqueSessionId=dg7261d3efedb8&pageOffset=4500&pageMaxSize=500&sortColumn=subjectDescription&sortDirection=asc,2026-09-12T17:43:13.2021120+00:00,2026-09-12T17:43:29.7849020+00:00
uncc,202080,Fall 2020 (View Only),PSYC,3806,16587,M21,Undergraduate Research Assistantship,,1.0,4.0,1 TO 4,Face-to-Face Instruction,Main Campus or Dubois Campus,3,2,0,0,,,,none - Class,Erika Montanaro (primary),,https://selfservice.uncc.edu/StudentRegistrationSsb/ssb/searchResults/searchResults?txt_term=202080&startDatepicker=&endDatepicker=&uniqueSessionId=dg7261d3efedb8&pageOffset=4500&pageMaxSize=500&sortColumn=subjectDescription&sortDirection=asc,2026-09-12T17:43:13.2021120+00:00,2026-09-12T17:43:29.7849020+00:00
uncc,202080,Fall 2020 (View Only),PSYC,6102,15242,001,Organizational Rsrch Methods,3.0,3.0,3.0,3,Face-to-Face Instruction,Main Campus or Dubois Campus,31,14,0,0,,,,"M 1800-2045 Dubois Center, The (Uptown) 806 Class",Maryana Arvan (primary),,https://selfservice.uncc.edu/StudentRegistrationSsb/ssb/searchResults/searchResults?txt_term=202080&startDatepicker=&endDatepicker=&uniqueSessionId=dg7261d3efedb8&pageOffset=4500&pageMaxSize=500&sortColumn=subjectDescription&sortDirection=asc,2026-09-12T17:43:13.2021120+00:00,2026-09-12T17:43:29.7849020+00:00
uncc,202080,Fall 2020 (View Only),RESP,4102,11825,081,Department Management in the HealthCare Environment,3.0,3.0,3.0,3,Online:  No Specific Mtg Times,Distance Education,25,25,0,0,,,,none - Class,Deborah Willis (primary),,https://selfservice.uncc.edu/StudentRegistrationSsb/ssb/searchResults/searchResults?txt_term=202080&startDatepicker=&endDatepicker=&uniqueSessionId=dg7261d3efedb8&pageOffset=5000&pageMaxSize=500&sortColumn=subjectDescription&sortDirection=asc,2026-09-12T17:43:21.4015690+00:00,2026-09-12T17:43:29.7849020+00:00
uncc,202080,Fall 2020 (View Only),SOCY,1101,15905,009,Intro to Sociology,3.0,3.0,3.0,3,Online:  No Specific Mtg Times,Main Campus or Dubois Campus,71,70,5,0,,,,none - Class,Phil Rutledge (primary),,https://selfservice.uncc.edu/StudentRegistrationSsb/ssb/searchResults/searchResults?txt_term=202080&startDatepicker=&endDatepicker=&uniqueSessionId=dg7261d3efedb8&pageOffset=5000&pageMaxSize=500&sortColumn=subjectDescription&sortDirection=asc,2026-09-12T17:43:21.4015690+00:00,2026-09-12T17:43:29.7849020+00:00
uncc,202080,Fall 2020 (View Only),SOCY,3155L,13758,L02,Sociological Rsrch Methods Lab,0.0,0.0,0.0,0,Online:  No Specific Mtg Times,Main Campus or Dubois Campus,50,48,5,0,,,,none - Class,Darci Powell (primary),,https://selfservice.uncc.edu/StudentRegistrationSsb/ssb/searchResults/searchResults?txt_term=202080&startDatepicker=&endDatepicker=&uniqueSessionId=dg7261d3efedb8&pageOffset=5000&pageMaxSize=500&sortColumn=subjectDescription&sortDirection=asc,2026-09-12T17:43:21.4015690+00:00,2026-09-12T17:43:29.7849020+00:00
uncc,202080,Fall 2020 (View Only),THEA,1215,18436,Y02,Theatre Tech 1 - Costume,3.0,3.0,3.0,3,Hybrid:  DO NOT USE,Main Campus or Dubois Campus,3,1,0,0,HY390,8,6,MF 0905-0955 INTRNET Class ; W 0905-0955 Robinson Hall 230 Class,Rachel Engstrom (primary),,https://selfservice.uncc.edu/StudentRegistrationSsb/ssb/searchResults/searchResults?txt_term=202080&startDatepicker=&endDatepicker=&uniqueSessionId=dg7261d3efedb8&pageOffset=5500&pageMaxSize=500&sortColumn=subjectDescription&sortDirection=asc,2026-09-12T17:43:29.7205330+00:00,2026-09-12T17:43:29.7849020+00:00
uncc,202110,Spring 2021 (View Only),ECGR,3155,26596,L02,Systems & Electronics Lab,1.0,1.0,1.0,1,Face-to-Face Instruction,Main Campus or Dubois Campus,15,13,0,0,,,,M 1115-1415 Energy Prod & Infrastructr Ctr 2140 Class,Bienvenido Rodriguez-Medina (primary),,https://selfservice.uncc.edu/StudentRegistrationSsb/ssb/searchResults/searchResults?txt_term=202110&startDatepicker=&endDatepicker=&uniqueSessionId=dgc14009823996&pageOffset=1500&pageMaxSize=500&sortColumn=subjectDescription&sortDirection=asc,2026-09-12T17:40:44.3784740+00:00,2026-09-12T17:41:35.7049240+00:00
uncc,202110,Spring 2021 (View Only),ECON,2101,21217,005,Principles of Economics-Macro,3.0,3.0,3.0,3,Online:  Specific Mtg Times,Main Campus or Dubois Campus,120,117,24,0,,,,TR 1430-1545 Online (No Building Needed) INTERNET Class,Per Norander (primary),,https://selfservice.uncc.edu/StudentRegistrationSsb/ssb/searchResults/searchResults?txt_term=202110&startDatepicker=&endDatepicker=&uniqueSessionId=dgc14009823996&pageOffset=1500&pageMaxSize=500&sortColumn=subjectDescription&sortDirection=asc,2026-09-12T17:40:44.3784740+00:00,2026-09-12T17:41:35.7049240+00:00
uncc,202110,Spring 2021 (View Only),ESCI,1101,23034,002,Earth Science - Geog,3.0,3.0,3.0,3,Online:  No Specific Mtg Times,Main Campus or Dubois Campus,200,192,0,0,,,,none - Class,Terry Shirley (primary),,https://selfservice.uncc.edu/StudentRegistrationSsb/ssb/searchResults/searchResults?txt_term=202110&startDatepicker=&endDatepicker=&uniqueSessionId=dgc14009823996&pageOffset=1500&pageMaxSize=500&sortColumn=subjectDescription&sortDirection=asc,2026-09-12T17:40:44.3784740+00:00,2026-09-12T17:41:35.7049240+00:00
uncc,202110,Spring 2021 (View Only),HIST,2152,23402,001,European Women's History,3.0,3.0,3.0,3,Online:  Specific Mtg Times,Main Campus or Dubois Campus,40,11,0,0,YV,50,20,MWF 1220-1315 Online (No Building Needed) INTERNET Class,Maria Labbato (primary),,https://selfservice.uncc.edu/StudentRegistrationSsb/ssb/searchResults/searchResults?txt_term=202110&startDatepicker=&endDatepicker=&uniqueSessionId=dgc14009823996&pageOffset=2500&pageMaxSize=500&sortColumn=subjectDescription&sortDirection=asc,2026-09-12T17:41:01.0507700+00:00,2026-09-12T17:41:35.7049240+00:00
uncc,202110,Spring 2021 (View Only),ITSC,8990,21289,A02,Pre-dissertation Research,,1.0,6.0,1 TO 6,Face-to-Face Instruction,Main Campus or Dubois Campus,50,9,0,0,,,,none - Class,Mohamed Shehab (primary) ; Erik Saule,,https://selfservice.uncc.edu/StudentRegistrationSsb/ssb/searchResults/searchResults?txt_term=202110&startDatepicker=&endDatepicker=&uniqueSessionId=dgc14009823996&pageOffset=1000&pageMaxSize=500&sortColumn=subjectDescription&sortDirection=asc,2026-09-12T17:40:35.6579850+00:00,2026-09-12T17:41:35.7049240+00:00
uncc,202110,Spring 2021 (View Only),MBAD,6211,22037,U90,Advanced Business Analytics,3.0,3.0,3.0,3,Online:  Specific Mtg Times,Main Campus or Dubois Campus,15,2,2,0,PH,40,22,T 1730-2015 Online (No Building Needed) INTERNET Class,Xue Guo (primary),,https://selfservice.uncc.edu/StudentRegistrationSsb/ssb/searchResults/searchResults?txt_term=202110&startDatepicker=&endDatepicker=&uniqueSessionId=dgc14009823996&pageOffset=3000&pageMaxSize=500&sortColumn=subjectDescription&sortDirection=asc,2026-09-12T17:41:09.1187240+00:00,2026-09-12T17:41:35.7049240+00:00
uncc,202110,Spring 2021 (View Only),MEGR,3152,21308,L07,Mechanics & Materials Lab,2.0,2.0,2.0,2,Hybrid:  F2F & Online (Async),Main Campus or Dubois Campus,10,10,0,0,S5,120,102,T 1600-1845 Duke Centennial Hall 240 Class,Terry Xu (primary) ; Garry Hodgins,,https://selfservice.uncc.edu/StudentRegistrationSsb/ssb/searchResults/searchResults?txt_term=202110&startDatepicker=&endDatepicker=&uniqueSessionId=dgc14009823996&pageOffset=3500&pageMaxSize=500&sortColumn=subjectDescription&sortDirection=asc,2026-09-12T17:41:17.5001930+00:00,2026-09-12T17:41:35.7049240+00:00
uncc,202110,Spring 2021 (View Only),MEGR,7224,26370,001,Analytical Mechanics,3.0,3.0,3.0,3,Online:  Specific Mtg Times,Main Campus or Dubois Campus,10,6,0,0,SR,20,11,MW 1600-1715 Online (No Building Needed) INTERNET Class,Scott Kelly (primary),,https://selfservice.uncc.edu/StudentRegistrationSsb/ssb/searchResults/searchResults?txt_term=202110&startDatepicker=&endDatepicker=&uniqueSessionId=dgc14009823996&pageOffset=3500&pageMaxSize=500&sortColumn=subjectDescription&sortDirection=asc,2026-09-12T17:41:17.5001930+00:00,2026-09-12T17:41:35.7049240+00:00
uncc,202110,Spring 2021 (View Only),OPER,3206,20357,090,Quality Assurance and Management,3.0,3.0,3.0,3,Online:  Specific Mtg Times,Main Campus or Dubois Campus,61,59,6,0,,,,R 1730-2015 Online (No Building Needed) INTERNET Class,Reginald Silver (primary),,https://selfservice.uncc.edu/StudentRegistrationSsb/ssb/searchResults/searchResults?txt_term=202110&startDatepicker=&endDatepicker=&uniqueSessionId=dgc14009823996&pageOffset=3500&pageMaxSize=500&sortColumn=subjectDescription&sortDirection=asc,2026-09-12T17:41:17.5001930+00:00,2026-09-12T17:41:35.7049240+00:00
uncc,202110,Spring 2021 (View Only),PSYC,3808,26876,B21,Undergraduate Teaching Asst,3.0,3.0,3.0,3,Face-to-Face Instruction,Main Campus or Dubois Campus,3,3,0,0,,,,none - Class,Kim Buch (primary),,https://selfservice.uncc.edu/StudentRegistrationSsb/ssb/searchResults/searchResults?txt_term=202110&startDatepicker=&endDatepicker=&uniqueSessionId=dgc14009823996&pageOffset=4000&pageMaxSize=500&sortColumn=subjectDescription&sortDirection=asc,2026-09-12T17:41:25.4262310+00:00,2026-09-12T17:41:35.7049240+00:00
uncc,202160,Summer 2021 (View Only),COMM,3160,30689,083,Business Communications,3.0,3.0,3.0,3,Online:  No Specific Mtg Times,Distance Education,25,18,3,0,,,,none - Class,Brandy Stamper (primary),,https://selfservice.uncc.edu/StudentRegistrationSsb/ssb/searchResults/searchResults?txt_term=202160&startDatepicker=&endDatepicker=&uniqueSessionId=dg3476af367d52&pageOffset=0&pageMaxSize=500&sortColumn=subjectDescription&sortDirection=asc,2026-09-12T17:39:48.3754440+00:00,2026-09-12T17:40:03.9079020+00:00
uncc,202160,Summer 2021 (View Only),ETCE,1104,30755,080,Civil/Construction CAD Applications,3.0,3.0,3.0,3,Online:  Specific Mtg Times,Distance Education,25,9,5,0,,,,MTWR 1000-1150 Online (No Building Needed) INTERNET Class,Ali Sears (primary),,https://selfservice.uncc.edu/StudentRegistrationSsb/ssb/searchResults/searchResults?txt_term=202160&startDatepicker=&endDatepicker=&uniqueSessionId=dg3476af367d52&pageOffset=0&pageMaxSize=500&sortColumn=subjectDescription&sortDirection=asc,2026-09-12T17:39:48.3754440+00:00,2026-09-12T17:40:03.9079020+00:00
uncc,202160,Summer 2021 (View Only),KNES,3280,32052,081,Exercise Physiology: Foundation and Theory,3.0,3.0,3.0,3,Online:  No Specific Mtg Times,Distance Education,25,24,0,0,,,,none - Class,Adam Lavis (primary),,https://selfservice.uncc.edu/StudentRegistrationSsb/ssb/searchResults/searchResults?txt_term=202160&startDatepicker=&endDatepicker=&uniqueSessionId=dg3476af367d52&pageOffset=500&pageMaxSize=500&sortColumn=subjectDescription&sortDirection=asc,2026-09-12T17:39:56.1012570+00:00,2026-09-12T17:40:03.9079020+00:00
uncc,202160,Summer 2021 (View Only),NURS,6187,30017,780,"Financial, Human, and Information Technology Resource Management in Complex Systems",3.0,3.0,3.0,3,Online:  No Specific Mtg Times,Distance Education,30,28,0,0,,,,none - Class,Teresa Cating (primary),,https://selfservice.uncc.edu/StudentRegistrationSsb/ssb/searchResults/searchResults?txt_term=202160&startDatepicker=&endDatepicker=&uniqueSessionId=dg3476af367d52&pageOffset=1000&pageMaxSize=500&sortColumn=subjectDescription&sortDirection=asc,2026-09-12T17:40:03.8487830+00:00,2026-09-12T17:40:03.9079020+00:00
uncc,202160,Summer 2021 (View Only),PSYC,2160,30931,082,Intro to Health Psychology,3.0,3.0,3.0,3,Online:  No Specific Mtg Times,Distance Education,30,20,3,0,,,,none - Class,Erika Montanaro (primary),,https://selfservice.uncc.edu/StudentRegistrationSsb/ssb/searchResults/searchResults?txt_term=202160&startDatepicker=&endDatepicker=&uniqueSessionId=dg3476af367d52&pageOffset=1000&pageMaxSize=500&sortColumn=subjectDescription&sortDirection=asc,2026-09-12T17:40:03.8487830+00:00,2026-09-12T17:40:03.9079020+00:00
uncc,202160,Summer 2021 (View Only),TESL,5204,30708,580,Inclusive Classrooms for Immigrant Students,3.0,3.0,3.0,3,Online:  Specific Mtg Times,Distance Education,30,26,0,0,,,,none - Class,Nicholas Triplett (primary),,https://selfservice.uncc.edu/StudentRegistrationSsb/ssb/searchResults/searchResults?txt_term=202160&startDatepicker=&endDatepicker=&uniqueSessionId=dg3476af367d52&pageOffset=1000&pageMaxSize=500&sortColumn=subjectDescription&sortDirection=asc,2026-09-12T17:40:03.8487830+00:00,2026-09-12T17:40:03.9079020+00:00
uncc,202180,Fall 2021 (View Only),BIOL,4700,15267,H18,Honors Research I,3.0,3.0,3.0,3,Face-to-Face Instruction,Main Campus or Dubois Campus,3,1,0,0,,,,none - Class,Andrew Truman (primary),,https://selfservice.uncc.edu/StudentRegistrationSsb/ssb/searchResults/searchResults?txt_term=202180&startDatepicker=&endDatepicker=&uniqueSessionId=dg0f1eaf1744c2&pageOffset=500&pageMaxSize=500&sortColumn=subjectDescription&sortDirection=asc,2026-09-12T17:38:22.8882640+00:00,2026-09-12T17:39:36.4636010+00:00
uncc,202180,Fall 2021 (View Only),CHEM,2131L,12746,25F,Organic Chemistry Lab I,1.0,1.0,1.0,1,Face-to-Face Instruction,Main Campus or Dubois Campus,8,8,0,0,,,,T 1430-1715 Burson 217 Class,Jacob Horger (primary) ; Ali Koohang,,https://selfservice.uncc.edu/StudentRegistrationSsb/ssb/searchResults/searchResults?txt_term=202180&startDatepicker=&endDatepicker=&uniqueSessionId=dg0f1eaf1744c2&pageOffset=500&pageMaxSize=500&sortColumn=subjectDescription&sortDirection=asc,2026-09-12T17:38:22.8882640+00:00,2026-09-12T17:39:36.4636010+00:00
uncc,202180,Fall 2021 (View Only),CJUS,1100,16147,005,Foundations of Criminal Justice,3.0,3.0,3.0,3,Online:  No Specific Mtg Times,Main Campus or Dubois Campus,125,118,13,0,,,,none - Class,Anna Divita (primary),,https://selfservice.uncc.edu/StudentRegistrationSsb/ssb/searchResults/searchResults?txt_term=202180&startDatepicker=&endDatepicker=&uniqueSessionId=dg0f1eaf1744c2&pageOffset=1000&pageMaxSize=500&sortColumn=subjectDescription&sortDirection=asc,2026-09-12T17:38:32.2080080+00:00,2026-09-12T17:39:36.4636010+00:00
uncc,202180,Fall 2021 (View Only),ECGR,2161,16554,L07,Basic Electrical Engineering I,3.0,3.0,3.0,3,Face-to-Face Instruction,Main Campus or Dubois Campus,10,7,0,0,QA,50,40,MWF 1010-1100 Energy Prod & Infrastructr Ctr G287 Class ; M 1430-1715 Duke Centennial Hall 236 Class,Mohamad-Ali Hasan (primary) ; Garry Hodgins,,https://selfservice.uncc.edu/StudentRegistrationSsb/ssb/searchResults/searchResults?txt_term=202180&startDatepicker=&endDatepicker=&uniqueSessionId=dg0f1eaf1744c2&pageOffset=1500&pageMaxSize=500&sortColumn=subjectDescription&sortDirection=asc,2026-09-12T17:38:41.2753860+00:00,2026-09-12T17:39:36.4636010+00:00
uncc,202180,Fall 2021 (View Only),ECGR,3156,15734,L01,Electromag & Elec Devices Lab,1.0,1.0,1.0,1,Face-to-Face Instruction,Main Campus or Dubois Campus,22,9,2,0,,,,M 0800-1100 Energy Prod & Infrastructr Ctr 2140 Class,Bienvenido Rodriguez-Medina (primary),,https://selfservice.uncc.edu/StudentRegistrationSsb/ssb/searchResults/searchResults?txt_term=202180&startDatepicker=&endDatepicker=&uniqueSessionId=dg0f1eaf1744c2&pageOffset=1500&pageMaxSize=500&sortColumn=subjectDescription&sortDirection=asc,2026-09-12T17:38:41.2753860+00:00,2026-09-12T17:39:36.4636010+00:00
uncc,202180,Fall 2021 (View Only),HIST,2206,14149,001,Colonial Latin America,3.0,3.0,3.0,3,Face-to-Face Instruction,Main Campus or Dubois Campus,30,29,0,0,78,40,33,TR 1130-1245 Burson 121 Class,Daniel Cozart (primary),,https://selfservice.uncc.edu/StudentRegistrationSsb/ssb/searchResults/searchResults?txt_term=202180&startDatepicker=&endDatepicker=&uniqueSessionId=dg0f1eaf1744c2&pageOffset=2000&pageMaxSize=500&sortColumn=subjectDescription&sortDirection=asc,2026-09-12T17:38:49.7272850+00:00,2026-09-12T17:39:36.4636010+00:00
uncc,202180,Fall 2021 (View Only),HIST,4600,10936,A02,Senior Research Seminar: History of the “Military-Industrial Complex”,3.0,3.0,3.0,3,Face-to-Face Instruction,Main Campus or Dubois Campus,13,13,0,0,,,,TR 1130-1245 Garinger 239 Class,Mark Wilson (primary),,https://selfservice.uncc.edu/StudentRegistrationSsb/ssb/searchResults/searchResults?txt_term=202180&startDatepicker=&endDatepicker=&uniqueSessionId=dg0f1eaf1744c2&pageOffset=2000&pageMaxSize=500&sortColumn=subjectDescription&sortDirection=asc,2026-09-12T17:38:49.7272850+00:00,2026-09-12T17:39:36.4636010+00:00
uncc,202180,Fall 2021 (View Only),LBST,2214,10393,645,Health & Quality of Life (KNES),3.0,3.0,3.0,3,Face-to-Face Instruction,Main Campus or Dubois Campus,190,181,13,0,,,,TR 1300-1415 College of Health & Human Serv 155 Class,Trudy Moore-Harrison (primary),,https://selfservice.uncc.edu/StudentRegistrationSsb/ssb/searchResults/searchResults?txt_term=202180&startDatepicker=&endDatepicker=&uniqueSessionId=dg0f1eaf1744c2&pageOffset=2500&pageMaxSize=500&sortColumn=subjectDescription&sortDirection=asc,2026-09-12T17:38:57.8466420+00:00,2026-09-12T17:39:36.4636010+00:00
uncc,202180,Fall 2021 (View Only),MATH,3791,13034,001,Senior Honors Tutorial,3.0,3.0,3.0,3,Face-to-Face Instruction,Main Campus or Dubois Campus,0,2,0,0,,,,none - Class,Adriana Ocejo Monge (primary),,https://selfservice.uncc.edu/StudentRegistrationSsb/ssb/searchResults/searchResults?txt_term=202180&startDatepicker=&endDatepicker=&uniqueSessionId=dg0f1eaf1744c2&pageOffset=3000&pageMaxSize=500&sortColumn=subjectDescription&sortDirection=asc,2026-09-12T17:39:07.2080700+00:00,2026-09-12T17:39:36.4636010+00:00
uncc,202180,Fall 2021 (View Only),MEGR,3251,10673,L01,Thermal/Fluids Lab,2.0,2.0,2.0,2,Hybrid:  F2F & Online (Async),Main Campus or Dubois Campus,12,12,0,0,V3,120,107,T 0830-1115 Duke Centennial Hall 244 Class,Garry Hodgins (primary),,https://selfservice.uncc.edu/StudentRegistrationSsb/ssb/searchResults/searchResults?txt_term=202180&startDatepicker=&endDatepicker=&uniqueSessionId=dg0f1eaf1744c2&pageOffset=3000&pageMaxSize=500&sortColumn=subjectDescription&sortDirection=asc,2026-09-12T17:39:07.2080700+00:00,2026-09-12T17:39:36.4636010+00:00
uncc,202180,Fall 2021 (View Only),MUPF,3251,11194,MF1,Adv Applied Music:  Cello,2.0,2.0,2.0,2,Face-to-Face Instruction,Main Campus or Dubois Campus,5,3,0,0,,,,none - Class,Mira Frisch (primary),,https://selfservice.uncc.edu/StudentRegistrationSsb/ssb/searchResults/searchResults?txt_term=202180&startDatepicker=&endDatepicker=&uniqueSessionId=dg0f1eaf1744c2&pageOffset=3500&pageMaxSize=500&sortColumn=subjectDescription&sortDirection=asc,2026-09-12T17:39:16.1819770+00:00,2026-09-12T17:39:36.4636010+00:00
uncc,202180,Fall 2021 (View Only),MUSC,2001,17705,001,Topics in Music: Reed Making,,1.0,6.0,1 TO 6,Face-to-Face Instruction,Main Campus or Dubois Campus,1,1,0,0,,,,none - Class,Elizabeth Sullivan (primary),,https://selfservice.uncc.edu/StudentRegistrationSsb/ssb/searchResults/searchResults?txt_term=202180&startDatepicker=&endDatepicker=&uniqueSessionId=dg0f1eaf1744c2&pageOffset=3500&pageMaxSize=500&sortColumn=subjectDescription&sortDirection=asc,2026-09-12T17:39:16.1819770+00:00,2026-09-12T17:39:36.4636010+00:00
uncc,202180,Fall 2021 (View Only),SOCY,4111,11743,001,Social Inequality,3.0,3.0,3.0,3,Online:  Specific Mtg Times,Main Campus or Dubois Campus,50,39,5,0,,,,R 1530-1645 Online (No Building Needed) INTERNET Class,Roslyn Mickelson (primary),,https://selfservice.uncc.edu/StudentRegistrationSsb/ssb/searchResults/searchResults?txt_term=202180&startDatepicker=&endDatepicker=&uniqueSessionId=dg0f1eaf1744c2&pageOffset=4500&pageMaxSize=500&sortColumn=subjectDescription&sortDirection=asc,2026-09-12T17:39:33.6311490+00:00,2026-09-12T17:39:36.4636010+00:00
uncc,202180,Fall 2021 (View Only),SPED,8800,17799,004,Independent Study in Spec Educ,,1.0,6.0,1 TO 6,Online:  No Specific Mtg Times,Main Campus or Dubois Campus,1,1,0,0,,,,none - Class,Val Mazzotti (primary),,https://selfservice.uncc.edu/StudentRegistrationSsb/ssb/searchResults/searchResults?txt_term=202180&startDatepicker=&endDatepicker=&uniqueSessionId=dg0f1eaf1744c2&pageOffset=4500&pageMaxSize=500&sortColumn=subjectDescription&sortDirection=asc,2026-09-12T17:39:33.6311490+00:00,2026-09-12T17:39:36.4636010+00:00
uncc,202210,Spring 2022 (View Only),ANTH,3125,22991,001,Food and Globalization,3.0,3.0,3.0,3,Face-to-Face Instruction,Main Campus or Dubois Campus,5,5,0,0,B2,30,24,TR 1000-1115 McEniry 123 Class,Garth Green (primary),,https://selfservice.uncc.edu/StudentRegistrationSsb/ssb/searchResults/searchResults?txt_term=202210&startDatepicker=&endDatepicker=&uniqueSessionId=dged2dcefc28d4&pageOffset=0&pageMaxSize=500&sortColumn=subjectDescription&sortDirection=asc,2026-09-12T17:36:41.2750360+00:00,2026-09-12T17:38:01.5954290+00:00
uncc,202210,Spring 2022 (View Only),ARCH,4050,27974,010,Architecture Topics: Architecture as Narrative: The Exhibition,,1.0,4.0,1 TO 4,Face-to-Face Instruction,Main Campus or Dubois Campus,6,6,0,0,KU,12,6,F 0900-1145 Storrs 272 Class,Trevor Holmes (primary),,https://selfservice.uncc.edu/StudentRegistrationSsb/ssb/searchResults/searchResults?txt_term=202210&startDatepicker=&endDatepicker=&uniqueSessionId=dged2dcefc28d4&pageOffset=0&pageMaxSize=500&sortColumn=subjectDescription&sortDirection=asc,2026-09-12T17:36:41.2750360+00:00,2026-09-12T17:38:01.5954290+00:00
uncc,202210,Spring 2022 (View Only),ARCH,4102,20414,002,Arch Design Studio VIII: Topic,5.0,5.0,5.0,5,Face-to-Face Instruction,Main Campus or Dubois Campus,10,9,0,0,LL,14,12,"MWF 1400-1715 Dubois Center, The (Uptown) 1002 Class",Sekou Cooke (primary),,https://selfservice.uncc.edu/StudentRegistrationSsb/ssb/searchResults/searchResults?txt_term=202210&startDatepicker=&endDatepicker=&uniqueSessionId=dged2dcefc28d4&pageOffset=0&pageMaxSize=500&sortColumn=subjectDescription&sortDirection=asc,2026-09-12T17:36:41.2750360+00:00,2026-09-12T17:38:01.5954290+00:00
uncc,202210,Spring 2022 (View Only),BIOL,2259L,21816,L03,Fundamentals of Microbio Lab,1.0,1.0,1.0,1,Face-to-Face Instruction,Main Campus or Dubois Campus,24,24,5,0,,,,R 1000-1245 Woodward Hall 260 Class,Melanie Harris (primary),,https://selfservice.uncc.edu/StudentRegistrationSsb/ssb/searchResults/searchResults?txt_term=202210&startDatepicker=&endDatepicker=&uniqueSessionId=dged2dcefc28d4&pageOffset=0&pageMaxSize=500&sortColumn=subjectDescription&sortDirection=asc,2026-09-12T17:36:41.2750360+00:00,2026-09-12T17:38:01.5954290+00:00
uncc,202210,Spring 2022 (View Only),BIOL,3144L,26237,L06,Ecology Lab,1.0,1.0,1.0,1,Face-to-Face Instruction,Main Campus or Dubois Campus,22,20,5,0,,,,R 1000-1245 Woodward Hall 272 Class,Aaron Kampe (primary),,https://selfservice.uncc.edu/StudentRegistrationSsb/ssb/searchResults/searchResults?txt_term=202210&startDatepicker=&endDatepicker=&uniqueSessionId=dged2dcefc28d4&pageOffset=500&pageMaxSize=500&sortColumn=subjectDescription&sortDirection=asc,2026-09-12T17:36:49.5245400+00:00,2026-09-12T17:38:01.5954290+00:00
uncc,202210,Spring 2022 (View Only),CJUS,3351,26796,001,Community Corrections,3.0,3.0,3.0,3,Online:  No Specific Mtg Times,Main Campus or Dubois Campus,60,58,6,0,,,,none - Class,Heather Bersot (primary),,https://selfservice.uncc.edu/StudentRegistrationSsb/ssb/searchResults/searchResults?txt_term=202210&startDatepicker=&endDatepicker=&uniqueSessionId=dged2dcefc28d4&pageOffset=1000&pageMaxSize=500&sortColumn=subjectDescription&sortDirection=asc,2026-09-12T17:36:59.3634850+00:00,2026-09-12T17:38:01.5954290+00:00
uncc,202210,Spring 2022 (View Only),CLAS,2600,27534,001,LEADS Colloquium,1.0,1.0,1.0,1,Face-to-Face Instruction,Main Campus or Dubois Campus,24,20,2,0,,,,R 1300-1415 Fretwell 223 Class,Sayde Brais Evans (primary),,https://selfservice.uncc.edu/StudentRegistrationSsb/ssb/searchResults/searchResults?txt_term=202210&startDatepicker=&endDatepicker=&uniqueSessionId=dged2dcefc28d4&pageOffset=500&pageMaxSize=500&sortColumn=subjectDescription&sortDirection=asc,2026-09-12T17:36:49.5245400+00:00,2026-09-12T17:38:01.5954290+00:00
uncc,202210,Spring 2022 (View Only),ECGR,3155,27158,L94,Systems & Electronics Lab,1.0,1.0,1.0,1,Face-to-Face Instruction,Main Campus or Dubois Campus,18,13,2,0,,,,T 1730-2015 Energy Prod & Infrastructr Ctr 2140 Class,Bienvenido Rodriguez-Medina (primary),,https://selfservice.uncc.edu/StudentRegistrationSsb/ssb/searchResults/searchResults?txt_term=202210&startDatepicker=&endDatepicker=&uniqueSessionId=dged2dcefc28d4&pageOffset=1500&pageMaxSize=500&sortColumn=subjectDescription&sortDirection=asc,2026-09-12T17:37:08.3363700+00:00,2026-09-12T17:38:01.5954290+00:00
uncc,202210,Spring 2022 (View Only),GEOG,5250,27331,001,"Food, Migration, and Place",3.0,3.0,3.0,3,Face-to-Face Instruction,Main Campus or Dubois Campus,5,2,0,0,G9,25,16,TR 1130-1245 McEniry 123 Class,Colleen Hammelman (primary),,https://selfservice.uncc.edu/StudentRegistrationSsb/ssb/searchResults/searchResults?txt_term=202210&startDatepicker=&endDatepicker=&uniqueSessionId=dged2dcefc28d4&pageOffset=2000&pageMaxSize=500&sortColumn=subjectDescription&sortDirection=asc,2026-09-12T17:37:16.9387340+00:00,2026-09-12T17:38:01.5954290+00:00
uncc,202210,Spring 2022 (View Only),HIST,1160,20778,002,US History to 1865,3.0,3.0,3.0,3,Face-to-Face Instruction,Main Campus or Dubois Campus,50,47,0,0,,,,MW 1430-1545 College of Health & Human Serv 380 Class,Gabriel Klehr (primary),,https://selfservice.uncc.edu/StudentRegistrationSsb/ssb/searchResults/searchResults?txt_term=202210&startDatepicker=&endDatepicker=&uniqueSessionId=dged2dcefc28d4&pageOffset=2000&pageMaxSize=500&sortColumn=subjectDescription&sortDirection=asc,2026-09-12T17:37:16.9387340+00:00,2026-09-12T17:38:01.5954290+00:00
uncc,202210,Spring 2022 (View Only),KNES,2169L,21999,L90,Human Anatomy and Physiology Laboratory for the Health Professions II,1.0,1.0,1.0,1,Face-to-Face Instruction,Main Campus or Dubois Campus,32,6,0,0,,,,W 1700-1945 College of Health & Human Serv 384 Class,Trudy Moore-Harrison (primary),,https://selfservice.uncc.edu/StudentRegistrationSsb/ssb/searchResults/searchResults?txt_term=202210&startDatepicker=&endDatepicker=&uniqueSessionId=dged2dcefc28d4&pageOffset=2500&pageMaxSize=500&sortColumn=subjectDescription&sortDirection=asc,2026-09-12T17:37:25.2528400+00:00,2026-09-12T17:38:01.5954290+00:00
uncc,202210,Spring 2022 (View Only),LBST,2212,25041,001,Literature & Culture (AFRS),3.0,3.0,3.0,3,Online:  No Specific Mtg Times,Main Campus or Dubois Campus,100,90,10,0,,,,none - Class,Annette Teasdell (primary),,https://selfservice.uncc.edu/StudentRegistrationSsb/ssb/searchResults/searchResults?txt_term=202210&startDatepicker=&endDatepicker=&uniqueSessionId=dged2dcefc28d4&pageOffset=2500&pageMaxSize=500&sortColumn=subjectDescription&sortDirection=asc,2026-09-12T17:37:25.2528400+00:00,2026-09-12T17:38:01.5954290+00:00
uncc,202210,Spring 2022 (View Only),MATH,3050,27609,001,Topics in Math,,2.0,3.0,2 TO 3,Online:  Specific Mtg Times,Main Campus or Dubois Campus,30,25,0,0,,,,F 1220-1505 Online (No Building Needed) INTERNET Class,Dorothy Andrews (primary),,https://selfservice.uncc.edu/StudentRegistrationSsb/ssb/searchResults/searchResults?txt_term=202210&startDatepicker=&endDatepicker=&uniqueSessionId=dged2dcefc28d4&pageOffset=3000&pageMaxSize=500&sortColumn=subjectDescription&sortDirection=asc,2026-09-12T17:37:33.8120930+00:00,2026-09-12T17:38:01.5954290+00:00
uncc,202210,Spring 2022 (View Only),MBAD,6160,21749,U90,Real Estate Capital Markets,3.0,3.0,3.0,3,Face-to-Face Instruction,Main Campus or Dubois Campus,10,8,0,0,F3,35,28,"W 1730-2015 Dubois Center, The (Uptown) 806 Class",Yongqiang Chu (primary),,https://selfservice.uncc.edu/StudentRegistrationSsb/ssb/searchResults/searchResults?txt_term=202210&startDatepicker=&endDatepicker=&uniqueSessionId=dged2dcefc28d4&pageOffset=2500&pageMaxSize=500&sortColumn=subjectDescription&sortDirection=asc,2026-09-12T17:37:25.2528400+00:00,2026-09-12T17:38:01.5954290+00:00
uncc,202210,Spring 2022 (View Only),MUSC,3136,20174,BP1,Instrumental Conducting,2.0,2.0,2.0,2,Face-to-Face Instruction,Main Campus or Dubois Campus,10,9,0,0,,,,MWF 0800-0850 Robinson Hall 210 Class,Brett Penshorn (primary),,https://selfservice.uncc.edu/StudentRegistrationSsb/ssb/searchResults/searchResults?txt_term=202210&startDatepicker=&endDatepicker=&uniqueSessionId=dged2dcefc28d4&pageOffset=3500&pageMaxSize=500&sortColumn=subjectDescription&sortDirection=asc,2026-09-12T17:37:42.8772760+00:00,2026-09-12T17:38:01.5954290+00:00
uncc,202210,Spring 2022 (View Only),NUNP,6440,20115,P92,Adv Prim Care Reprod Hlth Prac,2.0,2.0,2.0,2,Face-to-Face Instruction,Main Campus or Dubois Campus,8,6,0,0,,,,M - Class,Charlene Whitaker-Brown (primary),,https://selfservice.uncc.edu/StudentRegistrationSsb/ssb/searchResults/searchResults?txt_term=202210&startDatepicker=&endDatepicker=&uniqueSessionId=dged2dcefc28d4&pageOffset=3500&pageMaxSize=500&sortColumn=subjectDescription&sortDirection=asc,2026-09-12T17:37:42.8772760+00:00,2026-09-12T17:38:01.5954290+00:00
uncc,202210,Spring 2022 (View Only),PHYS,1101L,27984,L12,Introductory Physics I Lab,1.0,1.0,1.0,1,Face-to-Face Instruction,Main Campus or Dubois Campus,24,22,0,0,,,,R 1130-1415 Klein Hall 132 Class,Shree Bhattarai (primary),,https://selfservice.uncc.edu/StudentRegistrationSsb/ssb/searchResults/searchResults?txt_term=202210&startDatepicker=&endDatepicker=&uniqueSessionId=dged2dcefc28d4&pageOffset=3500&pageMaxSize=500&sortColumn=subjectDescription&sortDirection=asc,2026-09-12T17:37:42.8772760+00:00,2026-09-12T17:38:01.5954290+00:00
uncc,202210,Spring 2022 (View Only),PSYC,2103,21390,002,Research Methodology II,3.0,3.0,3.0,3,Face-to-Face Instruction,Main Campus or Dubois Campus,25,23,3,0,,,,TR 1130-1245 Colvard 4103 Class,Hannah Peach (primary),,https://selfservice.uncc.edu/StudentRegistrationSsb/ssb/searchResults/searchResults?txt_term=202210&startDatepicker=&endDatepicker=&uniqueSessionId=dged2dcefc28d4&pageOffset=4000&pageMaxSize=500&sortColumn=subjectDescription&sortDirection=asc,2026-09-12T17:37:51.2847670+00:00,2026-09-12T17:38:01.5954290+00:00
uncc,202210,Spring 2022 (View Only),SOCY,3173,27879,080,Criminology,3.0,3.0,3.0,3,Online:  No Specific Mtg Times,Distance Education,10,3,0,0,KJ,54,44,none - Class,Mary McKenzie (primary),,https://selfservice.uncc.edu/StudentRegistrationSsb/ssb/searchResults/searchResults?txt_term=202210&startDatepicker=&endDatepicker=&uniqueSessionId=dged2dcefc28d4&pageOffset=4000&pageMaxSize=500&sortColumn=subjectDescription&sortDirection=asc,2026-09-12T17:37:51.2847670+00:00,2026-09-12T17:38:01.5954290+00:00
uncc,202210,Spring 2022 (View Only),SOWK,6242,21978,081,Advocacy & Policy Practice,3.0,3.0,3.0,3,Online:  Specific Mtg Times,Distance Education,29,22,0,0,,,,R 1830-2030 Online (No Building Needed) INTERNET Class,Tianca Crocker (primary),,https://selfservice.uncc.edu/StudentRegistrationSsb/ssb/searchResults/searchResults?txt_term=202210&startDatepicker=&endDatepicker=&uniqueSessionId=dged2dcefc28d4&pageOffset=4000&pageMaxSize=500&sortColumn=subjectDescription&sortDirection=asc,2026-09-12T17:37:51.2847670+00:00,2026-09-12T17:38:01.5954290+00:00
uncc,202210,Spring 2022 (View Only),WRDS,3102,26585,001,The Effective Sentence: A Writing Course for All Majors,3.0,3.0,3.0,3,Face-to-Face Instruction,Main Campus or Dubois Campus,25,22,2,0,,,,MWF 1010-1100 Cameron Hall 180 Class,Jon Pope (primary),,https://selfservice.uncc.edu/StudentRegistrationSsb/ssb/searchResults/searchResults?txt_term=202210&startDatepicker=&endDatepicker=&uniqueSessionId=dged2dcefc28d4&pageOffset=5000&pageMaxSize=500&sortColumn=subjectDescription&sortDirection=asc,2026-09-12T17:37:59.9295490+00:00,2026-09-12T17:38:01.5954290+00:00
uncc,202260,Summer 2022 (View Only),GEOG,7900,32410,C83,Individual Research Project,,1.0,6.0,1 TO 6,Online:  No Specific Mtg Times,Distance Education,0,1,0,0,,,,none - Class,Michael Ewers (primary),,https://selfservice.uncc.edu/StudentRegistrationSsb/ssb/searchResults/searchResults?txt_term=202260&startDatepicker=&endDatepicker=&uniqueSessionId=dg7be480140544&pageOffset=500&pageMaxSize=500&sortColumn=subjectDescription&sortDirection=asc,2026-09-12T17:36:18.9291400+00:00,2026-09-12T17:36:28.3555790+00:00
uncc,202260,Summer 2022 (View Only),PHYS,1101,30665,002,Introductory Physics I,3.0,3.0,3.0,3,Face-to-Face Instruction,Main Campus or Dubois Campus,60,12,8,0,,,,MTWR 1100-1230 Burson 121 Class,Awad Gerges (primary),,https://selfservice.uncc.edu/StudentRegistrationSsb/ssb/searchResults/searchResults?txt_term=202260&startDatepicker=&endDatepicker=&uniqueSessionId=dg7be480140544&pageOffset=1000&pageMaxSize=500&sortColumn=subjectDescription&sortDirection=asc,2026-09-12T17:36:26.2245470+00:00,2026-09-12T17:36:28.3555790+00:00
uncc,202280,Fall 2022 (View Only),BIOL,4244,12151,001,Conservation Biology,3.0,3.0,3.0,3,Online:  No Specific Mtg Times,Main Campus or Dubois Campus,25,25,5,0,DF,38,29,none - Class,Carrie Wells (primary),,https://selfservice.uncc.edu/StudentRegistrationSsb/ssb/searchResults/searchResults?txt_term=202280&startDatepicker=&endDatepicker=&uniqueSessionId=dg4d899111fb11&pageOffset=500&pageMaxSize=500&sortColumn=subjectDescription&sortDirection=asc,2026-09-12T17:34:51.7421470+00:00,2026-09-12T17:36:00.8011840+00:00
uncc,202280,Fall 2022 (View Only),BUSA,3400,13244,001,Business Analytics Internship,3.0,3.0,3.0,3,Face-to-Face Instruction,Main Campus or Dubois Campus,10,1,0,0,,,,none - Class,Meagan Glasco ; Jessica Davis (primary),,https://selfservice.uncc.edu/StudentRegistrationSsb/ssb/searchResults/searchResults?txt_term=202280&startDatepicker=&endDatepicker=&uniqueSessionId=dg4d899111fb11&pageOffset=500&pageMaxSize=500&sortColumn=subjectDescription&sortDirection=asc,2026-09-12T17:34:51.7421470+00:00,2026-09-12T17:36:00.8011840+00:00
uncc,202280,Fall 2022 (View Only),ECGR,3111,17249,003,Signals and Systems,3.0,3.0,3.0,3,Face-to-Face Instruction,Main Campus or Dubois Campus,60,11,0,0,EP,130,80,MWF 0905-0955 Energy Prod & Infrastructr Ctr 2222 Class ; R 1300-1415 Energy Prod & Infrastructr Ctr G287 Class,Yawo Amengonu (primary),,https://selfservice.uncc.edu/StudentRegistrationSsb/ssb/searchResults/searchResults?txt_term=202280&startDatepicker=&endDatepicker=&uniqueSessionId=dg4d899111fb11&pageOffset=1500&pageMaxSize=500&sortColumn=subjectDescription&sortDirection=asc,2026-09-12T17:35:08.1989650+00:00,2026-09-12T17:36:00.8011840+00:00
uncc,202280,Fall 2022 (View Only),ECGR,3121,12832,002,Intro Electromagnetic Fields,3.0,3.0,3.0,3,Face-to-Face Instruction,Main Campus or Dubois Campus,40,14,5,0,EM,80,44,TR 0830-0945 Energy Prod & Infrastructr Ctr 2222 Class ; F 1600-1715 Energy Prod & Infrastructr Ctr 2222 Class,Kathryn Smith Weldon (primary),,https://selfservice.uncc.edu/StudentRegistrationSsb/ssb/searchResults/searchResults?txt_term=202280&startDatepicker=&endDatepicker=&uniqueSessionId=dg4d899111fb11&pageOffset=1500&pageMaxSize=500&sortColumn=subjectDescription&sortDirection=asc,2026-09-12T17:35:08.1989650+00:00,2026-09-12T17:36:00.8011840+00:00
uncc,202280,Fall 2022 (View Only),ENGL,5165,16307,D90,Multiculturalism and Language,3.0,3.0,3.0,3,Face-to-Face Instruction,Main Campus or Dubois Campus,1,1,0,0,C6,25,19,M 1730-2015 Fretwell 205 Class,Elizabeth Miller (primary),,https://selfservice.uncc.edu/StudentRegistrationSsb/ssb/searchResults/searchResults?txt_term=202280&startDatepicker=&endDatepicker=&uniqueSessionId=dg4d899111fb11&pageOffset=2000&pageMaxSize=500&sortColumn=subjectDescription&sortDirection=asc,2026-09-12T17:35:15.4937560+00:00,2026-09-12T17:36:00.8011840+00:00
uncc,202280,Fall 2022 (View Only),FINN,3272,10481,001,Life Ins & Prof Fin Planning,3.0,3.0,3.0,3,Face-to-Face Instruction,Main Campus or Dubois Campus,41,23,4,0,,,,TR 1430-1545 Friday 128 Class,Thomas Marshall (primary),,https://selfservice.uncc.edu/StudentRegistrationSsb/ssb/searchResults/searchResults?txt_term=202280&startDatepicker=&endDatepicker=&uniqueSessionId=dg4d899111fb11&pageOffset=2000&pageMaxSize=500&sortColumn=subjectDescription&sortDirection=asc,2026-09-12T17:35:15.4937560+00:00,2026-09-12T17:36:00.8011840+00:00
uncc,202280,Fall 2022 (View Only),ITSC,2214,13382,091,Data Structures and Algorithms,3.0,3.0,3.0,3,Face-to-Face Instruction,Main Campus or Dubois Campus,76,40,8,0,,,,MW 1730-1845 Woodward Hall 135 Class,Matthew Mcquaigue (primary),,https://selfservice.uncc.edu/StudentRegistrationSsb/ssb/searchResults/searchResults?txt_term=202280&startDatepicker=&endDatepicker=&uniqueSessionId=dg4d899111fb11&pageOffset=1000&pageMaxSize=500&sortColumn=subjectDescription&sortDirection=asc,2026-09-12T17:35:00.2015870+00:00,2026-09-12T17:36:00.8011840+00:00
uncc,202280,Fall 2022 (View Only),LBST,2301,13352,207,Critical Thinking and Communication (HIST),3.0,3.0,3.0,3,Face-to-Face Instruction,Main Campus or Dubois Campus,35,33,0,0,,,,TR 1430-1545 Denny 215 Class,Tina Shull (primary),,https://selfservice.uncc.edu/StudentRegistrationSsb/ssb/searchResults/searchResults?txt_term=202280&startDatepicker=&endDatepicker=&uniqueSessionId=dg4d899111fb11&pageOffset=3000&pageMaxSize=500&sortColumn=subjectDescription&sortDirection=asc,2026-09-12T17:35:32.1281240+00:00,2026-09-12T17:36:00.8011840+00:00
uncc,202280,Fall 2022 (View Only),MATH,1340,17187,080,Mathematics for Elementary Teachers I,3.0,3.0,3.0,3,Online:  No Specific Mtg Times,Distance Education,0,13,0,0,,,,none - Class,Allison Elowson (primary),,https://selfservice.uncc.edu/StudentRegistrationSsb/ssb/searchResults/searchResults?txt_term=202280&startDatepicker=&endDatepicker=&uniqueSessionId=dg4d899111fb11&pageOffset=3000&pageMaxSize=500&sortColumn=subjectDescription&sortDirection=asc,2026-09-12T17:35:32.1281240+00:00,2026-09-12T17:36:00.8011840+00:00
uncc,202280,Fall 2022 (View Only),NUNP,6240,10282,090,Adv Primary Care Reprod Health,3.0,3.0,3.0,3,Face-to-Face Instruction,Main Campus or Dubois Campus,24,19,0,0,,,,R 1730-2000 College of Health & Human Serv 132 Class,Nikki Irish ; Heather Anderson (primary),,https://selfservice.uncc.edu/StudentRegistrationSsb/ssb/searchResults/searchResults?txt_term=202280&startDatepicker=&endDatepicker=&uniqueSessionId=dg4d899111fb11&pageOffset=3500&pageMaxSize=500&sortColumn=subjectDescription&sortDirection=asc,2026-09-12T17:35:40.6583580+00:00,2026-09-12T17:36:00.8011840+00:00
uncc,202280,Fall 2022 (View Only),NURS,3108,11093,003,Health Assessment and Application,3.0,3.0,3.0,3,Face-to-Face Instruction,Main Campus or Dubois Campus,14,13,0,0,,,,M 1400-1645 Class,Angela Lamb (primary),,https://selfservice.uncc.edu/StudentRegistrationSsb/ssb/searchResults/searchResults?txt_term=202280&startDatepicker=&endDatepicker=&uniqueSessionId=dg4d899111fb11&pageOffset=3500&pageMaxSize=500&sortColumn=subjectDescription&sortDirection=asc,2026-09-12T17:35:40.6583580+00:00,2026-09-12T17:36:00.8011840+00:00
uncc,202280,Fall 2022 (View Only),PPOL,8600,16757,090,Policy Process I,3.0,3.0,3.0,3,Face-to-Face Instruction,Main Campus or Dubois Campus,15,12,0,0,,,,M 1730-2015 Colvard 4102 Class,Stephanie Potochnick (primary),,https://selfservice.uncc.edu/StudentRegistrationSsb/ssb/searchResults/searchResults?txt_term=202280&startDatepicker=&endDatepicker=&uniqueSessionId=dg4d899111fb11&pageOffset=4000&pageMaxSize=500&sortColumn=subjectDescription&sortDirection=asc,2026-09-12T17:35:49.0448260+00:00,2026-09-12T17:36:00.8011840+00:00
uncc,202280,Fall 2022 (View Only),PPOL,8801,11022,009,Dissertation,,1.0,9.0,1 TO 9,Face-to-Face Instruction,Main Campus or Dubois Campus,15,1,0,0,,,,none - Class,Elizabeth Stearns (primary),,https://selfservice.uncc.edu/StudentRegistrationSsb/ssb/searchResults/searchResults?txt_term=202280&startDatepicker=&endDatepicker=&uniqueSessionId=dg4d899111fb11&pageOffset=4000&pageMaxSize=500&sortColumn=subjectDescription&sortDirection=asc,2026-09-12T17:35:49.0448260+00:00,2026-09-12T17:36:00.8011840+00:00
uncc,202280,Fall 2022 (View Only),PSYC,2165,16890,002,Intro to Community Psychology,3.0,3.0,3.0,3,Hybrid:  F2F & Online (Async),Main Campus or Dubois Campus,35,33,0,0,,,,T 1300-1415 Colvard 5094 Class,Victoria Scott (primary),,https://selfservice.uncc.edu/StudentRegistrationSsb/ssb/searchResults/searchResults?txt_term=202280&startDatepicker=&endDatepicker=&uniqueSessionId=dg4d899111fb11&pageOffset=4000&pageMaxSize=500&sortColumn=subjectDescription&sortDirection=asc,2026-09-12T17:35:49.0448260+00:00,2026-09-12T17:36:00.8011840+00:00
uncc,202280,Fall 2022 (View Only),SOWK,7130,13344,001,Trauma and Recovery: Theory and Intervention,3.0,3.0,3.0,3,Online:  No Specific Mtg Times,Main Campus or Dubois Campus,20,20,0,0,61,30,29,none - Class,Diana Rowan (primary),,https://selfservice.uncc.edu/StudentRegistrationSsb/ssb/searchResults/searchResults?txt_term=202280&startDatepicker=&endDatepicker=&uniqueSessionId=dg4d899111fb11&pageOffset=4500&pageMaxSize=500&sortColumn=subjectDescription&sortDirection=asc,2026-09-12T17:35:57.0523260+00:00,2026-09-12T17:36:00.8011840+00:00
uncc,202280,Fall 2022 (View Only),WGST,2050,17001,003,Topics in Women's Studies: Topics in Non-Western History: Gender and Sexuality in Latin American His,,1.0,3.0,1 TO 3,Face-to-Face Instruction,Main Campus or Dubois Campus,10,7,0,0,99,60,37,TR 1430-1545 Denny 111 Class,Maria Labbato (primary),,https://selfservice.uncc.edu/StudentRegistrationSsb/ssb/searchResults/searchResults?txt_term=202280&startDatepicker=&endDatepicker=&uniqueSessionId=dg4d899111fb11&pageOffset=5000&pageMaxSize=500&sortColumn=subjectDescription&sortDirection=asc,2026-09-12T17:36:00.7409060+00:00,2026-09-12T17:36:00.8011840+00:00
uncc,202310,Spring 2023 (View Only),ARCH,5204,26515,005,"Arch History Topics: Landscapes of Peacebuilding: Christianity, Slavery, and the City of Charlotte",3.0,3.0,3.0,3,Face-to-Face Instruction,Main Campus or Dubois Campus,6,5,2,0,EA,23,13,TR 1300-1415 Storrs 268 Class,Julia Moore ; Matthew Gin (primary),,https://selfservice.uncc.edu/StudentRegistrationSsb/ssb/searchResults/searchResults?txt_term=202310&startDatepicker=&endDatepicker=&uniqueSessionId=dg14cb809b27fa&pageOffset=0&pageMaxSize=500&sortColumn=subjectDescription&sortDirection=asc,2026-09-12T17:33:12.8377870+00:00,2026-09-12T17:34:30.9121050+00:00
uncc,202310,Spring 2023 (View Only),CEGR,3141,20887,001,Intro to Environ Engineering,3.0,3.0,3.0,3,Face-to-Face Instruction,Main Campus or Dubois Campus,55,46,0,0,,,,TR 1300-1415 Energy Prod & Infrastructr Ctr 3336 Class,Mei Sun (primary),,https://selfservice.uncc.edu/StudentRegistrationSsb/ssb/searchResults/searchResults?txt_term=202310&startDatepicker=&endDatepicker=&uniqueSessionId=dg14cb809b27fa&pageOffset=500&pageMaxSize=500&sortColumn=subjectDescription&sortDirection=asc,2026-09-12T17:33:20.9702200+00:00,2026-09-12T17:34:30.9121050+00:00
uncc,202310,Spring 2023 (View Only),ELET,2241L,21653,L02,Instrumentation Laboratory,1.0,1.0,1.0,1,Face-to-Face Instruction,Main Campus or Dubois Campus,24,23,0,0,,,,R 1300-1545 Smith 330 Class,Joel Pritchard (primary),,https://selfservice.uncc.edu/StudentRegistrationSsb/ssb/searchResults/searchResults?txt_term=202310&startDatepicker=&endDatepicker=&uniqueSessionId=dg14cb809b27fa&pageOffset=1500&pageMaxSize=500&sortColumn=subjectDescription&sortDirection=asc,2026-09-12T17:33:37.9080620+00:00,2026-09-12T17:34:30.9121050+00:00
uncc,202310,Spring 2023 (View Only),EXER,3287,25860,005,Exercise Testing: Principles and Applications,3.0,3.0,3.0,3,Face-to-Face Instruction,Main Campus or Dubois Campus,24,23,0,0,,,,M 1300-1530 Belk Gymnasium 017 Class,Darnell Clark (primary),,https://selfservice.uncc.edu/StudentRegistrationSsb/ssb/searchResults/searchResults?txt_term=202310&startDatepicker=&endDatepicker=&uniqueSessionId=dg14cb809b27fa&pageOffset=2000&pageMaxSize=500&sortColumn=subjectDescription&sortDirection=asc,2026-09-12T17:33:45.9536720+00:00,2026-09-12T17:34:30.9121050+00:00
uncc,202310,Spring 2023 (View Only),GEOG,3120,21868,002,Fndmntls Geographic Info Systm,4.0,4.0,4.0,4,Face-to-Face Instruction,Main Campus or Dubois Campus,10,3,2,0,KI,60,44,W 0800-1045 McEniry 431 Class ; TR 0830-0945 McEniry 420 Class,Gang Chen (primary),,https://selfservice.uncc.edu/StudentRegistrationSsb/ssb/searchResults/searchResults?txt_term=202310&startDatepicker=&endDatepicker=&uniqueSessionId=dg14cb809b27fa&pageOffset=2000&pageMaxSize=500&sortColumn=subjectDescription&sortDirection=asc,2026-09-12T17:33:45.9536720+00:00,2026-09-12T17:34:30.9121050+00:00
uncc,202310,Spring 2023 (View Only),ITIS,3200,20577,002,Intro to Info Security & Priv,3.0,3.0,3.0,3,Face-to-Face Instruction,Main Campus or Dubois Campus,76,32,7,0,,,,TR 1130-1245 Woodward Hall 125 Class,Harini Ramaprasad ; Meera Sridhar (primary),,https://selfservice.uncc.edu/StudentRegistrationSsb/ssb/searchResults/searchResults?txt_term=202310&startDatepicker=&endDatepicker=&uniqueSessionId=dg14cb809b27fa&pageOffset=4500&pageMaxSize=500&sortColumn=subjectDescription&sortDirection=asc,2026-09-12T17:34:27.4591640+00:00,2026-09-12T17:34:30.9121050+00:00
uncc,202310,Spring 2023 (View Only),ITSC,3688,24337,094,Computers and Their Impact on Society,3.0,3.0,3.0,3,Face-to-Face Instruction,Main Campus or Dubois Campus,30,27,3,0,,,,TR 1900-2015 Atkins 126 Class,Michele Seborowski-Price (primary),,https://selfservice.uncc.edu/StudentRegistrationSsb/ssb/searchResults/searchResults?txt_term=202310&startDatepicker=&endDatepicker=&uniqueSessionId=dg14cb809b27fa&pageOffset=1000&pageMaxSize=500&sortColumn=subjectDescription&sortDirection=asc,2026-09-12T17:33:29.5095120+00:00,2026-09-12T17:34:30.9121050+00:00
uncc,202310,Spring 2023 (View Only),LBST,2214,21306,657,Health & Quality of Life (HLTH),3.0,3.0,3.0,3,Face-to-Face Instruction,Main Campus or Dubois Campus,190,97,20,0,,,,TR 0830-0945 College of Health & Human Serv 155 Class,Pilar Zuber (primary),,https://selfservice.uncc.edu/StudentRegistrationSsb/ssb/searchResults/searchResults?txt_term=202310&startDatepicker=&endDatepicker=&uniqueSessionId=dg14cb809b27fa&pageOffset=3000&pageMaxSize=500&sortColumn=subjectDescription&sortDirection=asc,2026-09-12T17:34:01.8675620+00:00,2026-09-12T17:34:30.9121050+00:00
uncc,202310,Spring 2023 (View Only),LTAM,6400,26982,001,Internship,,1.0,3.0,1 TO 3,Face-to-Face Instruction,Main Campus or Dubois Campus,3,1,0,0,,,,none - Class,David Dalton (primary),,https://selfservice.uncc.edu/StudentRegistrationSsb/ssb/searchResults/searchResults?txt_term=202310&startDatepicker=&endDatepicker=&uniqueSessionId=dg14cb809b27fa&pageOffset=2500&pageMaxSize=500&sortColumn=subjectDescription&sortDirection=asc,2026-09-12T17:33:53.3720570+00:00,2026-09-12T17:34:30.9121050+00:00
uncc,202310,Spring 2023 (View Only),SECD,4140,20406,001,Adolescence and Sec Schools,3.0,3.0,3.0,3,Face-to-Face Instruction,Main Campus or Dubois Campus,18,21,0,0,,,,F 0905-1140 Mebane Hall 165 Class,Adam Myers (primary),,https://selfservice.uncc.edu/StudentRegistrationSsb/ssb/searchResults/searchResults?txt_term=202310&startDatepicker=&endDatepicker=&uniqueSessionId=dg14cb809b27fa&pageOffset=4000&pageMaxSize=500&sortColumn=subjectDescription&sortDirection=asc,2026-09-12T17:34:19.2889710+00:00,2026-09-12T17:34:30.9121050+00:00
uncc,202310,Spring 2023 (View Only),SPAN,1201,23404,A02,Elementary Spanish I,4.0,4.0,4.0,4,Hybrid:  F2F & Online (Async),Main Campus or Dubois Campus,28,25,2,0,,,,F 1600-1715 Mebane Hall 402 Class,Maria Mahaffey (primary),,https://selfservice.uncc.edu/StudentRegistrationSsb/ssb/searchResults/searchResults?txt_term=202310&startDatepicker=&endDatepicker=&uniqueSessionId=dg14cb809b27fa&pageOffset=4500&pageMaxSize=500&sortColumn=subjectDescription&sortDirection=asc,2026-09-12T17:34:27.4591640+00:00,2026-09-12T17:34:30.9121050+00:00
uncc,202310,Spring 2023 (View Only),SPAN,3202,20401,001,Adv Conversation & Composition,3.0,3.0,3.0,3,Face-to-Face Instruction,Main Campus or Dubois Campus,24,23,2,0,,,,TR 1300-1415 Mebane Hall 434 Class,Susana Cisneros (primary),,https://selfservice.uncc.edu/StudentRegistrationSsb/ssb/searchResults/searchResults?txt_term=202310&startDatepicker=&endDatepicker=&uniqueSessionId=dg14cb809b27fa&pageOffset=4500&pageMaxSize=500&sortColumn=subjectDescription&sortDirection=asc,2026-09-12T17:34:27.4591640+00:00,2026-09-12T17:34:30.9121050+00:00
uncc,202310,Spring 2023 (View Only),UCOL,1000,25563,001,College Transition for First Year Students,,1.0,3.0,1 TO 3,Face-to-Face Instruction,Main Campus or Dubois Campus,25,23,0,0,,,,F 1010-1240 Fretwell 223 Class,Tyler Placeres (primary),,https://selfservice.uncc.edu/StudentRegistrationSsb/ssb/searchResults/searchResults?txt_term=202310&startDatepicker=&endDatepicker=&uniqueSessionId=dg14cb809b27fa&pageOffset=5000&pageMaxSize=500&sortColumn=subjectDescription&sortDirection=asc,2026-09-12T17:34:30.8569630+00:00,2026-09-12T17:34:30.9121050+00:00
uncc,202360,Summer 2023 (View Only),ADMN,6100,30372,784,Fund of Educ Leadership,3.0,3.0,3.0,3,Face-to-Face Instruction,Distance Education,30,23,0,0,,,,none - FOOTNOTE Class,Jimmy Watson (primary),,https://selfservice.uncc.edu/StudentRegistrationSsb/ssb/searchResults/searchResults?txt_term=202360&startDatepicker=&endDatepicker=&uniqueSessionId=dgbe277232c2e0&pageOffset=0&pageMaxSize=500&sortColumn=subjectDescription&sortDirection=asc,2026-09-12T17:32:42.5013310+00:00,2026-09-12T17:33:00.7632070+00:00
uncc,202360,Summer 2023 (View Only),EDCI,8262,32265,081,Race in Education and Schooling,3.0,3.0,3.0,3,Online:  No Specific Mtg Times,Main Campus or Dubois Campus,15,1,0,0,66,35,7,none - Class,Angela Walker (primary),,https://selfservice.uncc.edu/StudentRegistrationSsb/ssb/searchResults/searchResults?txt_term=202360&startDatepicker=&endDatepicker=&uniqueSessionId=dgbe277232c2e0&pageOffset=500&pageMaxSize=500&sortColumn=subjectDescription&sortDirection=asc,2026-09-12T17:32:49.1021880+00:00,2026-09-12T17:33:00.7632070+00:00
uncc,202360,Summer 2023 (View Only),HIST,4002,32074,080,"Topics in Non-West Historiography: Resistance, Rebellion, and Insurgency in Latin America",3.0,3.0,3.0,3,Online:  No Specific Mtg Times,Main Campus or Dubois Campus,18,11,0,0,D6,28,14,none - Class,Carmen Soliz Urrutia (primary),,https://selfservice.uncc.edu/StudentRegistrationSsb/ssb/searchResults/searchResults?txt_term=202360&startDatepicker=&endDatepicker=&uniqueSessionId=dgbe277232c2e0&pageOffset=500&pageMaxSize=500&sortColumn=subjectDescription&sortDirection=asc,2026-09-12T17:32:49.1021880+00:00,2026-09-12T17:33:00.7632070+00:00
uncc,202360,Summer 2023 (View Only),LBST,2102,31245,58L,Global Connections (LACS),3.0,3.0,3.0,3,Online:  No Specific Mtg Times,Main Campus or Dubois Campus,30,28,2,0,,,,none - Class,Susanne Gomoluch (primary),,https://selfservice.uncc.edu/StudentRegistrationSsb/ssb/searchResults/searchResults?txt_term=202360&startDatepicker=&endDatepicker=&uniqueSessionId=dgbe277232c2e0&pageOffset=1000&pageMaxSize=500&sortColumn=subjectDescription&sortDirection=asc,2026-09-12T17:32:56.0571090+00:00,2026-09-12T17:33:00.7632070+00:00
uncc,202360,Summer 2023 (View Only),MATH,1341,32264,080,Mathematics for Elementary Teachers II,3.0,3.0,3.0,3,Online:  No Specific Mtg Times,Main Campus or Dubois Campus,1,1,0,0,,,,none - Class,Allison Elowson (primary),,https://selfservice.uncc.edu/StudentRegistrationSsb/ssb/searchResults/searchResults?txt_term=202360&startDatepicker=&endDatepicker=&uniqueSessionId=dgbe277232c2e0&pageOffset=1000&pageMaxSize=500&sortColumn=subjectDescription&sortDirection=asc,2026-09-12T17:32:56.0571090+00:00,2026-09-12T17:33:00.7632070+00:00
uncc,202360,Summer 2023 (View Only),MKTG,3224,30718,081,Product and Brand Management,3.0,3.0,3.0,3,Online:  No Specific Mtg Times,Main Campus or Dubois Campus,40,19,4,0,,,,none - Class,Suzanne Collins (primary),,https://selfservice.uncc.edu/StudentRegistrationSsb/ssb/searchResults/searchResults?txt_term=202360&startDatepicker=&endDatepicker=&uniqueSessionId=dgbe277232c2e0&pageOffset=1000&pageMaxSize=500&sortColumn=subjectDescription&sortDirection=asc,2026-09-12T17:32:56.0571090+00:00,2026-09-12T17:33:00.7632070+00:00
uncc,202380,Fall 2023 (View Only),ARTA,3000,17891,EA2,Topics in Art,,1.0,3.0,1 TO 3,Study Abroad,Main Campus or Dubois Campus,0,1,0,0,,,,none - Class,,,https://selfservice.uncc.edu/StudentRegistrationSsb/ssb/searchResults/searchResults?txt_term=202380&startDatepicker=&endDatepicker=&uniqueSessionId=dg9ca75701fbd8&pageOffset=0&pageMaxSize=500&sortColumn=subjectDescription&sortDirection=asc,2026-09-12T17:31:03.4536130+00:00,2026-09-12T17:32:30.8584600+00:00
uncc,202380,Fall 2023 (View Only),BIOL,3111,12180,002,Cell Biology,3.0,3.0,3.0,3,Face-to-Face Instruction,Main Campus or Dubois Campus,70,70,0,0,,,,TR 1000-1115 Woodward Hall 155 Class,Sharon Bullock (primary),,https://selfservice.uncc.edu/StudentRegistrationSsb/ssb/searchResults/searchResults?txt_term=202380&startDatepicker=&endDatepicker=&uniqueSessionId=dg9ca75701fbd8&pageOffset=500&pageMaxSize=500&sortColumn=subjectDescription&sortDirection=asc,2026-09-12T17:31:11.8146710+00:00,2026-09-12T17:32:30.8584600+00:00
uncc,202380,Fall 2023 (View Only),CHEM,4900,15631,C11,Directed Undergrad Research,,1.0,4.0,1 TO 4,Face-to-Face Instruction,Main Campus or Dubois Campus,15,2,0,0,,,,none - Class,Laura Casto-Boggess (primary),,https://selfservice.uncc.edu/StudentRegistrationSsb/ssb/searchResults/searchResults?txt_term=202380&startDatepicker=&endDatepicker=&uniqueSessionId=dg9ca75701fbd8&pageOffset=500&pageMaxSize=500&sortColumn=subjectDescription&sortDirection=asc,2026-09-12T17:31:11.8146710+00:00,2026-09-12T17:32:30.8584600+00:00
uncc,202380,Fall 2023 (View Only),CHFD,6200,14665,081,Curriculum and Learning Environments for Young Children,3.0,3.0,3.0,3,Online:  Specific Mtg Times,Distance Education,30,20,0,0,,,,W 1730-2015 Online (No Building Needed) INTERNET Class,Heather Taylor (primary),,https://selfservice.uncc.edu/StudentRegistrationSsb/ssb/searchResults/searchResults?txt_term=202380&startDatepicker=&endDatepicker=&uniqueSessionId=dg9ca75701fbd8&pageOffset=500&pageMaxSize=500&sortColumn=subjectDescription&sortDirection=asc,2026-09-12T17:31:11.8146710+00:00,2026-09-12T17:32:30.8584600+00:00
uncc,202380,Fall 2023 (View Only),ECGR,2181,11936,002,Logic System Design I,3.0,3.0,3.0,3,Face-to-Face Instruction,Main Campus or Dubois Campus,69,37,7,0,A4,138,104,T 1300-1415 Energy Prod & Infrastructr Ctr G287 Class ; MW 1600-1715 Energy Prod & Infrastructr Ctr G222 Class,Sam Shue (primary),,https://selfservice.uncc.edu/StudentRegistrationSsb/ssb/searchResults/searchResults?txt_term=202380&startDatepicker=&endDatepicker=&uniqueSessionId=dg9ca75701fbd8&pageOffset=1500&pageMaxSize=500&sortColumn=subjectDescription&sortDirection=asc,2026-09-12T17:31:29.7029420+00:00,2026-09-12T17:32:30.8584600+00:00
uncc,202380,Fall 2023 (View Only),ECGR,3156,13145,L01,Electromag & Elec Devices Lab,1.0,1.0,1.0,1,Face-to-Face Instruction,Main Campus or Dubois Campus,24,10,2,0,,,,M 0800-1100 Energy Prod & Infrastructr Ctr 2140 Class,Bienvenido Rodriguez-Medina (primary),,https://selfservice.uncc.edu/StudentRegistrationSsb/ssb/searchResults/searchResults?txt_term=202380&startDatepicker=&endDatepicker=&uniqueSessionId=dg9ca75701fbd8&pageOffset=1500&pageMaxSize=500&sortColumn=subjectDescription&sortDirection=asc,2026-09-12T17:31:29.7029420+00:00,2026-09-12T17:32:30.8584600+00:00
uncc,202380,Fall 2023 (View Only),ESCI,1101,10471,003,Earth Science - Geog,3.0,3.0,3.0,3,Face-to-Face Instruction,Main Campus or Dubois Campus,180,176,10,0,,,,TR 1430-1545 McEniry 124 Class,Jake Armour (primary),,https://selfservice.uncc.edu/StudentRegistrationSsb/ssb/searchResults/searchResults?txt_term=202380&startDatepicker=&endDatepicker=&uniqueSessionId=dg9ca75701fbd8&pageOffset=1500&pageMaxSize=500&sortColumn=subjectDescription&sortDirection=asc,2026-09-12T17:31:29.7029420+00:00,2026-09-12T17:32:30.8584600+00:00
uncc,202380,Fall 2023 (View Only),ESCI,1501,16800,001,"Environment, Society, and Sustainability",3.0,3.0,3.0,3,Face-to-Face Instruction,Main Campus or Dubois Campus,80,78,2,0,,,,TR 1130-1245 McEniry 116 Class,Sandra Clinton (primary),,https://selfservice.uncc.edu/StudentRegistrationSsb/ssb/searchResults/searchResults?txt_term=202380&startDatepicker=&endDatepicker=&uniqueSessionId=dg9ca75701fbd8&pageOffset=1500&pageMaxSize=500&sortColumn=subjectDescription&sortDirection=asc,2026-09-12T17:31:29.7029420+00:00,2026-09-12T17:32:30.8584600+00:00
uncc,202380,Fall 2023 (View Only),ESCI,6900,11363,A02,Earth Sciences Research,,1.0,9.0,1 TO 9,Face-to-Face Instruction,Main Campus or Dubois Campus,0,1,0,0,,,,none - Class,Sandra Clinton (primary),,https://selfservice.uncc.edu/StudentRegistrationSsb/ssb/searchResults/searchResults?txt_term=202380&startDatepicker=&endDatepicker=&uniqueSessionId=dg9ca75701fbd8&pageOffset=1500&pageMaxSize=500&sortColumn=subjectDescription&sortDirection=asc,2026-09-12T17:31:29.7029420+00:00,2026-09-12T17:32:30.8584600+00:00
uncc,202380,Fall 2023 (View Only),GEOL,1200L,10646,L06,Physical Geology Lab,1.0,1.0,1.0,1,Face-to-Face Instruction,Main Campus or Dubois Campus,20,17,2,0,,,,W 0800-1045 McEniry 106 Class,Lillie-Dunn McGuinness (primary),,https://selfservice.uncc.edu/StudentRegistrationSsb/ssb/searchResults/searchResults?txt_term=202380&startDatepicker=&endDatepicker=&uniqueSessionId=dg9ca75701fbd8&pageOffset=2500&pageMaxSize=500&sortColumn=subjectDescription&sortDirection=asc,2026-09-12T17:31:45.7515600+00:00,2026-09-12T17:32:30.8584600+00:00
uncc,202380,Fall 2023 (View Only),GRAD,8000,17435,004,Topics in Graduate Professional Development: Communication and Leadership in the Workplace,,1.0,3.0,1 TO 3,Online:  Specific Mtg Times,Main Campus or Dubois Campus,10,2,0,0,WX,20,10,T 1600-1740 Online (No Building Needed) INTERNET Class,Daryl Kerr (primary) ; Katherine Hall-Hertel ; Jill Huerta,,https://selfservice.uncc.edu/StudentRegistrationSsb/ssb/searchResults/searchResults?txt_term=202380&startDatepicker=&endDatepicker=&uniqueSessionId=dg9ca75701fbd8&pageOffset=2500&pageMaxSize=500&sortColumn=subjectDescription&sortDirection=asc,2026-09-12T17:31:45.7515600+00:00,2026-09-12T17:32:30.8584600+00:00
uncc,202380,Fall 2023 (View Only),HAHS,1511,17338,657,Local Social Science: Issues of Health and Quality of Life,3.0,3.0,3.0,3,Face-to-Face Instruction,Main Campus or Dubois Campus,103,89,0,0,WA,192,173,TR 0830-0945 College of Health & Human Serv 155 Class,Pilar Zuber (primary),,https://selfservice.uncc.edu/StudentRegistrationSsb/ssb/searchResults/searchResults?txt_term=202380&startDatepicker=&endDatepicker=&uniqueSessionId=dg9ca75701fbd8&pageOffset=2500&pageMaxSize=500&sortColumn=subjectDescription&sortDirection=asc,2026-09-12T17:31:45.7515600+00:00,2026-09-12T17:32:30.8584600+00:00
uncc,202380,Fall 2023 (View Only),HIST,1502,16315,021,Global Arts/Humanities: Global Food Fight: The History and Politics of What We Eat,3.0,3.0,3.0,3,Face-to-Face Instruction,Main Campus or Dubois Campus,25,19,0,0,BI,150,78,F 0905-0955 Friday 132 Class ; TR 1000-1050 Fretwell 100 Class,Karen Flint (primary),,https://selfservice.uncc.edu/StudentRegistrationSsb/ssb/searchResults/searchResults?txt_term=202380&startDatepicker=&endDatepicker=&uniqueSessionId=dg9ca75701fbd8&pageOffset=2500&pageMaxSize=500&sortColumn=subjectDescription&sortDirection=asc,2026-09-12T17:31:45.7515600+00:00,2026-09-12T17:32:30.8584600+00:00
uncc,202380,Fall 2023 (View Only),ITIS,6210,17126,091,Access Control & Security Arch,3.0,3.0,3.0,3,Face-to-Face Instruction,Main Campus or Dubois Campus,60,41,5,0,,,,MW 1730-1845 Mebane Hall 065 Class,Vinicius Da Costa (primary),,https://selfservice.uncc.edu/StudentRegistrationSsb/ssb/searchResults/searchResults?txt_term=202380&startDatepicker=&endDatepicker=&uniqueSessionId=dg9ca75701fbd8&pageOffset=5000&pageMaxSize=500&sortColumn=subjectDescription&sortDirection=asc,2026-09-12T17:32:28.7877700+00:00,2026-09-12T17:32:30.8584600+00:00
uncc,202380,Fall 2023 (View Only),KNES,6490,13107,002,Adv Pract in Clin Exer Phys,1.0,1.0,1.0,1,Face-to-Face Instruction,Main Campus or Dubois Campus,20,16,0,0,,,,none - Class,Darnell Clark (primary),,https://selfservice.uncc.edu/StudentRegistrationSsb/ssb/searchResults/searchResults?txt_term=202380&startDatepicker=&endDatepicker=&uniqueSessionId=dg9ca75701fbd8&pageOffset=3000&pageMaxSize=500&sortColumn=subjectDescription&sortDirection=asc,2026-09-12T17:31:55.0424850+00:00,2026-09-12T17:32:30.8584600+00:00
uncc,202380,Fall 2023 (View Only),MEGR,2180,17307,002,Manufacturing Systems,3.0,3.0,3.0,3,Face-to-Face Instruction,Main Campus or Dubois Campus,22,18,0,0,,,,TR 1600-1715 Energy Prod & Infrastructr Ctr 1243 Class,Jaime Berez (primary),,https://selfservice.uncc.edu/StudentRegistrationSsb/ssb/searchResults/searchResults?txt_term=202380&startDatepicker=&endDatepicker=&uniqueSessionId=dg9ca75701fbd8&pageOffset=3500&pageMaxSize=500&sortColumn=subjectDescription&sortDirection=asc,2026-09-12T17:32:04.1063710+00:00,2026-09-12T17:32:30.8584600+00:00
uncc,202380,Fall 2023 (View Only),MEGR,3251,10535,L03,Thermal/Fluids Lab,2.0,2.0,2.0,2,Hybrid:  F2F & Online (Async),Main Campus or Dubois Campus,12,12,0,0,,,,T 1600-1845 Duke Centennial Hall 244 Class,Hunter Bachman (primary),,https://selfservice.uncc.edu/StudentRegistrationSsb/ssb/searchResults/searchResults?txt_term=202380&startDatepicker=&endDatepicker=&uniqueSessionId=dg9ca75701fbd8&pageOffset=3500&pageMaxSize=500&sortColumn=subjectDescription&sortDirection=asc,2026-09-12T17:32:04.1063710+00:00,2026-09-12T17:32:30.8584600+00:00
uncc,202380,Fall 2023 (View Only),MUSC,2001,17221,ES1,Topics in Music: Reed Making,,1.0,6.0,1 TO 6,Face-to-Face Instruction,Main Campus or Dubois Campus,5,2,0,0,,,,none - Class,Elizabeth Sullivan (primary),,https://selfservice.uncc.edu/StudentRegistrationSsb/ssb/searchResults/searchResults?txt_term=202380&startDatepicker=&endDatepicker=&uniqueSessionId=dg9ca75701fbd8&pageOffset=3500&pageMaxSize=500&sortColumn=subjectDescription&sortDirection=asc,2026-09-12T17:32:04.1063710+00:00,2026-09-12T17:32:30.8584600+00:00
uncc,202380,Fall 2023 (View Only),NURN,4900,11056,080,Rsch in Nursing Practice,2.0,2.0,2.0,2,Online:  No Specific Mtg Times,Distance Education,35,16,0,0,,,,none - Class,Philwyna Banks (primary),,https://selfservice.uncc.edu/StudentRegistrationSsb/ssb/searchResults/searchResults?txt_term=202380&startDatepicker=&endDatepicker=&uniqueSessionId=dg9ca75701fbd8&pageOffset=4000&pageMaxSize=500&sortColumn=subjectDescription&sortDirection=asc,2026-09-12T17:32:12.7754460+00:00,2026-09-12T17:32:30.8584600+00:00
uncc,202380,Fall 2023 (View Only),OPER,3100,10393,092,Operations Management,3.0,3.0,3.0,3,Face-to-Face Instruction,Main Campus or Dubois Campus,65,64,6,0,,,,R 1730-2015 McEniry 117 Class,Magbor Atem (primary),,https://selfservice.uncc.edu/StudentRegistrationSsb/ssb/searchResults/searchResults?txt_term=202380&startDatepicker=&endDatepicker=&uniqueSessionId=dg9ca75701fbd8&pageOffset=4000&pageMaxSize=500&sortColumn=subjectDescription&sortDirection=asc,2026-09-12T17:32:12.7754460+00:00,2026-09-12T17:32:30.8584600+00:00
uncc,202380,Fall 2023 (View Only),PSYC,2130,13875,002,Introduction to Social Psychology,3.0,3.0,3.0,3,Online:  No Specific Mtg Times,Main Campus or Dubois Campus,125,120,10,0,,,,none - Class,Stephen Russell (primary),,https://selfservice.uncc.edu/StudentRegistrationSsb/ssb/searchResults/searchResults?txt_term=202380&startDatepicker=&endDatepicker=&uniqueSessionId=dg9ca75701fbd8&pageOffset=4500&pageMaxSize=500&sortColumn=subjectDescription&sortDirection=asc,2026-09-12T17:32:21.0417810+00:00,2026-09-12T17:32:30.8584600+00:00
uncc,202380,Fall 2023 (View Only),PSYC,4660,10840,001,Seminar in Health Psychology,3.0,3.0,3.0,3,Face-to-Face Instruction,Main Campus or Dubois Campus,15,12,2,0,,,,TR 1000-1115 Colvard 5096 Class,Kathleen Burke (primary),,https://selfservice.uncc.edu/StudentRegistrationSsb/ssb/searchResults/searchResults?txt_term=202380&startDatepicker=&endDatepicker=&uniqueSessionId=dg9ca75701fbd8&pageOffset=4500&pageMaxSize=500&sortColumn=subjectDescription&sortDirection=asc,2026-09-12T17:32:21.0417810+00:00,2026-09-12T17:32:30.8584600+00:00
uncc,202380,Fall 2023 (View Only),RELS,4800,17228,001,Independent Studies,,1.0,3.0,1 TO 3,Face-to-Face Instruction,Main Campus or Dubois Campus,10,2,0,0,,,,none - Class,Eric Hoenes (primary),,https://selfservice.uncc.edu/StudentRegistrationSsb/ssb/searchResults/searchResults?txt_term=202380&startDatepicker=&endDatepicker=&uniqueSessionId=dg9ca75701fbd8&pageOffset=4500&pageMaxSize=500&sortColumn=subjectDescription&sortDirection=asc,2026-09-12T17:32:21.0417810+00:00,2026-09-12T17:32:30.8584600+00:00
uncc,202380,Fall 2023 (View Only),SOWK,3482,10438,003,Social Work Practicum I,,3.0,5.0,3 OR 5,Hybrid:  F2F & Online (Async),Main Campus or Dubois Campus,19,14,0,0,,,,T 1430-1715 College of Health & Human Serv 132 Class,Terri Matthews (primary),,https://selfservice.uncc.edu/StudentRegistrationSsb/ssb/searchResults/searchResults?txt_term=202380&startDatepicker=&endDatepicker=&uniqueSessionId=dg9ca75701fbd8&pageOffset=4500&pageMaxSize=500&sortColumn=subjectDescription&sortDirection=asc,2026-09-12T17:32:21.0417810+00:00,2026-09-12T17:32:30.8584600+00:00
uncc,202380,Fall 2023 (View Only),SPED,4475,13589,090,Stu Tch/Sem: K-12 Gen Curr,15.0,15.0,15.0,15,Face-to-Face Instruction,Main Campus or Dubois Campus,28,1,0,0,,,,none - Class,Ann Jolly (primary),,https://selfservice.uncc.edu/StudentRegistrationSsb/ssb/searchResults/searchResults?txt_term=202380&startDatepicker=&endDatepicker=&uniqueSessionId=dg9ca75701fbd8&pageOffset=5000&pageMaxSize=500&sortColumn=subjectDescription&sortDirection=asc,2026-09-12T17:32:28.7877700+00:00,2026-09-12T17:32:30.8584600+00:00
uncc,202380,Fall 2023 (View Only),WRDS,1104,13272,012,Writing and Inquiry in Academic Contexts I and II with Studio,4.0,4.0,4.0,4,Face-to-Face Instruction,Main Campus or Dubois Campus,22,22,5,0,,,,TR 1300-1415 Burson 118 Class,Malcolm Campbell (primary),,https://selfservice.uncc.edu/StudentRegistrationSsb/ssb/searchResults/searchResults?txt_term=202380&startDatepicker=&endDatepicker=&uniqueSessionId=dg9ca75701fbd8&pageOffset=5500&pageMaxSize=500&sortColumn=subjectDescription&sortDirection=asc,2026-09-12T17:32:29.7440980+00:00,2026-09-12T17:32:30.8584600+00:00
uncc,202410,Spring 2024 (View Only),AFRS,1501,25633,004,African and Diasporan History & Politics Through Literature,3.0,3.0,3.0,3,Face-to-Face Instruction,Main Campus or Dubois Campus,36,36,4,0,MW,46,46,TR 1300-1415 Smith 204 Class,Honore Missihoun (primary),,https://selfservice.uncc.edu/StudentRegistrationSsb/ssb/searchResults/searchResults?txt_term=202410&startDatepicker=&endDatepicker=&uniqueSessionId=dg3383f8280407&pageOffset=0&pageMaxSize=500&sortColumn=subjectDescription&sortDirection=asc,2026-09-12T17:29:20.1943740+00:00,2026-09-12T17:30:50.7905810+00:00
uncc,202410,Spring 2024 (View Only),BIOL,3166L,21007,L02,Genetics Lab,1.0,1.0,1.0,1,Face-to-Face Instruction,Main Campus or Dubois Campus,24,24,5,0,,,,T 1730-2015 Woodward Hall 270 Class,Michelle Pass (primary),,https://selfservice.uncc.edu/StudentRegistrationSsb/ssb/searchResults/searchResults?txt_term=202410&startDatepicker=&endDatepicker=&uniqueSessionId=dg3383f8280407&pageOffset=500&pageMaxSize=500&sortColumn=subjectDescription&sortDirection=asc,2026-09-12T17:29:28.5126560+00:00,2026-09-12T17:30:50.7905810+00:00
uncc,202410,Spring 2024 (View Only),BIOL,8999,21527,I14,Doctoral Dissertation Research,,1.0,9.0,1 TO 9,Face-to-Face Instruction,Main Campus or Dubois Campus,5,7,0,0,,,,none - Class,Adam Reitzel (primary),,https://selfservice.uncc.edu/StudentRegistrationSsb/ssb/searchResults/searchResults?txt_term=202410&startDatepicker=&endDatepicker=&uniqueSessionId=dg3383f8280407&pageOffset=500&pageMaxSize=500&sortColumn=subjectDescription&sortDirection=asc,2026-09-12T17:29:28.5126560+00:00,2026-09-12T17:30:50.7905810+00:00
uncc,202410,Spring 2024 (View Only),BIOL,8999,25384,F16,Doctoral Dissertation Research,,1.0,9.0,1 TO 9,Face-to-Face Instruction,Main Campus or Dubois Campus,5,1,0,0,,,,none - Class,Bao-Hua Song (primary),,https://selfservice.uncc.edu/StudentRegistrationSsb/ssb/searchResults/searchResults?txt_term=202410&startDatepicker=&endDatepicker=&uniqueSessionId=dg3383f8280407&pageOffset=500&pageMaxSize=500&sortColumn=subjectDescription&sortDirection=asc,2026-09-12T17:29:28.5126560+00:00,2026-09-12T17:30:50.7905810+00:00
uncc,202410,Spring 2024 (View Only),CHEM,1252,20734,002,General Chemistry II,3.0,3.0,3.0,3,Face-to-Face Instruction,Main Campus or Dubois Campus,150,119,14,0,,,,MWF 1220-1310 Burson 110 Class ; W 1600-1800 Mebane Hall 010 Class,Raymond Jose Sanedrin (primary),,https://selfservice.uncc.edu/StudentRegistrationSsb/ssb/searchResults/searchResults?txt_term=202410&startDatepicker=&endDatepicker=&uniqueSessionId=dg3383f8280407&pageOffset=500&pageMaxSize=500&sortColumn=subjectDescription&sortDirection=asc,2026-09-12T17:29:28.5126560+00:00,2026-09-12T17:30:50.7905810+00:00
uncc,202410,Spring 2024 (View Only),CHEM,2131L,20650,M1G,Organic Chemistry Lab I,1.0,1.0,1.0,1,Face-to-Face Instruction,Main Campus or Dubois Campus,24,18,2,0,,,,M 0800-1045 Klein Hall 338 Class,Jacob Horger (primary),,https://selfservice.uncc.edu/StudentRegistrationSsb/ssb/searchResults/searchResults?txt_term=202410&startDatepicker=&endDatepicker=&uniqueSessionId=dg3383f8280407&pageOffset=500&pageMaxSize=500&sortColumn=subjectDescription&sortDirection=asc,2026-09-12T17:29:28.5126560+00:00,2026-09-12T17:30:50.7905810+00:00
uncc,202410,Spring 2024 (View Only),COMM,3880,25616,002,Independent Study,,1.0,3.0,1 TO 3,Face-to-Face Instruction,Main Campus or Dubois Campus,0,1,0,0,,,,none - Class,Carol Leeman (primary),,https://selfservice.uncc.edu/StudentRegistrationSsb/ssb/searchResults/searchResults?txt_term=202410&startDatepicker=&endDatepicker=&uniqueSessionId=dg3383f8280407&pageOffset=1000&pageMaxSize=500&sortColumn=subjectDescription&sortDirection=asc,2026-09-12T17:29:36.6479410+00:00,2026-09-12T17:30:50.7905810+00:00
uncc,202410,Spring 2024 (View Only),CSLG,6110,20825,091,Counseling Techniques,3.0,3.0,3.0,3,Face-to-Face Instruction,Main Campus or Dubois Campus,18,13,0,0,,,,W 1730-2015 Mebane Hall 032 Class,Tabitha Haynes (primary),,https://selfservice.uncc.edu/StudentRegistrationSsb/ssb/searchResults/searchResults?txt_term=202410&startDatepicker=&endDatepicker=&uniqueSessionId=dg3383f8280407&pageOffset=1000&pageMaxSize=500&sortColumn=subjectDescription&sortDirection=asc,2026-09-12T17:29:36.6479410+00:00,2026-09-12T17:30:50.7905810+00:00
uncc,202410,Spring 2024 (View Only),EDCI,8640,25774,091,Readings in Literacy Research,3.0,3.0,3.0,3,Online:  Specific Mtg Times,Main Campus or Dubois Campus,18,8,0,0,39,35,13,T 1730-2015 Online (No Building Needed) INTERNET Class,Meghan Barnes (primary),,https://selfservice.uncc.edu/StudentRegistrationSsb/ssb/searchResults/searchResults?txt_term=202410&startDatepicker=&endDatepicker=&uniqueSessionId=dg3383f8280407&pageOffset=1500&pageMaxSize=500&sortColumn=subjectDescription&sortDirection=asc,2026-09-12T17:29:45.2989740+00:00,2026-09-12T17:30:50.7905810+00:00
uncc,202410,Spring 2024 (View Only),HIST,6002,21223,A90,Colloquium in United States History Since 1865,3.0,3.0,3.0,3,Face-to-Face Instruction,Main Campus or Dubois Campus,18,14,2,0,,,,T 1800-2045 Denny 102 Class,Benny Andres (primary),,https://selfservice.uncc.edu/StudentRegistrationSsb/ssb/searchResults/searchResults?txt_term=202410&startDatepicker=&endDatepicker=&uniqueSessionId=dg3383f8280407&pageOffset=2500&pageMaxSize=500&sortColumn=subjectDescription&sortDirection=asc,2026-09-12T17:30:01.3519260+00:00,2026-09-12T17:30:50.7905810+00:00
uncc,202410,Spring 2024 (View Only),ITIS,5390,26127,081,Interaction Design Studio,3.0,3.0,3.0,3,Online:  No Specific Mtg Times,Distance Education,6,6,1,0,KP,85,86,none - Class,Anusha Reddy (primary),,https://selfservice.uncc.edu/StudentRegistrationSsb/ssb/searchResults/searchResults?txt_term=202410&startDatepicker=&endDatepicker=&uniqueSessionId=dg3383f8280407&pageOffset=4500&pageMaxSize=500&sortColumn=subjectDescription&sortDirection=asc,2026-09-12T17:30:43.2351490+00:00,2026-09-12T17:30:50.7905810+00:00
uncc,202410,Spring 2024 (View Only),LEGL,2131,26305,001,Introduction to Forensic Psychology,3.0,3.0,3.0,3,Hybrid:  F2F & Online (Async),Main Campus or Dubois Campus,15,15,3,0,ED,80,68,TR 1130-1245 Colvard 4123 Class,Brittany Carroll (primary),,https://selfservice.uncc.edu/StudentRegistrationSsb/ssb/searchResults/searchResults?txt_term=202410&startDatepicker=&endDatepicker=&uniqueSessionId=dg3383f8280407&pageOffset=3000&pageMaxSize=500&sortColumn=subjectDescription&sortDirection=asc,2026-09-12T17:30:14.9878030+00:00,2026-09-12T17:30:50.7905810+00:00
uncc,202410,Spring 2024 (View Only),MATH,4109,20592,001,Hist of Mathematical Thought,3.0,3.0,3.0,3,Face-to-Face Instruction,Main Campus or Dubois Campus,90,92,0,0,D8,105,92,TR 1430-1545 Fretwell 100 Class,Desire' Taylor (primary),,https://selfservice.uncc.edu/StudentRegistrationSsb/ssb/searchResults/searchResults?txt_term=202410&startDatepicker=&endDatepicker=&uniqueSessionId=dg3383f8280407&pageOffset=3500&pageMaxSize=500&sortColumn=subjectDescription&sortDirection=asc,2026-09-12T17:30:25.1124590+00:00,2026-09-12T17:30:50.7905810+00:00
uncc,202410,Spring 2024 (View Only),MEGR,8999,20892,I09,Doctoral Dissertation Research,,1.0,9.0,1 TO 9,Face-to-Face Instruction,Main Campus or Dubois Campus,50,7,0,0,,,,none - Class,Terry Xu (primary),,https://selfservice.uncc.edu/StudentRegistrationSsb/ssb/searchResults/searchResults?txt_term=202410&startDatepicker=&endDatepicker=&uniqueSessionId=dg3383f8280407&pageOffset=3500&pageMaxSize=500&sortColumn=subjectDescription&sortDirection=asc,2026-09-12T17:30:25.1124590+00:00,2026-09-12T17:30:50.7905810+00:00
uncc,202410,Spring 2024 (View Only),MUSC,1233,22215,GW1,Class Piano I,1.0,1.0,1.0,1,Face-to-Face Instruction,Main Campus or Dubois Campus,16,14,0,0,,,,TR 1000-1115 Robinson Hall 223 Class,Ginger Wyrick (primary),,https://selfservice.uncc.edu/StudentRegistrationSsb/ssb/searchResults/searchResults?txt_term=202410&startDatepicker=&endDatepicker=&uniqueSessionId=dg3383f8280407&pageOffset=3500&pageMaxSize=500&sortColumn=subjectDescription&sortDirection=asc,2026-09-12T17:30:25.1124590+00:00,2026-09-12T17:30:50.7905810+00:00
uncc,202410,Spring 2024 (View Only),NURS,3430,20063,P03,Pract Illness & Disease Mgmt,3.0,3.0,3.0,3,Face-to-Face Instruction,Main Campus or Dubois Campus,8,8,0,0,,,,W - Class,Cynthia Thomas (primary) ; Amanda Smith,,https://selfservice.uncc.edu/StudentRegistrationSsb/ssb/searchResults/searchResults?txt_term=202410&startDatepicker=&endDatepicker=&uniqueSessionId=dg3383f8280407&pageOffset=4000&pageMaxSize=500&sortColumn=subjectDescription&sortDirection=asc,2026-09-12T17:30:34.2678890+00:00,2026-09-12T17:30:50.7905810+00:00
uncc,202410,Spring 2024 (View Only),RSCH,8110,22077,090,Descriptive & Inferential Stat,3.0,3.0,3.0,3,Online:  No Specific Mtg Times,Main Campus or Dubois Campus,20,16,3,0,YA,25,20,none - Class,Stella Kim (primary),,https://selfservice.uncc.edu/StudentRegistrationSsb/ssb/searchResults/searchResults?txt_term=202410&startDatepicker=&endDatepicker=&uniqueSessionId=dg3383f8280407&pageOffset=1500&pageMaxSize=500&sortColumn=subjectDescription&sortDirection=asc,2026-09-12T17:29:45.2989740+00:00,2026-09-12T17:30:50.7905810+00:00
uncc,202410,Spring 2024 (View Only),WGST,3102,20948,001,Changing Realities of Women's Lives,3.0,3.0,3.0,3,Face-to-Face Instruction,Main Campus or Dubois Campus,35,22,0,0,,,,MWF 1010-1100 Denny 103 Class,Felecia Harris (primary),,https://selfservice.uncc.edu/StudentRegistrationSsb/ssb/searchResults/searchResults?txt_term=202410&startDatepicker=&endDatepicker=&uniqueSessionId=dg3383f8280407&pageOffset=5000&pageMaxSize=500&sortColumn=subjectDescription&sortDirection=asc,2026-09-12T17:30:50.7103140+00:00,2026-09-12T17:30:50.7905810+00:00
uncc,202410,Spring 2024 (View Only),WGST,4050,27343,091,Topics in Women's Studies: God and Sex in Hebrew Scripture/Old Testament,,1.0,3.0,1 TO 3,Face-to-Face Instruction,Main Campus or Dubois Campus,5,2,0,0,EK,35,18,T 1730-2015 Macy 206 Class,Barbara Thiede (primary),,https://selfservice.uncc.edu/StudentRegistrationSsb/ssb/searchResults/searchResults?txt_term=202410&startDatepicker=&endDatepicker=&uniqueSessionId=dg3383f8280407&pageOffset=5000&pageMaxSize=500&sortColumn=subjectDescription&sortDirection=asc,2026-09-12T17:30:50.7103140+00:00,2026-09-12T17:30:50.7905810+00:00
uncc,202460,Summer 2024 (View Only),CHNS,1201L,31769,L80,Elementary Chinese I Lab,1.0,1.0,1.0,1,Online:  No Specific Mtg Times,Main Campus or Dubois Campus,28,12,0,0,,,,none - Class,Xiaohong Hu Mueller (primary),,https://selfservice.uncc.edu/StudentRegistrationSsb/ssb/searchResults/searchResults?txt_term=202460&startDatepicker=&endDatepicker=&uniqueSessionId=dg299235557d5d&pageOffset=0&pageMaxSize=500&sortColumn=subjectDescription&sortDirection=asc,2026-09-12T17:28:47.2880160+00:00,2026-09-12T17:29:07.0343440+00:00
uncc,202460,Summer 2024 (View Only),CJUS,2361,30350,080,Juvenile Justice,3.0,3.0,3.0,3,Online:  No Specific Mtg Times,Main Campus or Dubois Campus,25,24,3,0,,,,none - Class,Maisha Cooper (primary),,https://selfservice.uncc.edu/StudentRegistrationSsb/ssb/searchResults/searchResults?txt_term=202460&startDatepicker=&endDatepicker=&uniqueSessionId=dg299235557d5d&pageOffset=500&pageMaxSize=500&sortColumn=subjectDescription&sortDirection=asc,2026-09-12T17:28:54.2176810+00:00,2026-09-12T17:29:07.0343440+00:00
uncc,202460,Summer 2024 (View Only),COMM,3050,31617,083,Topics in Comm Studies: Communication and Organizational Membership,,1.0,3.0,1 TO 3,Online:  No Specific Mtg Times,Main Campus or Dubois Campus,25,25,2,0,,,,none - Class,Camille Endacott Meppelink (primary),,https://selfservice.uncc.edu/StudentRegistrationSsb/ssb/searchResults/searchResults?txt_term=202460&startDatepicker=&endDatepicker=&uniqueSessionId=dg299235557d5d&pageOffset=0&pageMaxSize=500&sortColumn=subjectDescription&sortDirection=asc,2026-09-12T17:28:47.2880160+00:00,2026-09-12T17:29:07.0343440+00:00
uncc,202460,Summer 2024 (View Only),CTCM,2530,32088,48L,Critical Thinking (LACS),3.0,3.0,3.0,3,Online:  No Specific Mtg Times,Main Campus or Dubois Campus,30,19,0,0,,,,none - Class,David Dalton (primary),,https://selfservice.uncc.edu/StudentRegistrationSsb/ssb/searchResults/searchResults?txt_term=202460&startDatepicker=&endDatepicker=&uniqueSessionId=dg299235557d5d&pageOffset=500&pageMaxSize=500&sortColumn=subjectDescription&sortDirection=asc,2026-09-12T17:28:54.2176810+00:00,2026-09-12T17:29:07.0343440+00:00
uncc,202460,Summer 2024 (View Only),ECON,2101,30152,001,Principles of Economics-Macro,3.0,3.0,3.0,3,Face-to-Face Instruction,Main Campus or Dubois Campus,45,16,3,0,,,,MTWRF 0930-1100 Friday 132 Class,Fustel Mwamba Ngalula (primary),,https://selfservice.uncc.edu/StudentRegistrationSsb/ssb/searchResults/searchResults?txt_term=202460&startDatepicker=&endDatepicker=&uniqueSessionId=dg299235557d5d&pageOffset=500&pageMaxSize=500&sortColumn=subjectDescription&sortDirection=asc,2026-09-12T17:28:54.2176810+00:00,2026-09-12T17:29:07.0343440+00:00
uncc,202460,Summer 2024 (View Only),ENGL,1512,32171,D81,Local Arts/Humanities: Growing up Southern,3.0,3.0,3.0,3,Online:  No Specific Mtg Times,Main Campus or Dubois Campus,28,28,2,0,,,,none - Class,Paula Eckard (primary),,https://selfservice.uncc.edu/StudentRegistrationSsb/ssb/searchResults/searchResults?txt_term=202460&startDatepicker=&endDatepicker=&uniqueSessionId=dg299235557d5d&pageOffset=500&pageMaxSize=500&sortColumn=subjectDescription&sortDirection=asc,2026-09-12T17:28:54.2176810+00:00,2026-09-12T17:29:07.0343440+00:00
uncc,202480,Fall 2024 (View Only),AFRS,2170,11855,001,Introduction to Health and Environmental Issues,3.0,3.0,3.0,3,Hybrid:  F2F & Online (Async),Main Campus or Dubois Campus,25,24,0,0,E6,30,29,MWF 0905-0955 McEniry 116 Class,Debra Smith (primary),,https://selfservice.uncc.edu/StudentRegistrationSsb/ssb/searchResults/searchResults?txt_term=202480&startDatepicker=&endDatepicker=&uniqueSessionId=dgd158a399c272&pageOffset=0&pageMaxSize=500&sortColumn=subjectDescription&sortDirection=asc,2026-09-12T17:27:06.1635630+00:00,2026-09-12T17:28:35.8223830+00:00
uncc,202480,Fall 2024 (View Only),BIOL,2120L,13959,L09,General Biology I Laboratory: General Biology I Laboratory,1.0,1.0,1.0,1,Face-to-Face Instruction,Main Campus or Dubois Campus,24,24,3,0,,,,W 1115-1400 Klein Hall 131 Class,Ellen Wisner (primary),,https://selfservice.uncc.edu/StudentRegistrationSsb/ssb/searchResults/searchResults?txt_term=202480&startDatepicker=&endDatepicker=&uniqueSessionId=dgd158a399c272&pageOffset=500&pageMaxSize=500&sortColumn=subjectDescription&sortDirection=asc,2026-09-12T17:27:14.0715840+00:00,2026-09-12T17:28:35.8223830+00:00
uncc,202480,Fall 2024 (View Only),BIOL,2130L,16118,L11,General Biology II Laboratory: General Biology II Laboratory,1.0,1.0,1.0,1,Face-to-Face Instruction,Main Campus or Dubois Campus,24,21,3,0,,,,R 1130-1415 Klein Hall 133 Class,Tuan Cao (primary),,https://selfservice.uncc.edu/StudentRegistrationSsb/ssb/searchResults/searchResults?txt_term=202480&startDatepicker=&endDatepicker=&uniqueSessionId=dgd158a399c272&pageOffset=500&pageMaxSize=500&sortColumn=subjectDescription&sortDirection=asc,2026-09-12T17:27:14.0715840+00:00,2026-09-12T17:28:35.8223830+00:00
uncc,202480,Fall 2024 (View Only),BIOL,3144L,10734,L01,Ecology Lab,1.0,1.0,1.0,1,Face-to-Face Instruction,Main Campus or Dubois Campus,24,23,3,0,,,,M 1430-1715 Woodward Hall 272 Class,Jane Walsh (primary),,https://selfservice.uncc.edu/StudentRegistrationSsb/ssb/searchResults/searchResults?txt_term=202480&startDatepicker=&endDatepicker=&uniqueSessionId=dgd158a399c272&pageOffset=500&pageMaxSize=500&sortColumn=subjectDescription&sortDirection=asc,2026-09-12T17:27:14.0715840+00:00,2026-09-12T17:28:35.8223830+00:00
uncc,202480,Fall 2024 (View Only),CHFD,3416,10896,001,Internship 2: Child and Family Development,3.0,3.0,3.0,3,Hybrid:  F2F & Online (Async),Main Campus or Dubois Campus,28,9,0,0,,,,R 1430-1715 Class,Kristi Godfrey-Hurrell (primary),,https://selfservice.uncc.edu/StudentRegistrationSsb/ssb/searchResults/searchResults?txt_term=202480&startDatepicker=&endDatepicker=&uniqueSessionId=dgd158a399c272&pageOffset=500&pageMaxSize=500&sortColumn=subjectDescription&sortDirection=asc,2026-09-12T17:27:14.0715840+00:00,2026-09-12T17:28:35.8223830+00:00
uncc,202480,Fall 2024 (View Only),COMM,2100,11114,001,Intro to Comm Theory,3.0,3.0,3.0,3,Face-to-Face Instruction,Main Campus or Dubois Campus,25,24,2,0,B5,150,146,MW 1115-1205 Fretwell 113 Class ; M 1220-1310 Denny 105 Class,Erin Basinger (primary),,https://selfservice.uncc.edu/StudentRegistrationSsb/ssb/searchResults/searchResults?txt_term=202480&startDatepicker=&endDatepicker=&uniqueSessionId=dgd158a399c272&pageOffset=1000&pageMaxSize=500&sortColumn=subjectDescription&sortDirection=asc,2026-09-12T17:27:23.0365440+00:00,2026-09-12T17:28:35.8223830+00:00
uncc,202480,Fall 2024 (View Only),CSLG,8681,13637,090,Grief & Loss Counseling,3.0,3.0,3.0,3,Face-to-Face Instruction,Main Campus or Dubois Campus,1,1,0,0,ZD,21,21,R 1730-2015 Mebane Hall 202 Class,Susan Furr (primary),,https://selfservice.uncc.edu/StudentRegistrationSsb/ssb/searchResults/searchResults?txt_term=202480&startDatepicker=&endDatepicker=&uniqueSessionId=dgd158a399c272&pageOffset=1500&pageMaxSize=500&sortColumn=subjectDescription&sortDirection=asc,2026-09-12T17:27:32.0087640+00:00,2026-09-12T17:28:35.8223830+00:00
uncc,202480,Fall 2024 (View Only),EXER,2333,13401,001,Baseball Through History and Playing I (1800s-1947),3.0,3.0,3.0,3,Face-to-Face Instruction,Main Campus or Dubois Campus,48,48,0,0,,,,TR 1000-1115 College of Health & Human Serv 159 Class,Jeff Barto (primary),,https://selfservice.uncc.edu/StudentRegistrationSsb/ssb/searchResults/searchResults?txt_term=202480&startDatepicker=&endDatepicker=&uniqueSessionId=dgd158a399c272&pageOffset=2000&pageMaxSize=500&sortColumn=subjectDescription&sortDirection=asc,2026-09-12T17:27:40.1115560+00:00,2026-09-12T17:28:35.8223830+00:00
uncc,202480,Fall 2024 (View Only),FRAN,3003,16967,001,Adv Topics in Francophone Stu: West African Art History,3.0,3.0,3.0,3,Face-to-Face Instruction,Main Campus or Dubois Campus,1,1,1,0,IZ,24,16,TR 1130-1245 Rowe 290 Class,Lisa Homann (primary),,https://selfservice.uncc.edu/StudentRegistrationSsb/ssb/searchResults/searchResults?txt_term=202480&startDatepicker=&endDatepicker=&uniqueSessionId=dgd158a399c272&pageOffset=2000&pageMaxSize=500&sortColumn=subjectDescription&sortDirection=asc,2026-09-12T17:27:40.1115560+00:00,2026-09-12T17:28:35.8223830+00:00
uncc,202480,Fall 2024 (View Only),GERM,1201,13076,004,Elementary German I,3.0,3.0,3.0,3,Face-to-Face Instruction,Main Campus or Dubois Campus,28,26,0,0,,,,MWF 1220-1310 Mebane Hall 169 Class,Susanne Gomoluch (primary) ; Annalena Boeke,,https://selfservice.uncc.edu/StudentRegistrationSsb/ssb/searchResults/searchResults?txt_term=202480&startDatepicker=&endDatepicker=&uniqueSessionId=dgd158a399c272&pageOffset=2500&pageMaxSize=500&sortColumn=subjectDescription&sortDirection=asc,2026-09-12T17:27:48.9543610+00:00,2026-09-12T17:28:35.8223830+00:00
uncc,202480,Fall 2024 (View Only),HPSY,8102,17021,001,Rsch Method in Behav Sci,3.0,3.0,3.0,3,Face-to-Face Instruction,Main Campus or Dubois Campus,10,5,0,0,,,,W 1000-1245 Colvard 4014 Class,Laura Armstrong (primary),,https://selfservice.uncc.edu/StudentRegistrationSsb/ssb/searchResults/searchResults?txt_term=202480&startDatepicker=&endDatepicker=&uniqueSessionId=dgd158a399c272&pageOffset=2500&pageMaxSize=500&sortColumn=subjectDescription&sortDirection=asc,2026-09-12T17:27:48.9543610+00:00,2026-09-12T17:28:35.8223830+00:00
uncc,202480,Fall 2024 (View Only),ITSC,1213,12245,008,Introduction to Computer Science II,4.0,4.0,4.0,4,Hybrid:  F2F & Online (Sync),Main Campus or Dubois Campus,48,46,5,0,M5,240,227,M 1430-1545 Online (No Building Needed) INTERNET Class ; TR 1900-2015 Cone University Center 175 Class,Adam Whaley (primary),,https://selfservice.uncc.edu/StudentRegistrationSsb/ssb/searchResults/searchResults?txt_term=202480&startDatepicker=&endDatepicker=&uniqueSessionId=dgd158a399c272&pageOffset=1000&pageMaxSize=500&sortColumn=subjectDescription&sortDirection=asc,2026-09-12T17:27:23.0365440+00:00,2026-09-12T17:28:35.8223830+00:00
uncc,202480,Fall 2024 (View Only),ITSC,4990,17720,012,Undergraduate Research,3.0,3.0,3.0,3,Face-to-Face Instruction,Main Campus or Dubois Campus,0,1,0,0,,,,none - Class,Tyler Allen (primary),,https://selfservice.uncc.edu/StudentRegistrationSsb/ssb/searchResults/searchResults?txt_term=202480&startDatepicker=&endDatepicker=&uniqueSessionId=dgd158a399c272&pageOffset=1000&pageMaxSize=500&sortColumn=subjectDescription&sortDirection=asc,2026-09-12T17:27:23.0365440+00:00,2026-09-12T17:28:35.8223830+00:00
uncc,202480,Fall 2024 (View Only),ITSC,8110,12352,001,Introduction to Computing and Information Systems Research,3.0,3.0,3.0,3,Face-to-Face Instruction,Main Campus or Dubois Campus,60,23,6,0,,,,M 1730-2015 Bioinformatics 105 Class,William Tolone (primary),,https://selfservice.uncc.edu/StudentRegistrationSsb/ssb/searchResults/searchResults?txt_term=202480&startDatepicker=&endDatepicker=&uniqueSessionId=dgd158a399c272&pageOffset=1000&pageMaxSize=500&sortColumn=subjectDescription&sortDirection=asc,2026-09-12T17:27:23.0365440+00:00,2026-09-12T17:28:35.8223830+00:00
uncc,202480,Fall 2024 (View Only),MATH,1103,10526,005,Precalculus Mathematics for Science and Engineering,3.0,3.0,3.0,3,Face-to-Face Instruction,Main Campus or Dubois Campus,75,68,0,0,,,,MWF 1325-1415 Colvard 1040 Class,Anna Athanasopoulou (primary),,https://selfservice.uncc.edu/StudentRegistrationSsb/ssb/searchResults/searchResults?txt_term=202480&startDatepicker=&endDatepicker=&uniqueSessionId=dgd158a399c272&pageOffset=3000&pageMaxSize=500&sortColumn=subjectDescription&sortDirection=asc,2026-09-12T17:27:58.7062430+00:00,2026-09-12T17:28:35.8223830+00:00
uncc,202480,Fall 2024 (View Only),MBAD,6122,11348,U90,Decision Modeling and Analysis,,0.0,3.0,0 TO 3,Face-to-Face Instruction,Main Campus or Dubois Campus,17,7,2,0,YF,47,34,"M 1730-2015 Dubois Center, The (Uptown) 501 Class",Xiuli He (primary),,https://selfservice.uncc.edu/StudentRegistrationSsb/ssb/searchResults/searchResults?txt_term=202480&startDatepicker=&endDatepicker=&uniqueSessionId=dgd158a399c272&pageOffset=3000&pageMaxSize=500&sortColumn=subjectDescription&sortDirection=asc,2026-09-12T17:27:58.7062430+00:00,2026-09-12T17:28:35.8223830+00:00
uncc,202480,Fall 2024 (View Only),MEGR,8090,13060,001,Topics in Mechanical Engineer: Materials Modelling at Atomistic Scale,3.0,3.0,3.0,3,Face-to-Face Instruction,Main Campus or Dubois Campus,12,7,0,0,ES,20,8,MWF 0905-0955 Duke Centennial Hall 259 Class,Qiang Zhu (primary),,https://selfservice.uncc.edu/StudentRegistrationSsb/ssb/searchResults/searchResults?txt_term=202480&startDatepicker=&endDatepicker=&uniqueSessionId=dgd158a399c272&pageOffset=3500&pageMaxSize=500&sortColumn=subjectDescription&sortDirection=asc,2026-09-12T17:28:07.4989930+00:00,2026-09-12T17:28:35.8223830+00:00
uncc,202480,Fall 2024 (View Only),MEGR,8999,10533,C03,Doctoral Dissertation Research,,1.0,9.0,1 TO 9,Face-to-Face Instruction,Main Campus or Dubois Campus,50,21,0,0,,,,none - Class,Terry Xu (primary),,https://selfservice.uncc.edu/StudentRegistrationSsb/ssb/searchResults/searchResults?txt_term=202480&startDatepicker=&endDatepicker=&uniqueSessionId=dgd158a399c272&pageOffset=3500&pageMaxSize=500&sortColumn=subjectDescription&sortDirection=asc,2026-09-12T17:28:07.4989930+00:00,2026-09-12T17:28:35.8223830+00:00
uncc,202480,Fall 2024 (View Only),PHIL,2105,10423,001,Deductive Logic,3.0,3.0,3.0,3,Face-to-Face Instruction,Main Campus or Dubois Campus,30,30,3,0,80,35,35,MWF 1010-1100 Colvard 4123 Class,Tina Talsma (primary),,https://selfservice.uncc.edu/StudentRegistrationSsb/ssb/searchResults/searchResults?txt_term=202480&startDatepicker=&endDatepicker=&uniqueSessionId=dgd158a399c272&pageOffset=4000&pageMaxSize=500&sortColumn=subjectDescription&sortDirection=asc,2026-09-12T17:28:16.8597630+00:00,2026-09-12T17:28:35.8223830+00:00
uncc,202480,Fall 2024 (View Only),SOCY,1511,17073,050,Local Social Science: Sociological Approaches to Local Issues,3.0,3.0,3.0,3,Face-to-Face Instruction,Main Campus or Dubois Campus,60,59,6,0,,,,MW 1035-1150 Denny 111 Class,Sean Langley (primary),,https://selfservice.uncc.edu/StudentRegistrationSsb/ssb/searchResults/searchResults?txt_term=202480&startDatepicker=&endDatepicker=&uniqueSessionId=dgd158a399c272&pageOffset=4500&pageMaxSize=500&sortColumn=subjectDescription&sortDirection=asc,2026-09-12T17:28:26.0331820+00:00,2026-09-12T17:28:35.8223830+00:00
uncc,202480,Fall 2024 (View Only),SOWK,3180,12405,001,Case Management,3.0,3.0,3.0,3,Face-to-Face Instruction,Main Campus or Dubois Campus,25,25,0,0,,,,TR 1000-1115 College of Health & Human Serv 132 Class,Kevin Edwards-Knight (primary),,https://selfservice.uncc.edu/StudentRegistrationSsb/ssb/searchResults/searchResults?txt_term=202480&startDatepicker=&endDatepicker=&uniqueSessionId=dgd158a399c272&pageOffset=4500&pageMaxSize=500&sortColumn=subjectDescription&sortDirection=asc,2026-09-12T17:28:26.0331820+00:00,2026-09-12T17:28:35.8223830+00:00
uncc,202480,Fall 2024 (View Only),SOWK,6441,16937,082,Social Work Practicum I,3.0,3.0,3.0,3,Online:  Specific Mtg Times,Distance Education,16,8,0,0,,,,S 1030-1230 Online (No Building Needed) INTERNET Class ; S 1030-1230 Online (No Building Needed) INTERNET Class ; S 1030-1230 Online (No Building Needed) INTERNET Class ; S 1030-1230 Online (No Building Needed) INTERNET Class,Shante' Vines (primary),,https://selfservice.uncc.edu/StudentRegistrationSsb/ssb/searchResults/searchResults?txt_term=202480&startDatepicker=&endDatepicker=&uniqueSessionId=dgd158a399c272&pageOffset=4500&pageMaxSize=500&sortColumn=subjectDescription&sortDirection=asc,2026-09-12T17:28:26.0331820+00:00,2026-09-12T17:28:35.8223830+00:00
uncc,202480,Fall 2024 (View Only),SPAN,1101,16105,013,Elementary Spanish I,3.0,3.0,3.0,3,Face-to-Face Instruction,Main Campus or Dubois Campus,28,27,2,0,,,,TR 1000-1115 Denny 216 Class,Svanny Wong (primary),,https://selfservice.uncc.edu/StudentRegistrationSsb/ssb/searchResults/searchResults?txt_term=202480&startDatepicker=&endDatepicker=&uniqueSessionId=dgd158a399c272&pageOffset=4500&pageMaxSize=500&sortColumn=subjectDescription&sortDirection=asc,2026-09-12T17:28:26.0331820+00:00,2026-09-12T17:28:35.8223830+00:00
uncc,202480,Fall 2024 (View Only),WRDS,1103,13818,015,Writing and Inquiry in Academic Contexts I and II,3.0,3.0,3.0,3,Online:  No Specific Mtg Times,Main Campus or Dubois Campus,22,19,2,0,,,,none - Class,Ashlyn Walden (primary),,https://selfservice.uncc.edu/StudentRegistrationSsb/ssb/searchResults/searchResults?txt_term=202480&startDatepicker=&endDatepicker=&uniqueSessionId=dgd158a399c272&pageOffset=5000&pageMaxSize=500&sortColumn=subjectDescription&sortDirection=asc,2026-09-12T17:28:35.7615750+00:00,2026-09-12T17:28:35.8223830+00:00
uncc,202510,Spring 2025 (View Only),ACCT,2121,20797,003,Principles of ACCT I,3.0,3.0,3.0,3,Face-to-Face Instruction,Main Campus or Dubois Campus,125,96,12,0,,,,MW 1600-1715 Burson 121 Class,Steven Kanczewski (primary),,https://selfservice.uncc.edu/StudentRegistrationSsb/ssb/searchResults/searchResults?txt_term=202510&startDatepicker=&endDatepicker=&uniqueSessionId=dg33f09d590aa4&pageOffset=0&pageMaxSize=500&sortColumn=subjectDescription&sortDirection=asc,2026-09-12T17:25:24.3148830+00:00,2026-09-12T17:26:53.5420530+00:00
uncc,202510,Spring 2025 (View Only),BINF,8990,21945,002,Pre-Dissertation Research,,1.0,9.0,1 TO 9,Face-to-Face Instruction,Main Campus or Dubois Campus,10,2,0,0,,,,none - Class,Jessica Roseberry (primary),,https://selfservice.uncc.edu/StudentRegistrationSsb/ssb/searchResults/searchResults?txt_term=202510&startDatepicker=&endDatepicker=&uniqueSessionId=dg33f09d590aa4&pageOffset=0&pageMaxSize=500&sortColumn=subjectDescription&sortDirection=asc,2026-09-12T17:25:24.3148830+00:00,2026-09-12T17:26:53.5420530+00:00
uncc,202510,Spring 2025 (View Only),BIOL,1110,22192,005,Principles of Biology I,3.0,3.0,3.0,3,Online:  No Specific Mtg Times,Main Campus or Dubois Campus,135,134,0,0,,,,none - Class,Sara Kabir (primary),,https://selfservice.uncc.edu/StudentRegistrationSsb/ssb/searchResults/searchResults?txt_term=202510&startDatepicker=&endDatepicker=&uniqueSessionId=dg33f09d590aa4&pageOffset=0&pageMaxSize=500&sortColumn=subjectDescription&sortDirection=asc,2026-09-12T17:25:24.3148830+00:00,2026-09-12T17:26:53.5420530+00:00
uncc,202510,Spring 2025 (View Only),BIOL,3273,21708,001,Animal Physiology,3.0,3.0,3.0,3,Online:  Specific Mtg Times,Main Campus or Dubois Campus,85,84,10,0,,,,MW 1600-1715 Online (No Building Needed) INTERNET Class,Junya Tomida (primary),,https://selfservice.uncc.edu/StudentRegistrationSsb/ssb/searchResults/searchResults?txt_term=202510&startDatepicker=&endDatepicker=&uniqueSessionId=dg33f09d590aa4&pageOffset=500&pageMaxSize=500&sortColumn=subjectDescription&sortDirection=asc,2026-09-12T17:25:32.1035970+00:00,2026-09-12T17:26:53.5420530+00:00
uncc,202510,Spring 2025 (View Only),CSLG,6111,21856,001,Adv Counseling Techniques,3.0,3.0,3.0,3,Face-to-Face Instruction,Main Campus or Dubois Campus,18,11,0,0,,,,M 1430-1715 Mebane Hall 108 Class,John Nance (primary),,https://selfservice.uncc.edu/StudentRegistrationSsb/ssb/searchResults/searchResults?txt_term=202510&startDatepicker=&endDatepicker=&uniqueSessionId=dg33f09d590aa4&pageOffset=1000&pageMaxSize=500&sortColumn=subjectDescription&sortDirection=asc,2026-09-12T17:25:41.7966510+00:00,2026-09-12T17:26:53.5420530+00:00
uncc,202510,Spring 2025 (View Only),DANC,2403,27495,001,Dancing for Choreographers,1.0,1.0,1.0,1,Face-to-Face Instruction,Main Campus or Dubois Campus,25,17,0,0,,,,none - Class,Gretchen Alterowitz (primary),,https://selfservice.uncc.edu/StudentRegistrationSsb/ssb/searchResults/searchResults?txt_term=202510&startDatepicker=&endDatepicker=&uniqueSessionId=dg33f09d590aa4&pageOffset=1500&pageMaxSize=500&sortColumn=subjectDescription&sortDirection=asc,2026-09-12T17:25:52.2454930+00:00,2026-09-12T17:26:53.5420530+00:00
uncc,202510,Spring 2025 (View Only),ESCI,4600,22167,002,Earth and Environmental Sciences Professional Seminar,1.0,1.0,1.0,1,Face-to-Face Instruction,Main Campus or Dubois Campus,12,12,1,0,,,,W 1220-1310 McEniry 201 Class,Matthew Eastin (primary),,https://selfservice.uncc.edu/StudentRegistrationSsb/ssb/searchResults/searchResults?txt_term=202510&startDatepicker=&endDatepicker=&uniqueSessionId=dg33f09d590aa4&pageOffset=1500&pageMaxSize=500&sortColumn=subjectDescription&sortDirection=asc,2026-09-12T17:25:52.2454930+00:00,2026-09-12T17:26:53.5420530+00:00
uncc,202510,Spring 2025 (View Only),ETEL,2271,24352,001,Digital Fundamentals,3.0,3.0,3.0,3,Face-to-Face Instruction,Main Campus or Dubois Campus,27,27,2,0,,,,TR 1430-1545 Smith 328 Class,Austin Fifield (primary),,https://selfservice.uncc.edu/StudentRegistrationSsb/ssb/searchResults/searchResults?txt_term=202510&startDatepicker=&endDatepicker=&uniqueSessionId=dg33f09d590aa4&pageOffset=1500&pageMaxSize=500&sortColumn=subjectDescription&sortDirection=asc,2026-09-12T17:25:52.2454930+00:00,2026-09-12T17:26:53.5420530+00:00
uncc,202510,Spring 2025 (View Only),ITLN,3225,22919,001,Spring Break,3.0,3.0,3.0,3,Online:  No Specific Mtg Times,Main Campus or Dubois Campus,12,13,2,0,,,,none - Class,Daniela Dal Pra (primary),,https://selfservice.uncc.edu/StudentRegistrationSsb/ssb/searchResults/searchResults?txt_term=202510&startDatepicker=&endDatepicker=&uniqueSessionId=dg33f09d590aa4&pageOffset=2500&pageMaxSize=500&sortColumn=subjectDescription&sortDirection=asc,2026-09-12T17:26:09.5315860+00:00,2026-09-12T17:26:53.5420530+00:00
uncc,202510,Spring 2025 (View Only),ITSC,4850,27505,008,Senior Project I,3.0,3.0,3.0,3,Face-to-Face Instruction,Main Campus or Dubois Campus,0,1,0,0,,,,none - Class,Yaorong Ge (primary),,https://selfservice.uncc.edu/StudentRegistrationSsb/ssb/searchResults/searchResults?txt_term=202510&startDatepicker=&endDatepicker=&uniqueSessionId=dg33f09d590aa4&pageOffset=1000&pageMaxSize=500&sortColumn=subjectDescription&sortDirection=asc,2026-09-12T17:25:41.7966510+00:00,2026-09-12T17:26:53.5420530+00:00
uncc,202510,Spring 2025 (View Only),KNES,6900,24970,004,Rsrch & Thesis in Kinesiology,3.0,3.0,3.0,3,Face-to-Face Instruction,Main Campus or Dubois Campus,1,1,0,0,,,,none - Class,Abbey Fenwick (primary),,https://selfservice.uncc.edu/StudentRegistrationSsb/ssb/searchResults/searchResults?txt_term=202510&startDatepicker=&endDatepicker=&uniqueSessionId=dg33f09d590aa4&pageOffset=3000&pageMaxSize=500&sortColumn=subjectDescription&sortDirection=asc,2026-09-12T17:26:18.6289890+00:00,2026-09-12T17:26:53.5420530+00:00
uncc,202510,Spring 2025 (View Only),MEGR,3285,23479,001,Precision Senior Design I,2.0,2.0,2.0,2,Hybrid:  F2F & Online (Async),Main Campus or Dubois Campus,10,1,0,0,02,270,153,WF 0800-0955 Class ; R 1900-2145 Class,Christoph Kossack (primary) ; Meg Harkins,,https://selfservice.uncc.edu/StudentRegistrationSsb/ssb/searchResults/searchResults?txt_term=202510&startDatepicker=&endDatepicker=&uniqueSessionId=dg33f09d590aa4&pageOffset=3500&pageMaxSize=500&sortColumn=subjectDescription&sortDirection=asc,2026-09-12T17:26:27.1037260+00:00,2026-09-12T17:26:53.5420530+00:00
uncc,202510,Spring 2025 (View Only),MUED,4467,22117,JW1,Student Teaching/Seminar: K-12 Music,12.0,12.0,12.0,12,Face-to-Face Instruction,Main Campus or Dubois Campus,5,3,0,0,,,,none - Class,Kevin Herriman (primary),,https://selfservice.uncc.edu/StudentRegistrationSsb/ssb/searchResults/searchResults?txt_term=202510&startDatepicker=&endDatepicker=&uniqueSessionId=dg33f09d590aa4&pageOffset=3500&pageMaxSize=500&sortColumn=subjectDescription&sortDirection=asc,2026-09-12T17:26:27.1037260+00:00,2026-09-12T17:26:53.5420530+00:00
uncc,202510,Spring 2025 (View Only),OPER,3100,21515,H01,Operations Management,3.0,3.0,3.0,3,Face-to-Face Instruction,Main Campus or Dubois Campus,35,31,0,0,,,,TR 0830-0945 Friday 385 Class,Alan Turovlin (primary),,https://selfservice.uncc.edu/StudentRegistrationSsb/ssb/searchResults/searchResults?txt_term=202510&startDatepicker=&endDatepicker=&uniqueSessionId=dg33f09d590aa4&pageOffset=4000&pageMaxSize=500&sortColumn=subjectDescription&sortDirection=asc,2026-09-12T17:26:35.9691640+00:00,2026-09-12T17:26:53.5420530+00:00
uncc,202510,Spring 2025 (View Only),POLS,3121,20971,001,Urban Politics & Policy,3.0,3.0,3.0,3,Online:  Specific Mtg Times,Main Campus or Dubois Campus,42,35,0,0,,,,MW 1600-1715 Online (No Building Needed) INTERNET Class,Wilbur Rich (primary),,https://selfservice.uncc.edu/StudentRegistrationSsb/ssb/searchResults/searchResults?txt_term=202510&startDatepicker=&endDatepicker=&uniqueSessionId=dg33f09d590aa4&pageOffset=4000&pageMaxSize=500&sortColumn=subjectDescription&sortDirection=asc,2026-09-12T17:26:35.9691640+00:00,2026-09-12T17:26:53.5420530+00:00
uncc,202560,Summer 2025 (View Only),AMST,3090,32011,081,Topics in American Film: Film & Masculinity,3.0,3.0,3.0,3,Online:  No Specific Mtg Times,Main Campus or Dubois Campus,10,7,0,0,39,35,19,none - Class,Nicholas Canada (primary),,https://selfservice.uncc.edu/StudentRegistrationSsb/ssb/searchResults/searchResults?txt_term=202560&startDatepicker=&endDatepicker=&uniqueSessionId=dg97056c60bdd9&pageOffset=0&pageMaxSize=500&sortColumn=subjectDescription&sortDirection=asc,2026-09-12T17:24:48.7278110+00:00,2026-09-12T17:25:11.3827160+00:00
uncc,202560,Summer 2025 (View Only),ARTH,3001,32585,EA1,Topics in Art History,,1.0,3.0,1 TO 3,Study Abroad,Main Campus or Dubois Campus,0,3,0,0,,,,none - Class,,,https://selfservice.uncc.edu/StudentRegistrationSsb/ssb/searchResults/searchResults?txt_term=202560&startDatepicker=&endDatepicker=&uniqueSessionId=dg97056c60bdd9&pageOffset=0&pageMaxSize=500&sortColumn=subjectDescription&sortDirection=asc,2026-09-12T17:24:48.7278110+00:00,2026-09-12T17:25:11.3827160+00:00
uncc,202560,Summer 2025 (View Only),BIOL,6900,30828,B80,Research and Thesis,,1.0,8.0,1 TO 8,Online:  No Specific Mtg Times,Main Campus or Dubois Campus,10,0,0,0,,,,none - Class,Didier Dreau (primary),,https://selfservice.uncc.edu/StudentRegistrationSsb/ssb/searchResults/searchResults?txt_term=202560&startDatepicker=&endDatepicker=&uniqueSessionId=dg97056c60bdd9&pageOffset=0&pageMaxSize=500&sortColumn=subjectDescription&sortDirection=asc,2026-09-12T17:24:48.7278110+00:00,2026-09-12T17:25:11.3827160+00:00
uncc,202560,Summer 2025 (View Only),ELED,3223,30601,580,Teaching Social Studies and Diversity,3.0,3.0,3.0,3,Online:  No Specific Mtg Times,Distance Education,20,12,4,0,,,,none - Class,Amy Good (primary),,https://selfservice.uncc.edu/StudentRegistrationSsb/ssb/searchResults/searchResults?txt_term=202560&startDatepicker=&endDatepicker=&uniqueSessionId=dg97056c60bdd9&pageOffset=500&pageMaxSize=500&sortColumn=subjectDescription&sortDirection=asc,2026-09-12T17:24:55.4711930+00:00,2026-09-12T17:25:11.3827160+00:00
uncc,202560,Summer 2025 (View Only),FREN,1202,31878,080,Elementary French II,3.0,3.0,3.0,3,Online:  Specific Mtg Times,Main Campus or Dubois Campus,33,15,0,0,,,,MTWR 1000-1200 Online (No Building Needed) INTERNET Class,Mary LaMarca (primary),,https://selfservice.uncc.edu/StudentRegistrationSsb/ssb/searchResults/searchResults?txt_term=202560&startDatepicker=&endDatepicker=&uniqueSessionId=dg97056c60bdd9&pageOffset=500&pageMaxSize=500&sortColumn=subjectDescription&sortDirection=asc,2026-09-12T17:24:55.4711930+00:00,2026-09-12T17:25:11.3827160+00:00
uncc,202560,Summer 2025 (View Only),SOCY,4480,30924,080,Internship in Sociology,,3.0,6.0,3 TO 6,Online:  No Specific Mtg Times,Main Campus or Dubois Campus,5,0,0,0,,,,none - Class,Victoria Rankin (primary),,https://selfservice.uncc.edu/StudentRegistrationSsb/ssb/searchResults/searchResults?txt_term=202560&startDatepicker=&endDatepicker=&uniqueSessionId=dg97056c60bdd9&pageOffset=1500&pageMaxSize=500&sortColumn=subjectDescription&sortDirection=asc,2026-09-12T17:25:11.3195780+00:00,2026-09-12T17:25:11.3827160+00:00
uncc,202560,Summer 2025 (View Only),STAT,1220,32294,781,Elements of Stat I (BUSN),3.0,3.0,3.0,3,Online:  No Specific Mtg Times,Distance Education,15,14,0,0,D1,50,45,none - Class,Said Shehab (primary),,https://selfservice.uncc.edu/StudentRegistrationSsb/ssb/searchResults/searchResults?txt_term=202560&startDatepicker=&endDatepicker=&uniqueSessionId=dg97056c60bdd9&pageOffset=1500&pageMaxSize=500&sortColumn=subjectDescription&sortDirection=asc,2026-09-12T17:25:11.3195780+00:00,2026-09-12T17:25:11.3827160+00:00
uncc,202560,Summer 2025 (View Only),UCOL,3410,32560,EA2,Career Development Internship,,1.0,3.0,1 TO 3,Study Abroad,Main Campus or Dubois Campus,0,2,0,0,,,,none - Class,,,https://selfservice.uncc.edu/StudentRegistrationSsb/ssb/searchResults/searchResults?txt_term=202560&startDatepicker=&endDatepicker=&uniqueSessionId=dg97056c60bdd9&pageOffset=1500&pageMaxSize=500&sortColumn=subjectDescription&sortDirection=asc,2026-09-12T17:25:11.3195780+00:00,2026-09-12T17:25:11.3827160+00:00
uncc,202560,Summer 2025 (View Only),WRDS,1103,32048,103,Writing and Inquiry in Academic Contexts I and II,3.0,3.0,3.0,3,Face-to-Face Instruction,Main Campus or Dubois Campus,18,16,0,0,,,,MTWRF 0930-1100 McEniry 405 Class,Rebecca Agosta (primary),,https://selfservice.uncc.edu/StudentRegistrationSsb/ssb/searchResults/searchResults?txt_term=202560&startDatepicker=&endDatepicker=&uniqueSessionId=dg97056c60bdd9&pageOffset=1500&pageMaxSize=500&sortColumn=subjectDescription&sortDirection=asc,2026-09-12T17:25:11.3195780+00:00,2026-09-12T17:25:11.3827160+00:00
uncc,202580,Fall 2025 (View Only),COMM,3120,10171,003,"Media, Technology & Communication",3.0,3.0,3.0,3,Face-to-Face Instruction,Main Campus or Dubois Campus,25,24,3,0,A2,75,74,TR 1300-1350 Fretwell 113 Class ; M 1430-1520 Fretwell 406 Class,Justin Grandinetti (primary),,https://selfservice.uncc.edu/StudentRegistrationSsb/ssb/searchResults/searchResults?txt_term=202580&startDatepicker=&endDatepicker=&uniqueSessionId=dg90ada2ba8306&pageOffset=1000&pageMaxSize=500&sortColumn=subjectDescription&sortDirection=asc,2026-09-12T17:23:27.5565860+00:00,2026-09-12T17:24:38.1712490+00:00
uncc,202580,Fall 2025 (View Only),ECGR,2105,16641,001,Computer Programming,3.0,3.0,3.0,3,Face-to-Face Instruction,Main Campus or Dubois Campus,64,56,6,0,,,,MWF 1115-1205 Energy Prod & Infrastructr Ctr 2220 Class,Arindam Mukherjee (primary),,https://selfservice.uncc.edu/StudentRegistrationSsb/ssb/searchResults/searchResults?txt_term=202580&startDatepicker=&endDatepicker=&uniqueSessionId=dg90ada2ba8306&pageOffset=1500&pageMaxSize=500&sortColumn=subjectDescription&sortDirection=asc,2026-09-12T17:23:36.6399550+00:00,2026-09-12T17:24:38.1712490+00:00
uncc,202580,Fall 2025 (View Only),EDUC,1511,13810,003,Local Social Science: Public Education and Schooling in the US,,3.0,4.0,3 TO 4,Face-to-Face Instruction,Main Campus or Dubois Campus,52,38,0,0,,,,MW 1100-1315 Colvard 5094 Class,Kia Jones (primary),,https://selfservice.uncc.edu/StudentRegistrationSsb/ssb/searchResults/searchResults?txt_term=202580&startDatepicker=&endDatepicker=&uniqueSessionId=dg90ada2ba8306&pageOffset=1500&pageMaxSize=500&sortColumn=subjectDescription&sortDirection=asc,2026-09-12T17:23:36.6399550+00:00,2026-09-12T17:24:38.1712490+00:00
uncc,202580,Fall 2025 (View Only),ENGR,1300,16210,012,Exploring Engineering & Technology with Success,2.0,2.0,2.0,2,Face-to-Face Instruction,Main Campus or Dubois Campus,40,38,0,0,,,,MWF 1640-1730 Smith 229 Class,Junqiu Wang (primary),,https://selfservice.uncc.edu/StudentRegistrationSsb/ssb/searchResults/searchResults?txt_term=202580&startDatepicker=&endDatepicker=&uniqueSessionId=dg90ada2ba8306&pageOffset=2000&pageMaxSize=500&sortColumn=subjectDescription&sortDirection=asc,2026-09-12T17:23:44.7950480+00:00,2026-09-12T17:24:38.1712490+00:00
uncc,202580,Fall 2025 (View Only),FRAN,3001,17864,EA1,Advanced Topics in Francophone Studies (Economy and Society),3.0,3.0,3.0,3,Study Abroad,Main Campus or Dubois Campus,0,1,0,0,,,,none - Class,,,https://selfservice.uncc.edu/StudentRegistrationSsb/ssb/searchResults/searchResults?txt_term=202580&startDatepicker=&endDatepicker=&uniqueSessionId=dg90ada2ba8306&pageOffset=2500&pageMaxSize=500&sortColumn=subjectDescription&sortDirection=asc,2026-09-12T17:23:52.7128550+00:00,2026-09-12T17:24:38.1712490+00:00
uncc,202580,Fall 2025 (View Only),ITCS,3050,14931,051,Topics in Computer Science: History and Philosophy of Computing,,1.0,3.0,1 TO 3,Online:  No Specific Mtg Times,Main Campus or Dubois Campus,6,8,0,0,84,30,30,none - Class,Damien Williams (primary),,https://selfservice.uncc.edu/StudentRegistrationSsb/ssb/searchResults/searchResults?txt_term=202580&startDatepicker=&endDatepicker=&uniqueSessionId=dg90ada2ba8306&pageOffset=1000&pageMaxSize=500&sortColumn=subjectDescription&sortDirection=asc,2026-09-12T17:23:27.5565860+00:00,2026-09-12T17:24:38.1712490+00:00
uncc,202580,Fall 2025 (View Only),ITCS,3050,17532,S01,Topics in Computer Science: Technical Interview Preparation 101,,1.0,3.0,1 TO 3,Online:  Specific Mtg Times,Main Campus or Dubois Campus,40,22,0,0,,,,MW 1730-1845 Online (No Building Needed) INTERNET Class,Nadia Najjar ; Ryan Mcfarland (primary),,https://selfservice.uncc.edu/StudentRegistrationSsb/ssb/searchResults/searchResults?txt_term=202580&startDatepicker=&endDatepicker=&uniqueSessionId=dg90ada2ba8306&pageOffset=1000&pageMaxSize=500&sortColumn=subjectDescription&sortDirection=asc,2026-09-12T17:23:27.5565860+00:00,2026-09-12T17:24:38.1712490+00:00
uncc,202580,Fall 2025 (View Only),ITSC,4850,13868,005,Senior Project I,3.0,3.0,3.0,3,Face-to-Face Instruction,Main Campus or Dubois Campus,0,1,0,0,,,,none - Class,Mohamed Shehab (primary),,https://selfservice.uncc.edu/StudentRegistrationSsb/ssb/searchResults/searchResults?txt_term=202580&startDatepicker=&endDatepicker=&uniqueSessionId=dg90ada2ba8306&pageOffset=1000&pageMaxSize=500&sortColumn=subjectDescription&sortDirection=asc,2026-09-12T17:23:27.5565860+00:00,2026-09-12T17:24:38.1712490+00:00
uncc,202580,Fall 2025 (View Only),ITSC,8880,17706,008,Individual Study,3.0,3.0,3.0,3,Face-to-Face Instruction,Main Campus or Dubois Campus,3,1,0,0,,,,none - Class,Srinivas Akella (primary),,https://selfservice.uncc.edu/StudentRegistrationSsb/ssb/searchResults/searchResults?txt_term=202580&startDatepicker=&endDatepicker=&uniqueSessionId=dg90ada2ba8306&pageOffset=1000&pageMaxSize=500&sortColumn=subjectDescription&sortDirection=asc,2026-09-12T17:23:27.5565860+00:00,2026-09-12T17:24:38.1712490+00:00
uncc,202580,Fall 2025 (View Only),PHYS,3220,10071,001,Mathematical Methods Physics,3.0,3.0,3.0,3,Face-to-Face Instruction,Main Campus or Dubois Campus,40,6,4,0,,,,MW 1600-1715 Mebane Hall 166 Class,Vasily Astratov (primary),,https://selfservice.uncc.edu/StudentRegistrationSsb/ssb/searchResults/searchResults?txt_term=202580&startDatepicker=&endDatepicker=&uniqueSessionId=dg90ada2ba8306&pageOffset=4000&pageMaxSize=500&sortColumn=subjectDescription&sortDirection=asc,2026-09-12T17:24:19.3475260+00:00,2026-09-12T17:24:38.1712490+00:00
uncc,202580,Fall 2025 (View Only),SOCY,4699,16285,002,Senior Seminar in Sociology,3.0,3.0,3.0,3,Online:  No Specific Mtg Times,Main Campus or Dubois Campus,20,18,2,0,FA,25,26,none - Class,Stephanie Smith (primary),,https://selfservice.uncc.edu/StudentRegistrationSsb/ssb/searchResults/searchResults?txt_term=202580&startDatepicker=&endDatepicker=&uniqueSessionId=dg90ada2ba8306&pageOffset=4500&pageMaxSize=500&sortColumn=subjectDescription&sortDirection=asc,2026-09-12T17:24:27.9493790+00:00,2026-09-12T17:24:38.1712490+00:00
uncc,202580,Fall 2025 (View Only),SOWK,6141,16516,003,Foundations of Social Work,3.0,3.0,3.0,3,Online:  No Specific Mtg Times,Main Campus or Dubois Campus,25,21,0,0,,,,none - Class,Othelia Lee (primary),,https://selfservice.uncc.edu/StudentRegistrationSsb/ssb/searchResults/searchResults?txt_term=202580&startDatepicker=&endDatepicker=&uniqueSessionId=dg90ada2ba8306&pageOffset=4500&pageMaxSize=500&sortColumn=subjectDescription&sortDirection=asc,2026-09-12T17:24:27.9493790+00:00,2026-09-12T17:24:38.1712490+00:00
uncc,202580,Fall 2025 (View Only),STAT,3122,13539,001,Probability & Statistics I,3.0,3.0,3.0,3,Face-to-Face Instruction,Main Campus or Dubois Campus,10,10,0,0,BL,40,37,TR 1000-1115 McEniry 401 Class,Shaoyu Li (primary),,https://selfservice.uncc.edu/StudentRegistrationSsb/ssb/searchResults/searchResults?txt_term=202580&startDatepicker=&endDatepicker=&uniqueSessionId=dg90ada2ba8306&pageOffset=5000&pageMaxSize=500&sortColumn=subjectDescription&sortDirection=asc,2026-09-12T17:24:36.1045710+00:00,2026-09-12T17:24:38.1712490+00:00
uncc,202580,Fall 2025 (View Only),WRDS,1103,13095,029,Writing and Inquiry in Academic Contexts I and II,3.0,3.0,3.0,3,Face-to-Face Instruction,Main Campus or Dubois Campus,22,22,2,0,,,,TR 0830-0945 Denny 217 Class,Hayley Lawson (primary),,https://selfservice.uncc.edu/StudentRegistrationSsb/ssb/searchResults/searchResults?txt_term=202580&startDatepicker=&endDatepicker=&uniqueSessionId=dg90ada2ba8306&pageOffset=5000&pageMaxSize=500&sortColumn=subjectDescription&sortDirection=asc,2026-09-12T17:24:36.1045710+00:00,2026-09-12T17:24:38.1712490+00:00
uncc,202610,Spring 2026 (View Only),AMST,3050,22785,009,Topics in AMST: Pro Wrestling and American Culture,3.0,3.0,3.0,3,Face-to-Face Instruction,Main Campus or Dubois Campus,35,34,3,0,A1,45,43,TR 0830-0945 Fretwell 106 Class,Nicholas Canada (primary),,https://selfservice.uncc.edu/StudentRegistrationSsb/ssb/searchResults/searchResults?txt_term=202610&startDatepicker=&endDatepicker=&uniqueSessionId=dg76f63e09eb07&pageOffset=0&pageMaxSize=500&sortColumn=subjectDescription&sortDirection=asc,2026-09-12T17:21:28.3385470+00:00,2026-09-12T17:22:57.5891220+00:00
uncc,202610,Spring 2026 (View Only),ANTH,3222,25963,002,"Culture, Health & Disease",3.0,3.0,3.0,3,Face-to-Face Instruction,Main Campus or Dubois Campus,20,20,0,0,EK,30,24,TR 1430-1545 Colvard 5091 Class,Kofi Mensah (primary),,https://selfservice.uncc.edu/StudentRegistrationSsb/ssb/searchResults/searchResults?txt_term=202610&startDatepicker=&endDatepicker=&uniqueSessionId=dg76f63e09eb07&pageOffset=0&pageMaxSize=500&sortColumn=subjectDescription&sortDirection=asc,2026-09-12T17:21:28.3385470+00:00,2026-09-12T17:22:57.5891220+00:00
uncc,202610,Spring 2026 (View Only),ARCH,5050,23511,002,Architecture Topics: Techniques in Design Thinking,,1.0,6.0,1 TO 6,Online:  Specific Mtg Times,Main Campus or Dubois Campus,10,6,0,0,ZE,22,14,TR 1130-1245 Online (No Building Needed) INTERNET Class,Nicholas Ault (primary),,https://selfservice.uncc.edu/StudentRegistrationSsb/ssb/searchResults/searchResults?txt_term=202610&startDatepicker=&endDatepicker=&uniqueSessionId=dg76f63e09eb07&pageOffset=0&pageMaxSize=500&sortColumn=subjectDescription&sortDirection=asc,2026-09-12T17:21:28.3385470+00:00,2026-09-12T17:22:57.5891220+00:00
uncc,202610,Spring 2026 (View Only),BIOL,3236,23854,002,General Zoology,3.0,3.0,3.0,3,Face-to-Face Instruction,Main Campus or Dubois Campus,76,74,5,0,,,,MW 0830-0945 College of Health & Human Serv 159 Class,Aline Acosta (primary),,https://selfservice.uncc.edu/StudentRegistrationSsb/ssb/searchResults/searchResults?txt_term=202610&startDatepicker=&endDatepicker=&uniqueSessionId=dg76f63e09eb07&pageOffset=500&pageMaxSize=500&sortColumn=subjectDescription&sortDirection=asc,2026-09-12T17:21:36.7362950+00:00,2026-09-12T17:22:57.5891220+00:00
uncc,202610,Spring 2026 (View Only),CEGR,6151,24435,001,Research Methods in Civil and Environmental Engineering,3.0,3.0,3.0,3,Face-to-Face Instruction,Main Campus or Dubois Campus,4,2,0,0,W7,12,4,TR 1300-1415 Energy Prod & Infrastructr Ctr 3224 Class,James Amburgey (primary),,https://selfservice.uncc.edu/StudentRegistrationSsb/ssb/searchResults/searchResults?txt_term=202610&startDatepicker=&endDatepicker=&uniqueSessionId=dg76f63e09eb07&pageOffset=1000&pageMaxSize=500&sortColumn=subjectDescription&sortDirection=asc,2026-09-12T17:21:45.3880370+00:00,2026-09-12T17:22:57.5891220+00:00
uncc,202610,Spring 2026 (View Only),CEGR,6991,26275,006,Graduate Master Thesis,,1.0,6.0,1 TO 6,Face-to-Face Instruction,Main Campus or Dubois Campus,5,1,0,0,,,,none - Class,Olya Keen (primary),,https://selfservice.uncc.edu/StudentRegistrationSsb/ssb/searchResults/searchResults?txt_term=202610&startDatepicker=&endDatepicker=&uniqueSessionId=dg76f63e09eb07&pageOffset=1000&pageMaxSize=500&sortColumn=subjectDescription&sortDirection=asc,2026-09-12T17:21:45.3880370+00:00,2026-09-12T17:22:57.5891220+00:00
uncc,202610,Spring 2026 (View Only),CTCM,2530,23131,002,Interdisciplinary Critical Thinking and Communication (AFRS),3.0,3.0,3.0,3,Face-to-Face Instruction,Main Campus or Dubois Campus,50,46,5,0,,,,TR 1300-1415 Denny 111 Class,Honore Missihoun (primary),,https://selfservice.uncc.edu/StudentRegistrationSsb/ssb/searchResults/searchResults?txt_term=202610&startDatepicker=&endDatepicker=&uniqueSessionId=dg76f63e09eb07&pageOffset=1500&pageMaxSize=500&sortColumn=subjectDescription&sortDirection=asc,2026-09-12T17:21:54.7479540+00:00,2026-09-12T17:22:57.5891220+00:00
uncc,202610,Spring 2026 (View Only),ECGR,8187,26640,001,Mod & Analy of Comm Networks,3.0,3.0,3.0,3,Face-to-Face Instruction,Main Campus or Dubois Campus,5,2,1,0,IO,10,4,TR 1600-1715 Energy Prod & Infrastructr Ctr 2224 Class,Linda Xie (primary),,https://selfservice.uncc.edu/StudentRegistrationSsb/ssb/searchResults/searchResults?txt_term=202610&startDatepicker=&endDatepicker=&uniqueSessionId=dg76f63e09eb07&pageOffset=2000&pageMaxSize=500&sortColumn=subjectDescription&sortDirection=asc,2026-09-12T17:22:03.0588840+00:00,2026-09-12T17:22:57.5891220+00:00
uncc,202610,Spring 2026 (View Only),FINN,4160,22310,090,Equity Analysis,3.0,3.0,3.0,3,Face-to-Face Instruction,Main Campus or Dubois Campus,35,10,3,0,,,,R 1730-2015 Friday 383 Class,Taichun Piao (primary),,https://selfservice.uncc.edu/StudentRegistrationSsb/ssb/searchResults/searchResults?txt_term=202610&startDatepicker=&endDatepicker=&uniqueSessionId=dg76f63e09eb07&pageOffset=2500&pageMaxSize=500&sortColumn=subjectDescription&sortDirection=asc,2026-09-12T17:22:11.7548590+00:00,2026-09-12T17:22:57.5891220+00:00
uncc,202610,Spring 2026 (View Only),GEOG,1511,23219,001,Local Social Science: Urban and Regional Planning,3.0,3.0,3.0,3,Face-to-Face Instruction,Main Campus or Dubois Campus,85,83,2,0,,,,TR 1000-1115 McEniry 116 Class,Michelle Zuniga (primary),,https://selfservice.uncc.edu/StudentRegistrationSsb/ssb/searchResults/searchResults?txt_term=202610&startDatepicker=&endDatepicker=&uniqueSessionId=dg76f63e09eb07&pageOffset=2500&pageMaxSize=500&sortColumn=subjectDescription&sortDirection=asc,2026-09-12T17:22:11.7548590+00:00,2026-09-12T17:22:57.5891220+00:00
uncc,202610,Spring 2026 (View Only),ITIS,6162,27296,001,Knowledge Discovery in Databases,3.0,3.0,3.0,3,Face-to-Face Instruction,Main Campus or Dubois Campus,10,2,0,0,G8,40,32,W 1300-1545 Bioinformatics 217 Class,Xi (Sunshine) Niu (primary),,https://selfservice.uncc.edu/StudentRegistrationSsb/ssb/searchResults/searchResults?txt_term=202610&startDatepicker=&endDatepicker=&uniqueSessionId=dg76f63e09eb07&pageOffset=5000&pageMaxSize=500&sortColumn=subjectDescription&sortDirection=asc,2026-09-12T17:22:55.5215790+00:00,2026-09-12T17:22:57.5891220+00:00
uncc,202610,Spring 2026 (View Only),MEGR,3171L,22985,L11,Instrumentation Lab,2.0,2.0,2.0,2,Hybrid:  F2F & Online (Async),Main Campus or Dubois Campus,10,10,0,0,,,,T 1730-2015 Duke Centennial Hall 239 Class,Garry Hodgins (primary),,https://selfservice.uncc.edu/StudentRegistrationSsb/ssb/searchResults/searchResults?txt_term=202610&startDatepicker=&endDatepicker=&uniqueSessionId=dg76f63e09eb07&pageOffset=3500&pageMaxSize=500&sortColumn=subjectDescription&sortDirection=asc,2026-09-12T17:22:29.2790270+00:00,2026-09-12T17:22:57.5891220+00:00
uncc,202610,Spring 2026 (View Only),MGMT,3282,21602,002,Managerial Ethics,3.0,3.0,3.0,3,Online:  No Specific Mtg Times,Main Campus or Dubois Campus,45,45,4,0,,,,none - Class,Barbara Knight (primary),,https://selfservice.uncc.edu/StudentRegistrationSsb/ssb/searchResults/searchResults?txt_term=202610&startDatepicker=&endDatepicker=&uniqueSessionId=dg76f63e09eb07&pageOffset=3000&pageMaxSize=500&sortColumn=subjectDescription&sortDirection=asc,2026-09-12T17:22:20.9616220+00:00,2026-09-12T17:22:57.5891220+00:00
uncc,202610,Spring 2026 (View Only),NURS,4100,25082,002,Nurs Care of the Aging Adult,3.0,3.0,3.0,3,Face-to-Face Instruction,Main Campus or Dubois Campus,32,30,0,0,,,,W 1115-1400 College of Health & Human Serv 147 Class,Michael Armiger (primary),,https://selfservice.uncc.edu/StudentRegistrationSsb/ssb/searchResults/searchResults?txt_term=202610&startDatepicker=&endDatepicker=&uniqueSessionId=dg76f63e09eb07&pageOffset=4000&pageMaxSize=500&sortColumn=subjectDescription&sortDirection=asc,2026-09-12T17:22:38.2567780+00:00,2026-09-12T17:22:57.5891220+00:00
uncc,202610,Spring 2026 (View Only),NURS,4240,20084,001,Population Focused Nursing,3.0,3.0,3.0,3,Face-to-Face Instruction,Main Campus or Dubois Campus,70,59,0,0,,,,M 1115-1400 College of Health & Human Serv 145 Class,Suzanne Trotter (primary),,https://selfservice.uncc.edu/StudentRegistrationSsb/ssb/searchResults/searchResults?txt_term=202610&startDatepicker=&endDatepicker=&uniqueSessionId=dg76f63e09eb07&pageOffset=4000&pageMaxSize=500&sortColumn=subjectDescription&sortDirection=asc,2026-09-12T17:22:38.2567780+00:00,2026-09-12T17:22:57.5891220+00:00
uncc,202610,Spring 2026 (View Only),OPRS,3113,20558,001,Oper Rsch-Probabilistic Models,3.0,3.0,3.0,3,Face-to-Face Instruction,Main Campus or Dubois Campus,15,10,0,0,B9,45,30,TR 0830-0945 McEniry 127 Class,Mohammad Kazemi (primary),,https://selfservice.uncc.edu/StudentRegistrationSsb/ssb/searchResults/searchResults?txt_term=202610&startDatepicker=&endDatepicker=&uniqueSessionId=dg76f63e09eb07&pageOffset=4000&pageMaxSize=500&sortColumn=subjectDescription&sortDirection=asc,2026-09-12T17:22:38.2567780+00:00,2026-09-12T17:22:57.5891220+00:00
uncc,202610,Spring 2026 (View Only),PHYS,2102,22343,01B,Physics for Science and Engineering II,3.0,3.0,3.0,3,Face-to-Face Instruction,Main Campus or Dubois Campus,35,27,5,0,K4,315,274,TR 0830-0945 Energy Prod & Infrastructr Ctr G256 Class ; F 1010-1100 Energy Prod & Infrastructr Ctr 1243 Class ; M 1730-1930 Class,Pedram Leilabady (primary),,https://selfservice.uncc.edu/StudentRegistrationSsb/ssb/searchResults/searchResults?txt_term=202610&startDatepicker=&endDatepicker=&uniqueSessionId=dg76f63e09eb07&pageOffset=4000&pageMaxSize=500&sortColumn=subjectDescription&sortDirection=asc,2026-09-12T17:22:38.2567780+00:00,2026-09-12T17:22:57.5891220+00:00
uncc,202610,Spring 2026 (View Only),SOWK,7223,21062,090,Advanced Social Work Practice with Communities,3.0,3.0,3.0,3,Face-to-Face Instruction,Main Campus or Dubois Campus,26,17,0,0,,,,W 1730-2015 College of Health & Human Serv 124 Class,Jessica Still (primary),,https://selfservice.uncc.edu/StudentRegistrationSsb/ssb/searchResults/searchResults?txt_term=202610&startDatepicker=&endDatepicker=&uniqueSessionId=dg76f63e09eb07&pageOffset=4500&pageMaxSize=500&sortColumn=subjectDescription&sortDirection=asc,2026-09-12T17:22:47.4105000+00:00,2026-09-12T17:22:57.5891220+00:00
uncc,202610,Spring 2026 (View Only),STAT,3128,20571,004,Prob & Stat for Engineers,3.0,3.0,3.0,3,Face-to-Face Instruction,Main Campus or Dubois Campus,60,59,7,0,,,,TR 1130-1245 Denny 122 Class,Vlad Margarint (primary),,https://selfservice.uncc.edu/StudentRegistrationSsb/ssb/searchResults/searchResults?txt_term=202610&startDatepicker=&endDatepicker=&uniqueSessionId=dg76f63e09eb07&pageOffset=5000&pageMaxSize=500&sortColumn=subjectDescription&sortDirection=asc,2026-09-12T17:22:55.5215790+00:00,2026-09-12T17:22:57.5891220+00:00
uncc,202660,Summer 2026 (View Only),CJUS,4352,30255,080,Serial Murder,3.0,3.0,3.0,3,Online:  No Specific Mtg Times,Main Campus or Dubois Campus,25,24,3,0,,,,none - Class,Shannon Reid (primary),,https://selfservice.uncc.edu/StudentRegistrationSsb/ssb/searchResults/searchResults?txt_term=202660&startDatepicker=&endDatepicker=&uniqueSessionId=dgbedea482cb90&pageOffset=0&pageMaxSize=500&sortColumn=subjectDescription&sortDirection=asc,2026-09-12T17:20:58.3055880+00:00,2026-09-12T17:21:15.3633850+00:00
uncc,202660,Summer 2026 (View Only),CSLG,6145,30977,001,Multicultural Counseling,3.0,3.0,3.0,3,Face-to-Face Instruction,Main Campus or Dubois Campus,20,20,0,0,,,,MW 1300-1645 Mebane Hall 202 Class,Tabitha Haynes (primary),,https://selfservice.uncc.edu/StudentRegistrationSsb/ssb/searchResults/searchResults?txt_term=202660&startDatepicker=&endDatepicker=&uniqueSessionId=dgbedea482cb90&pageOffset=0&pageMaxSize=500&sortColumn=subjectDescription&sortDirection=asc,2026-09-12T17:20:58.3055880+00:00,2026-09-12T17:21:15.3633850+00:00
uncc,202660,Summer 2026 (View Only),CSLG,6205,30451,080,Counseling Older Adults,3.0,3.0,3.0,3,Online:  Specific Mtg Times,Main Campus or Dubois Campus,20,6,0,0,,,,MW 1700-2045 Online (No Building Needed) INTERNET Class,Rumbidzai Mushunje (primary),,https://selfservice.uncc.edu/StudentRegistrationSsb/ssb/searchResults/searchResults?txt_term=202660&startDatepicker=&endDatepicker=&uniqueSessionId=dgbedea482cb90&pageOffset=0&pageMaxSize=500&sortColumn=subjectDescription&sortDirection=asc,2026-09-12T17:20:58.3055880+00:00,2026-09-12T17:21:15.3633850+00:00
uncc,202660,Summer 2026 (View Only),GERM,1502,31043,080,Global Arts/Humanities: German and American Business Culture,3.0,3.0,3.0,3,Online:  No Specific Mtg Times,Main Campus or Dubois Campus,15,3,0,0,BL,30,15,none - Class,A. Jakeway (primary),,https://selfservice.uncc.edu/StudentRegistrationSsb/ssb/searchResults/searchResults?txt_term=202660&startDatepicker=&endDatepicker=&uniqueSessionId=dgbedea482cb90&pageOffset=500&pageMaxSize=500&sortColumn=subjectDescription&sortDirection=asc,2026-09-12T17:21:05.0559860+00:00,2026-09-12T17:21:15.3633850+00:00
uncc,202660,Summer 2026 (View Only),LEGL,2105,31425,081,Deductive Logic,3.0,3.0,3.0,3,Online:  No Specific Mtg Times,Main Campus or Dubois Campus,5,5,0,0,19,35,19,none - Class,Reginald Raymer (primary),,https://selfservice.uncc.edu/StudentRegistrationSsb/ssb/searchResults/searchResults?txt_term=202660&startDatepicker=&endDatepicker=&uniqueSessionId=dgbedea482cb90&pageOffset=500&pageMaxSize=500&sortColumn=subjectDescription&sortDirection=asc,2026-09-12T17:21:05.0559860+00:00,2026-09-12T17:21:15.3633850+00:00
uncc,202660,Summer 2026 (View Only),MATH,1120,32505,080,Calculus,3.0,3.0,3.0,3,Online:  No Specific Mtg Times,Main Campus or Dubois Campus,45,42,4,0,,,,none - Class,Trey Wilhoit (primary),,https://selfservice.uncc.edu/StudentRegistrationSsb/ssb/searchResults/searchResults?txt_term=202660&startDatepicker=&endDatepicker=&uniqueSessionId=dgbedea482cb90&pageOffset=1000&pageMaxSize=500&sortColumn=subjectDescription&sortDirection=asc,2026-09-12T17:21:12.2355780+00:00,2026-09-12T17:21:15.3633850+00:00
uncc,202660,Summer 2026 (View Only),MGMT,3280,30156,084,Strategic Management,3.0,3.0,3.0,3,Online:  No Specific Mtg Times,Main Campus or Dubois Campus,38,32,3,0,,,,none - Class,Karen Eickhoff (primary),,https://selfservice.uncc.edu/StudentRegistrationSsb/ssb/searchResults/searchResults?txt_term=202660&startDatepicker=&endDatepicker=&uniqueSessionId=dgbedea482cb90&pageOffset=500&pageMaxSize=500&sortColumn=subjectDescription&sortDirection=asc,2026-09-12T17:21:05.0559860+00:00,2026-09-12T17:21:15.3633850+00:00
uncc,202660,Summer 2026 (View Only),MGMT,3282,30615,001,Managerial Ethics,3.0,3.0,3.0,3,Face-to-Face Instruction,Main Campus or Dubois Campus,33,15,2,0,,,,MWR 1045-1315 Friday 153 Class,Barbara Knight (primary),,https://selfservice.uncc.edu/StudentRegistrationSsb/ssb/searchResults/searchResults?txt_term=202660&startDatepicker=&endDatepicker=&uniqueSessionId=dgbedea482cb90&pageOffset=500&pageMaxSize=500&sortColumn=subjectDescription&sortDirection=asc,2026-09-12T17:21:05.0559860+00:00,2026-09-12T17:21:15.3633850+00:00
uncc,202660,Summer 2026 (View Only),MUPF,3253,32610,EA1,Adv Applied Music:  Voice,2.0,2.0,2.0,2,Study Abroad,Main Campus or Dubois Campus,0,5,0,0,,,,none - Class,,,https://selfservice.uncc.edu/StudentRegistrationSsb/ssb/searchResults/searchResults?txt_term=202660&startDatepicker=&endDatepicker=&uniqueSessionId=dgbedea482cb90&pageOffset=1000&pageMaxSize=500&sortColumn=subjectDescription&sortDirection=asc,2026-09-12T17:21:12.2355780+00:00,2026-09-12T17:21:15.3633850+00:00
uncc,202660,Summer 2026 (View Only),READ,6300,32189,780,Global Literacy: Genre Study,3.0,3.0,3.0,3,Online:  No Specific Mtg Times,Distance Education,28,12,4,0,,,,none - Class,Kirsten Abel (primary),,https://selfservice.uncc.edu/StudentRegistrationSsb/ssb/searchResults/searchResults?txt_term=202660&startDatepicker=&endDatepicker=&uniqueSessionId=dgbedea482cb90&pageOffset=1000&pageMaxSize=500&sortColumn=subjectDescription&sortDirection=asc,2026-09-12T17:21:12.2355780+00:00,2026-09-12T17:21:15.3633850+00:00
uncc,202660,Summer 2026 (View Only),SOCY,3325,32646,EA3,Community & Identity,3.0,3.0,3.0,3,Study Abroad,Main Campus or Dubois Campus,0,0,0,0,,,,none - Class,,,https://selfservice.uncc.edu/StudentRegistrationSsb/ssb/searchResults/searchResults?txt_term=202660&startDatepicker=&endDatepicker=&uniqueSessionId=dgbedea482cb90&pageOffset=1000&pageMaxSize=500&sortColumn=subjectDescription&sortDirection=asc,2026-09-12T17:21:12.2355780+00:00,2026-09-12T17:21:15.3633850+00:00
uncc,202680,Fall 2026,ATRN,6105,11631,001,Therapeutic Modalities,3.0,3.0,3.0,3,Face-to-Face Instruction,Main Campus or Dubois Campus,18,18,0,0,,,,MW 0830-0945 Belk Gymnasium 025 Class,Abbey Fenwick (primary),,https://selfservice.uncc.edu/StudentRegistrationSsb/ssb/searchResults/searchResults?txt_term=202680&startDatepicker=&endDatepicker=&uniqueSessionId=dgb5049837052c&pageOffset=0&pageMaxSize=500&sortColumn=subjectDescription&sortDirection=asc,2026-09-12T17:19:11.7432090+00:00,2026-09-12T17:20:47.0672330+00:00
uncc,202680,Fall 2026,CJUS,2370,17495,003,Research Methods in Criminal Justice,3.0,3.0,3.0,3,Face-to-Face Instruction,Main Campus or Dubois Campus,30,29,3,0,,,,TR 1000-1115 Fretwell 306 Class,Matthew Vanden Bosch (primary),,https://selfservice.uncc.edu/StudentRegistrationSsb/ssb/searchResults/searchResults?txt_term=202680&startDatepicker=&endDatepicker=&uniqueSessionId=dgb5049837052c&pageOffset=1500&pageMaxSize=500&sortColumn=subjectDescription&sortDirection=asc,2026-09-12T17:19:40.5380540+00:00,2026-09-12T17:20:47.0672330+00:00
uncc,202680,Fall 2026,COMM,3160,10706,005,Business Communications,3.0,3.0,3.0,3,Face-to-Face Instruction,Main Campus or Dubois Campus,25,25,3,0,DX,150,150,TR 0830-0920 Denny 200 Class ; W 0905-0955 Denny 216 Class,Jonathan Paddock (primary),,https://selfservice.uncc.edu/StudentRegistrationSsb/ssb/searchResults/searchResults?txt_term=202680&startDatepicker=&endDatepicker=&uniqueSessionId=dgb5049837052c&pageOffset=1000&pageMaxSize=500&sortColumn=subjectDescription&sortDirection=asc,2026-09-12T17:19:31.6608840+00:00,2026-09-12T17:20:47.0672330+00:00
uncc,202680,Fall 2026,COMM,3160,11287,083,Business Communications,3.0,3.0,3.0,3,Online:  No Specific Mtg Times,Distance Education,25,25,1,1,,,,none - Class,Joy Davis (primary),,https://selfservice.uncc.edu/StudentRegistrationSsb/ssb/searchResults/searchResults?txt_term=202680&startDatepicker=&endDatepicker=&uniqueSessionId=dgb5049837052c&pageOffset=1000&pageMaxSize=500&sortColumn=subjectDescription&sortDirection=asc,2026-09-12T17:19:31.6608840+00:00,2026-09-12T17:20:47.0672330+00:00
uncc,202680,Fall 2026,INES,8999,10371,C01,Doctoral Dissertation Research,,1.0,9.0,1 TO 9,Face-to-Face Instruction,Main Campus or Dubois Campus,10,8,0,0,,,,none - Class,Jay Wu (primary),,https://selfservice.uncc.edu/StudentRegistrationSsb/ssb/searchResults/searchResults?txt_term=202680&startDatepicker=&endDatepicker=&uniqueSessionId=dgb5049837052c&pageOffset=2500&pageMaxSize=500&sortColumn=subjectDescription&sortDirection=asc,2026-09-12T17:19:57.7980680+00:00,2026-09-12T17:20:47.0672330+00:00
uncc,202680,Fall 2026,ITSC,2181,12876,001,Introduction to Computer Systems,4.0,4.0,4.0,4,Face-to-Face Instruction,Main Campus or Dubois Campus,75,72,8,0,,,,TR 1130-1245 Woodward Hall 135 Class ; F 1430-1545 Woodward Hall 130 Class,Yonghong Yan (primary),,https://selfservice.uncc.edu/StudentRegistrationSsb/ssb/searchResults/searchResults?txt_term=202680&startDatepicker=&endDatepicker=&uniqueSessionId=dgb5049837052c&pageOffset=1000&pageMaxSize=500&sortColumn=subjectDescription&sortDirection=asc,2026-09-12T17:19:31.6608840+00:00,2026-09-12T17:20:47.0672330+00:00
uncc,202680,Fall 2026,MAED,6124,15911,080,Issues in the Teaching of Mathematics,3.0,3.0,3.0,3,Online:  Specific Mtg Times,Distance Education,15,7,0,0,TI,25,8,M 1730-2015 Online (No Building Needed) INTERNET Class,Anthony Fernandes (primary),,https://selfservice.uncc.edu/StudentRegistrationSsb/ssb/searchResults/searchResults?txt_term=202680&startDatepicker=&endDatepicker=&uniqueSessionId=dgb5049837052c&pageOffset=3500&pageMaxSize=500&sortColumn=subjectDescription&sortDirection=asc,2026-09-12T17:20:17.0583330+00:00,2026-09-12T17:20:47.0672330+00:00
uncc,202680,Fall 2026,MEGR,3174,16093,L14,Mechatronics II Projects Laboratory,1.0,1.0,1.0,1,Face-to-Face Instruction,Main Campus or Dubois Campus,10,10,0,0,,,,R 1730-2015 Duke Centennial Hall 239 Class,Garry Hodgins (primary),,https://selfservice.uncc.edu/StudentRegistrationSsb/ssb/searchResults/searchResults?txt_term=202680&startDatepicker=&endDatepicker=&uniqueSessionId=dgb5049837052c&pageOffset=3500&pageMaxSize=500&sortColumn=subjectDescription&sortDirection=asc,2026-09-12T17:20:17.0583330+00:00,2026-09-12T17:20:47.0672330+00:00
uncc,202680,Fall 2026,MEGR,7991,15659,B02,Grad Master Thesis Research,,1.0,6.0,1 TO 6,Face-to-Face Instruction,Main Campus or Dubois Campus,50,2,0,0,,,,none - Class,Terry Xu (primary),,https://selfservice.uncc.edu/StudentRegistrationSsb/ssb/searchResults/searchResults?txt_term=202680&startDatepicker=&endDatepicker=&uniqueSessionId=dgb5049837052c&pageOffset=3500&pageMaxSize=500&sortColumn=subjectDescription&sortDirection=asc,2026-09-12T17:20:17.0583330+00:00,2026-09-12T17:20:47.0672330+00:00
uncc,202680,Fall 2026,NUAN,8164,11910,001,Principles of Nurse Anesthesia IV,3.0,3.0,3.0,3,Face-to-Face Instruction,Main Campus or Dubois Campus,26,23,0,0,,,,none - Atrium Healthcare - SDM  Class,David Langford ; Karen Lucisano ; Lorraine Schoen (primary),,https://selfservice.uncc.edu/StudentRegistrationSsb/ssb/searchResults/searchResults?txt_term=202680&startDatepicker=&endDatepicker=&uniqueSessionId=dgb5049837052c&pageOffset=4000&pageMaxSize=500&sortColumn=subjectDescription&sortDirection=asc,2026-09-12T17:20:26.4894440+00:00,2026-09-12T17:20:47.0672330+00:00
uncc,202680,Fall 2026,PHYS,2102L,10032,L20,Phys for Science & Engr II Lab,1.0,1.0,1.0,1,Face-to-Face Instruction,Main Campus or Dubois Campus,24,23,4,0,,,,W 1100-1345 Klein Hall 128 Class,Umesh Silwal (primary),,https://selfservice.uncc.edu/StudentRegistrationSsb/ssb/searchResults/searchResults?txt_term=202680&startDatepicker=&endDatepicker=&uniqueSessionId=dgb5049837052c&pageOffset=4000&pageMaxSize=500&sortColumn=subjectDescription&sortDirection=asc,2026-09-12T17:20:26.4894440+00:00,2026-09-12T17:20:47.0672330+00:00
uncc,202680,Fall 2026,PROS,2303,15434,080,Human Resource Management: Specialist,3.0,3.0,3.0,3,Online:  No Specific Mtg Times,Distance Education,35,22,0,0,,,,none - Class,Michelle Elam (primary),,https://selfservice.uncc.edu/StudentRegistrationSsb/ssb/searchResults/searchResults?txt_term=202680&startDatepicker=&endDatepicker=&uniqueSessionId=dgb5049837052c&pageOffset=4500&pageMaxSize=500&sortColumn=subjectDescription&sortDirection=asc,2026-09-12T17:20:35.3765190+00:00,2026-09-12T17:20:47.0672330+00:00
uncc,202680,Fall 2026,RSCH,8111,10873,090,Qualitative Research Methods,3.0,3.0,3.0,3,Hybrid:  F2F & Online (Async),Main Campus or Dubois Campus,15,9,0,0,,,,M 1730-2015 Mebane Hall 167 Class,Lisa Merriweather (primary),,https://selfservice.uncc.edu/StudentRegistrationSsb/ssb/searchResults/searchResults?txt_term=202680&startDatepicker=&endDatepicker=&uniqueSessionId=dgb5049837052c&pageOffset=1500&pageMaxSize=500&sortColumn=subjectDescription&sortDirection=asc,2026-09-12T17:19:40.5380540+00:00,2026-09-12T17:20:47.0672330+00:00
uncc,202680,Fall 2026,SOCY,4172,12091,001,Deviant Behavior,3.0,3.0,3.0,3,Online:  No Specific Mtg Times,Main Campus or Dubois Campus,44,40,3,0,FS,50,45,none - Class,Megan Smith (primary),,https://selfservice.uncc.edu/StudentRegistrationSsb/ssb/searchResults/searchResults?txt_term=202680&startDatepicker=&endDatepicker=&uniqueSessionId=dgb5049837052c&pageOffset=5000&pageMaxSize=500&sortColumn=subjectDescription&sortDirection=asc,2026-09-12T17:20:44.6976990+00:00,2026-09-12T17:20:47.0672330+00:00
uncc,202680,Fall 2026,SOWK,4105,11713,001,Mental Hlth Subs Use,3.0,3.0,3.0,3,Online:  No Specific Mtg Times,Main Campus or Dubois Campus,15,15,0,0,FL,30,30,none - Class,Frances Ferrante-Fusilli (primary),,https://selfservice.uncc.edu/StudentRegistrationSsb/ssb/searchResults/searchResults?txt_term=202680&startDatepicker=&endDatepicker=&uniqueSessionId=dgb5049837052c&pageOffset=4500&pageMaxSize=500&sortColumn=subjectDescription&sortDirection=asc,2026-09-12T17:20:35.3765190+00:00,2026-09-12T17:20:47.0672330+00:00
uncc,202680,Fall 2026,STAT,1221,10535,001,Elements of Stat I (BIOL),3.0,3.0,3.0,3,Face-to-Face Instruction,Main Campus or Dubois Campus,80,77,0,0,,,,MW 1430-1545 Colvard 1017 Class,Weihua Zhou (primary),,https://selfservice.uncc.edu/StudentRegistrationSsb/ssb/searchResults/searchResults?txt_term=202680&startDatepicker=&endDatepicker=&uniqueSessionId=dgb5049837052c&pageOffset=5000&pageMaxSize=500&sortColumn=subjectDescription&sortDirection=asc,2026-09-12T17:20:44.6976990+00:00,2026-09-12T17:20:47.0672330+00:00
