2026-09-12T15:40:03Z run-20260912T154003Z: 49 schools from config/schools.yaml; cache Off; 2s between requests per host; up to 12 hosts at once
2026-09-12T15:40:03Z [uindy] identifying the platform from https://www.uindy.edu/
2026-09-12T15:40:03Z [starkstate] identifying the platform from https://www.starkstate.edu/
2026-09-12T15:40:03Z [oakland] identifying the platform from https://www.oakland.edu/
2026-09-12T15:40:03Z [kccd] identifying the platform from https://www.kccd.edu/
2026-09-12T15:40:03Z [oakton] identifying the platform from https://www.oakton.edu/
2026-09-12T15:40:03Z [sunyempire] identifying the platform from https://www.sunyempire.edu/
2026-09-12T15:40:03Z [odu] identifying the platform from https://www.odu.edu/
2026-09-12T15:40:03Z [eku] identifying the platform from https://www.eku.edu/
2026-09-12T15:40:03Z [lehigh] identifying the platform from https://www.lehigh.edu/
2026-09-12T15:40:03Z [ctstate] identifying the platform from https://ctstate.edu/
2026-09-12T15:40:03Z [wvu] identifying the platform from https://www.wvu.edu/
2026-09-12T15:40:03Z [tric] identifying the platform from https://www.tri-c.edu/
2026-09-12T15:40:06Z [wvu] not identified from the homepage: no connector recognized the site after 1 pages and 10 probes (1 pages, 10 probes)
2026-09-12T15:40:06Z [ullafayette] identifying the platform from https://louisiana.edu/
2026-09-12T15:40:06Z [tric] not identified from the homepage: a banner9 entry point https://banstup.tri-c.edu/StudentRegistrationSsb/ was found on https://www.tri-c.edu/, but it wasn't confirmed: the probe was not sent or failed: robots.txt (https://banstup.tri-c.edu/robots.txt) disallows /StudentRegistrationSsb/ssb/classSearch/getTerms?searchTerm=&offset=1&max=100 for DueGooderBot, so the request was not sent (2 pages, 11 probes)
2026-09-12T15:40:06Z [aum] identifying the platform from https://www.aum.edu/
2026-09-12T15:40:16Z [starkstate] identified banner9 at https://selfservice-registration.starkstate.edu/StudentRegistrationSsb/ (HomepageLink; 1 pages, 1 probes, 12.7s)
2026-09-12T15:40:16Z [ucmerced] identifying the platform from https://www.ucmerced.edu/
2026-09-12T15:40:18Z [sunyempire] not identified from the homepage: a banner9 entry point https://banner.esc.edu/StudentRegistrationSsb/ was found on https://www.sunyempire.edu/academics/classes-and-registration/index.html, but it wasn't confirmed: the probe was not sent or failed: robots.txt (https://banner.esc.edu/robots.txt) disallows /StudentRegistrationSsb/ssb/classSearch/getTerms?searchTerm=&offset=1&max=100 for DueGooderBot, so the request was not sent (10 pages, 11 probes)
2026-09-12T15:40:18Z [uidaho] identifying the platform from https://www.uidaho.edu/
2026-09-12T15:40:21Z [oakland] not identified from the homepage: a banner9 entry point https://bstreg.oakland.edu/StudentRegistrationSsb/ was found on https://www.oakland.edu/registrar/registration/regschedule/, but it wasn't confirmed: the probe was not sent or failed: robots.txt (https://bstreg.oakland.edu/robots.txt) disallows /StudentRegistrationSsb/ssb/classSearch/getTerms?searchTerm=&offset=1&max=100 for DueGooderBot, so the request was not sent (10 pages, 11 probes)
2026-09-12T15:40:21Z [samford] identifying the platform from https://www.samford.edu/
2026-09-12T15:40:27Z [uidaho] identified banner9 at https://banner.uidaho.edu/StudentRegistrationSsb/ (CrawledLink; 3 pages, 1 probes, 8.5s)
2026-09-12T15:40:27Z [msudenver] identifying the platform from https://www.msudenver.edu/
2026-09-12T15:40:29Z [samford] identified banner9 at https://ssb.samford.edu/StudentRegistrationSsb/ (CrawledLink; 3 pages, 1 probes, 8.2s)
2026-09-12T15:40:29Z [ou] identifying the platform from https://www.ou.edu/
2026-09-12T15:40:33Z [msudenver] identified banner9 at https://ssb.msudenver.edu/StudentRegistrationSsb/ (CrawledLink; 2 pages, 1 probes, 6.4s)
2026-09-12T15:40:33Z [neu] identifying the platform from https://www.northeastern.edu/
2026-09-12T15:40:46Z [kccd] not identified from the homepage: the well-known banner9 host reg-prod.ec.kccd.edu exists, but its robots.txt refused the probe: the probe was not sent or failed: robots.txt (https://reg-prod.ec.kccd.edu/robots.txt) could not be read (HTTP 503); RFC 9309 treats that as disallow-all, so the request was not sent (1 pages, 10 probes)
2026-09-12T15:40:46Z [ucr] identifying the platform from https://www.ucr.edu/
2026-09-12T15:40:48Z [odu] not identified from the homepage: the well-known banner9 host reg-prod.ec.odu.edu exists, but its robots.txt refused the probe: the probe was not sent or failed: robots.txt (https://reg-prod.ec.odu.edu/robots.txt) could not be read (HTTP 503); RFC 9309 treats that as disallow-all, so the request was not sent (1 pages, 10 probes)
2026-09-12T15:40:48Z [montgomery] identifying the platform from https://www.montgomerycollege.edu/
2026-09-12T15:40:52Z [neu] identified banner9 at https://nubanner.neu.edu/StudentRegistrationSsb/ (CrawledLink; 6 pages, 1 probes, 18.6s)
2026-09-12T15:40:52Z [temple] identifying the platform from https://www.temple.edu/
2026-09-12T15:40:52Z [lehigh] not identified from the homepage: the well-known banner9 host reg-prod.ec.lehigh.edu exists, but its robots.txt refused the probe: the probe was not sent or failed: robots.txt (https://reg-prod.ec.lehigh.edu/robots.txt) could not be read (HTTP 503); RFC 9309 treats that as disallow-all, so the request was not sent (2 pages, 10 probes)
2026-09-12T15:40:52Z [uncc] identifying the platform from https://www.charlotte.edu/
2026-09-12T15:40:52Z [montgomery] identified banner9 at https://b9pubstu.glb.montgomerycollege.edu/StudentRegistrationSsb/ (HomepageLink; 1 pages, 1 probes, 4.4s)
2026-09-12T15:40:52Z [uncw] identifying the platform from https://uncw.edu/
2026-09-12T15:40:53Z [ucr] identified banner9 at https://registrationssb.ucr.edu/StudentRegistrationSsb/ (GuessedHost; 1 pages, 9 probes, 7.2s)
2026-09-12T15:40:53Z [usf] identifying the platform from https://www.usf.edu/
2026-09-12T15:40:58Z [temple] identified banner9 at https://prd-xereg.temple.edu/StudentRegistrationSsb/ (CrawledLink; 2 pages, 1 probes, 6.4s)
2026-09-12T15:40:58Z [sju] identifying the platform from https://www.sju.edu/
2026-09-12T15:40:59Z [uncw] identified banner9 at https://registration.uncw.edu/StudentRegistrationSsb/ (GuessedHost; 2 pages, 2 probes, 6.6s)
2026-09-12T15:40:59Z [cocc] identifying the platform from https://www.cocc.edu/
2026-09-12T15:41:05Z [sju] identified banner9 at https://registration.sju.edu/StudentRegistrationSsb/ (GuessedHost; 1 pages, 2 probes, 6.4s)
2026-09-12T15:41:05Z [ufv] identifying the platform from https://www.ufv.ca/
2026-09-12T15:41:05Z [ctstate] not identified from the homepage: a banner9 entry point https://reg-prod.ec.ct.edu/StudentRegistrationSsb/ was found on https://ctstate.edu/admissions-registration/one-stop-enrollment-center, but it wasn't confirmed: the probe was not sent or failed: robots.txt (https://reg-prod.ec.ct.edu/robots.txt) could not be read (HTTP 503); RFC 9309 treats that as disallow-all, so the request was not sent (10 pages, 11 probes)
2026-09-12T15:41:05Z [louisville] identifying the platform from https://louisville.edu/
2026-09-12T15:41:08Z [cocc] identified banner9 at https://reg-prod.cocc.edu/StudentRegistrationSsb/ (CrawledLink; 3 pages, 1 probes, 9.0s)
2026-09-12T15:41:08Z [mizzou] identifying the platform from https://missouri.edu/
2026-09-12T15:41:11Z [ufv] identified banner9 at https://apps.ban.ufv.ca/StudentRegistrationSsb/ (CrawledLink; 2 pages, 1 probes, 6.6s)
2026-09-12T15:41:11Z [nau] identifying the platform from https://nau.edu/
2026-09-12T15:41:11Z [eku] not identified from the homepage: the well-known banner9 host banner.eku.edu exists, but its robots.txt refused the probe: the probe was not sent or failed: robots.txt (https://banner.eku.edu/robots.txt) could not be read (Cannot determine the frame size or a corrupted frame was received.); RFC 9309 treats that as disallow-all, so the request was not sent (3 pages, 10 probes)
2026-09-12T15:41:11Z [lsu] identifying the platform from https://www.lsu.edu/
2026-09-12T15:41:13Z [mizzou] not identified from the homepage: no connector recognized the site after 2 pages and 10 probes (2 pages, 10 probes)
2026-09-12T15:41:13Z [dallascollege] identifying the platform from https://www.dallascollege.edu/
2026-09-12T15:41:14Z [nau] not identified from the homepage: no connector recognized the site after 1 pages and 10 probes (1 pages, 10 probes)
2026-09-12T15:41:14Z [bellarmine] identifying the platform from https://www.bellarmine.edu/
2026-09-12T15:41:16Z [usf] identified banner9 at https://studentssb9.it.usf.edu/StudentRegistrationSsb/ (CrawledLink; 10 pages, 1 probes, 22.4s)
2026-09-12T15:41:16Z [swccd] identifying the platform from https://www.swccd.edu/
2026-09-12T15:41:19Z [louisville] not identified from the homepage: no connector recognized the site; its pages point to workday, peoplesoft (7 pages, 10 probes)
2026-09-12T15:41:19Z [kishwaukee] identifying the platform from https://www.kish.edu/
2026-09-12T15:41:19Z [uncc] not identified from the homepage: a banner9 entry point https://selfservice.uncc.edu/StudentRegistrationSsb/ was found on https://registrar.charlotte.edu/commonly-requested-information/schedule-classes/, but it wasn't confirmed: GET https://selfservice.uncc.edu/StudentRegistrationSsb/ssb/classSearch/getTerms?searchTerm=&offset=1&max=100 returned HTTP 500 without Banner term JSON (10 pages, 11 probes)
2026-09-12T15:41:27Z [oakton] not identified from the homepage: a banner9 entry point https://banner.oakton.edu/StudentRegistrationSsb/ was found on https://www.oakton.edu/, but it wasn't confirmed: the probe was not sent or failed: robots.txt (https://banner.oakton.edu/robots.txt) could not be read (HTTP 503); RFC 9309 treats that as disallow-all, so the request was not sent (4 pages, 10 probes)
2026-09-12T15:41:29Z [bellarmine] not identified from the homepage: no connector recognized the site after 6 pages and 10 probes (6 pages, 10 probes)
2026-09-12T15:41:31Z [lsu] not identified from the homepage: no connector recognized the site after 10 pages and 10 probes (10 pages, 10 probes)
2026-09-12T15:41:33Z [dallascollege] not identified from the homepage: no connector recognized the site; its pages point to workday (10 pages, 10 probes)
2026-09-12T15:41:35Z [swccd] not identified from the homepage: no connector recognized the site; its pages point to colleague (10 pages, 10 probes)
2026-09-12T15:41:36Z [ou] identified banner9 at https://sis.ou.edu/StudentRegistrationSsb/ (GuessedHost; 1 pages, 7 probes, 66.5s)
2026-09-12T15:41:45Z [ullafayette] not identified from the homepage: a banner9 entry point https://reg-prod.ec.louisiana.edu/StudentRegistrationSsb/ was found on https://louisiana.edu/registrar/registration/schedule-classes, but it wasn't confirmed: the probe was not sent or failed: robots.txt (https://reg-prod.ec.louisiana.edu/robots.txt) could not be read (HTTP 503); RFC 9309 treats that as disallow-all, so the request was not sent (10 pages, 10 probes)
2026-09-12T15:42:01Z [ucmerced] not identified from the homepage: the well-known banner9 host reg-prod.ec.ucmerced.edu exists, but its robots.txt refused the probe: the probe was not sent or failed: robots.txt (https://reg-prod.ec.ucmerced.edu/robots.txt) could not be read (HTTP 503); RFC 9309 treats that as disallow-all, so the request was not sent (1 pages, 10 probes)
2026-09-12T15:42:34Z [kishwaukee] not identified from the homepage: no connector recognized the site; its pages point to colleague (6 pages, 10 probes)
2026-09-12T15:43:06Z [uindy] not identified from the homepage: a banner9 entry point https://banner.uindy.edu/StudentRegistrationSsb/ was found on https://uindy.edu/registrar/course-schedules, but it wasn't confirmed: the probe was not sent or failed: robots.txt (https://banner.uindy.edu/robots.txt) could not be read (The response ended prematurely. (ResponseEnded)); RFC 9309 treats that as disallow-all, so the request was not sent (10 pages, 10 probes)
2026-09-12T15:43:09Z [aum] not identified from the homepage: a banner9 entry point https://ssb9.aum.edu/StudentRegistrationSsb/ was found on https://www.aum.edu/, but it wasn't confirmed: the probe was not sent or failed: robots.txt (https://ssb9.aum.edu/robots.txt) could not be read (The response ended prematurely. (ResponseEnded)); RFC 9309 treats that as disallow-all, so the request was not sent (10 pages, 10 probes)
2026-09-12T15:43:09Z [uidaho] started (banner9, https://banner.uidaho.edu/StudentRegistrationSsb/)
2026-09-12T15:43:09Z [samford] started (banner9, https://ssb.samford.edu/StudentRegistrationSsb/)
2026-09-12T15:43:09Z [cofc] started (banner9, https://ssb.cofc.edu/StudentRegistrationSsb/)
2026-09-12T15:43:09Z [starkstate] started (banner9, https://selfservice-registration.starkstate.edu/StudentRegistrationSsb/)
2026-09-12T15:43:09Z [fhda] started (banner9, https://reg.oci.fhda.edu/StudentRegistrationSsb/)
2026-09-12T15:43:09Z [okstate] started (banner9, https://studentregistrationssb.okstate.edu/StudentRegistrationSsb/)
2026-09-12T15:43:09Z [blinn] started (banner9, https://ban9reg.blinn.edu/StudentRegistrationSsb/)
2026-09-12T15:43:09Z [ucr] started (banner9, https://registrationssb.ucr.edu/StudentRegistrationSsb/)
2026-09-12T15:43:09Z [neu] started (banner9, https://nubanner.neu.edu/StudentRegistrationSsb/)
2026-09-12T15:43:09Z [uiuc] started (banner9, https://banner.apps.uillinois.edu/StudentRegistrationSSB/)
2026-09-12T15:43:09Z [msudenver] started (banner9, https://ssb.msudenver.edu/StudentRegistrationSsb/)
2026-09-12T15:43:09Z [ou] started (banner9, https://sis.ou.edu/StudentRegistrationSsb/)
2026-09-12T15:43:09Z [samford] 3 terms listed, collecting 3
2026-09-12T15:43:09Z [starkstate] 87 terms listed, collecting 24
2026-09-12T15:43:09Z [uidaho] 48 terms listed, collecting 24
2026-09-12T15:43:09Z [msudenver] 72 terms listed, collecting 24
2026-09-12T15:43:11Z [ucr] 183 terms listed, collecting 24
2026-09-12T15:43:11Z [ou] 138 terms listed, collecting 24
2026-09-12T15:43:11Z [cofc] 28 terms listed, collecting 24
2026-09-12T15:43:11Z [okstate] 31 terms listed, collecting 24
2026-09-12T15:43:11Z [uiuc] 87 terms listed, collecting 24
2026-09-12T15:43:13Z [fhda] 136 terms listed, collecting 24
2026-09-12T15:43:13Z [neu] 269 terms listed, collecting 24
2026-09-12T15:43:13Z [uiuc] term 120268 "Fall 2026 - Urbana-Champaign" FAILED: term/search redirected (HTTP 302), so class search needs a sign-in; only public data is collected [https://banner.apps.uillinois.edu/StudentRegistrationSSB/ssb/term/search?mode=search&mepCode=1UIUC]
2026-09-12T15:43:13Z [blinn] 9 terms listed, collecting 9
2026-09-12T15:43:15Z [uiuc] term 120265 "Summer 2026 - Urbana-Champaign" FAILED: term/search redirected (HTTP 302), so class search needs a sign-in; only public data is collected [https://banner.apps.uillinois.edu/StudentRegistrationSSB/ssb/term/search?mode=search&mepCode=1UIUC]
2026-09-12T15:43:17Z [uiuc] term 120261 "Spring 2026 - Urbana-Champaign" FAILED: term/search redirected (HTTP 302), so class search needs a sign-in; only public data is collected [https://banner.apps.uillinois.edu/StudentRegistrationSSB/ssb/term/search?mode=search&mepCode=1UIUC]
2026-09-12T15:43:17Z [ou] term 202660 "Long Term Liberal Studies 2026" (new): 0 sections, 0 meetings, 0 extraction failures; 0 added, 0 changed, 0 unchanged, 0 not seen; 1 rows written (6.3s)
2026-09-12T15:43:19Z [uiuc] term 120260 "Winter 2025-2026 Urbana-Chmpgn" FAILED: term/search redirected (HTTP 302), so class search needs a sign-in; only public data is collected [https://banner.apps.uillinois.edu/StudentRegistrationSSB/ssb/term/search?mode=search&mepCode=1UIUC]
2026-09-12T15:43:21Z [uiuc] term 120258 "Fall 2025 - Urbana-Champaign" FAILED: term/search redirected (HTTP 302), so class search needs a sign-in; only public data is collected [https://banner.apps.uillinois.edu/StudentRegistrationSSB/ssb/term/search?mode=search&mepCode=1UIUC]
2026-09-12T15:43:21Z [uiuc] Failed: 0/5 terms (0 new), 0 sections, 0 meetings, 7 requests (0 from cache), 0.0 MB, 00:00:12; stopped after 5 terms failed in a row; last: term/search redirected (HTTP 302), so class search needs a sign-in; only public data is collected
2026-09-12T15:43:21Z [montgomery] started (banner9, https://b9pubstu.glb.montgomerycollege.edu/StudentRegistrationSsb/)
2026-09-12T15:43:22Z [montgomery] 8 terms listed, collecting 8
2026-09-12T15:43:39Z [starkstate] term 202720 "Fall 2026" (new): 1818 sections, 2030 meetings, 0 extraction failures; 1818 added, 0 changed, 0 unchanged, 0 not seen; 5934 rows written (29.9s)
2026-09-12T15:43:41Z [cofc] term 202710 "2026 Fall" (new): 3317 sections, 3445 meetings, 0 extraction failures; 3317 added, 0 changed, 0 unchanged, 0 not seen; 10381 rows written (29.8s)
2026-09-12T15:43:42Z [samford] term 202670 "Fall 2026 24-AUG-2026 - 10-DEC-2026" (new): 2363 sections, 2404 meetings, 0 extraction failures; 2363 added, 0 changed, 0 unchanged, 0 not seen; 7915 rows written (32.7s)
2026-09-12T15:43:43Z [fhda] term 202742 "2027 Spring De Anza (View Only)" (new): 1511 sections, 2308 meetings, 0 extraction failures; 1511 added, 0 changed, 0 unchanged, 0 not seen; 5222 rows written (29.9s)
2026-09-12T15:43:45Z [starkstate] term 202710 "Summer 2026 (View Only)" (new): 359 sections, 376 meetings, 0 extraction failures; 359 added, 0 changed, 0 unchanged, 0 not seen; 1182 rows written (6.3s)
2026-09-12T15:43:49Z [cofc] term 202630 "2026 Summer (View Only)" (new): 716 sections, 740 meetings, 0 extraction failures; 716 added, 0 changed, 0 unchanged, 0 not seen; 2182 rows written (8.0s)
2026-09-12T15:43:49Z [samford] term 202650 "Summer 2026 04-MAY-2026 - 07-AUG-2026 (View Only)" (new): 496 sections, 447 meetings, 0 extraction failures; 496 added, 0 changed, 0 unchanged, 0 not seen; 1649 rows written (7.6s)
2026-09-12T15:43:56Z [uidaho] term 202620 "Spring 2027 (View Only)" (new): 3544 sections, 3852 meetings, 0 extraction failures; 3544 added, 0 changed, 0 unchanged, 0 not seen; 10506 rows written (46.5s)
2026-09-12T15:43:56Z [blinn] term 502710 "QTR 1 2026-2027-Cont Ed ONLY" (new): 11 sections, 14 meetings, 0 extraction failures; 11 added, 0 changed, 0 unchanged, 0 not seen; 37 rows written (42.4s)
2026-09-12T15:44:00Z [blinn] term 502640 "QTR 4 2025-2026-Cont Ed ONLY (View Only)" (new): 32 sections, 32 meetings, 0 extraction failures; 32 added, 0 changed, 0 unchanged, 0 not seen; 97 rows written (4.2s)
2026-09-12T15:44:05Z [fhda] term 202741 "2027 Spring Foothill (View Only)" (new): 1034 sections, 1545 meetings, 0 extraction failures; 1034 added, 0 changed, 0 unchanged, 0 not seen; 3695 rows written (22.0s)
2026-09-12T15:44:06Z [blinn] term 502610 "QTR 1 2025-2026-Cont Ed ONLY (View Only)" (new): 34 sections, 34 meetings, 0 extraction failures; 34 added, 0 changed, 0 unchanged, 0 not seen; 101 rows written (6.5s)
2026-09-12T15:44:10Z [starkstate] term 202640 "Spring 2026 (View Only)" (new): 1723 sections, 1892 meetings, 0 extraction failures; 1723 added, 0 changed, 0 unchanged, 0 not seen; 5706 rows written (24.8s)
2026-09-12T15:44:16Z [okstate] term 202660 "Fall 2026" (new): 8492 sections, 10490 meetings, 0 extraction failures; 8492 added, 0 changed, 0 unchanged, 0 not seen; 28296 rows written (65.0s)
2026-09-12T15:44:17Z [montgomery] term 202830 "Spring 2028 (View Only)" (new): 3292 sections, 3637 meetings, 0 extraction failures; 3292 added, 0 changed, 0 unchanged, 0 not seen; 6946 rows written (55.6s)
2026-09-12T15:44:18Z [cofc] term 202620 "2026 Spring (View Only)" (new): 3158 sections, 3281 meetings, 0 extraction failures; 3158 added, 0 changed, 0 unchanged, 0 not seen; 9798 rows written (29.2s)
2026-09-12T15:44:23Z [montgomery] term 202824 "Winter 2028 (View Only)" (new): 180 sections, 188 meetings, 0 extraction failures; 180 added, 0 changed, 0 unchanged, 0 not seen; 369 rows written (5.5s)
2026-09-12T15:44:26Z [samford] term 202620 "Spring 2026 12-JAN-2026 - 30-APR-2026 (View Only)" (new): 2217 sections, 2180 meetings, 0 extraction failures; 2217 added, 0 changed, 0 unchanged, 0 not seen; 7309 rows written (36.7s)
2026-09-12T15:44:26Z [samford] Collected: 3/3 terms (3 new), 5076 sections, 5031 meetings, 24 requests (0 from cache), 16.4 MB, 00:01:25
2026-09-12T15:44:26Z [gmu] started (banner9, https://ssbstureg.gmu.edu/StudentRegistrationSsb/)
2026-09-12T15:44:30Z [gmu] 113 terms listed, collecting 24
2026-09-12T15:44:33Z [ou] term 202610 "Fall 2026" (new): 12256 sections, 15377 meetings, 0 extraction failures; 12256 added, 0 changed, 0 unchanged, 0 not seen; 39424 rows written (76.0s)
2026-09-12T15:44:34Z [fhda] term 202732 "2027 Winter De Anza (View Only)" (new): 1552 sections, 2366 meetings, 0 extraction failures; 1552 added, 0 changed, 0 unchanged, 0 not seen; 5336 rows written (28.9s)
2026-09-12T15:44:35Z [msudenver] term 202650 "Fall 2026" (new): 3482 sections, 3834 meetings, 0 extraction failures; 3482 added, 0 changed, 0 unchanged, 0 not seen; 10830 rows written (86.0s)
2026-09-12T15:44:36Z [starkstate] term 202620 "Fall 2025 (View Only)" (new): 1750 sections, 1938 meetings, 0 extraction failures; 1750 added, 0 changed, 0 unchanged, 0 not seen; 5893 rows written (25.8s)
2026-09-12T15:44:37Z [ou] term 202560 "Long Term Liberal Studies 2025 (View Only)" (new): 1 sections, 1 meetings, 0 extraction failures; 1 added, 0 changed, 0 unchanged, 0 not seen; 4 rows written (4.1s)
2026-09-12T15:44:39Z [okstate] term 202640 "Summer 2026 (View Only)" (new): 3471 sections, 3706 meetings, 0 extraction failures; 3471 added, 0 changed, 0 unchanged, 0 not seen; 10713 rows written (22.8s)
2026-09-12T15:44:43Z [starkstate] term 202610 "Summer 2025 (View Only)" (new): 364 sections, 384 meetings, 0 extraction failures; 364 added, 0 changed, 0 unchanged, 0 not seen; 1192 rows written (7.3s)
2026-09-12T15:44:45Z [cofc] term 202610 "2025 Fall (View Only)" (new): 3173 sections, 3274 meetings, 0 extraction failures; 3173 added, 0 changed, 0 unchanged, 0 not seen; 9849 rows written (27.4s)
2026-09-12T15:44:56Z [ucr] term 202640 "Fall 2026" (new): 11240 sections, 11240 meetings, 0 extraction failures; 11240 added, 0 changed, 0 unchanged, 0 not seen; 32976 rows written (105.2s)
2026-09-12T15:44:56Z [msudenver] term 202640 "Summer 2026 (View Only)" (new): 671 sections, 722 meetings, 0 extraction failures; 671 added, 0 changed, 0 unchanged, 0 not seen; 2071 rows written (21.2s)
2026-09-12T15:44:57Z [cofc] term 202530 "2025 Summer (View Only)" (new): 689 sections, 741 meetings, 0 extraction failures; 689 added, 0 changed, 0 unchanged, 0 not seen; 2123 rows written (11.1s)
2026-09-12T15:44:57Z [fhda] term 202731 "2027 Winter Foothill (View Only)" (new): 1147 sections, 1693 meetings, 0 extraction failures; 1147 added, 0 changed, 0 unchanged, 0 not seen; 4067 rows written (23.2s)
2026-09-12T15:44:58Z [uidaho] term 202610 "Fall 2026" (new): 4012 sections, 4317 meetings, 0 extraction failures; 4012 added, 0 changed, 0 unchanged, 0 not seen; 13167 rows written (62.7s)
2026-09-12T15:45:05Z [ou] term 202530 "Summer 2026 (View Only)" (new): 2727 sections, 2968 meetings, 0 extraction failures; 2727 added, 0 changed, 0 unchanged, 0 not seen; 8295 rows written (27.7s)
2026-09-12T15:45:09Z [starkstate] term 202540 "Spring 2025 (View Only)" (new): 1789 sections, 1946 meetings, 0 extraction failures; 1789 added, 0 changed, 0 unchanged, 0 not seen; 5780 rows written (25.7s)
2026-09-12T15:45:11Z [uidaho] term 202600 "Summer 2026 (View Only)" (new): 899 sections, 916 meetings, 0 extraction failures; 899 added, 0 changed, 0 unchanged, 0 not seen; 2766 rows written (12.6s)
2026-09-12T15:45:13Z [neu] term 202710 "Fall 2026 Semester" (new): 9644 sections, 10216 meetings, 0 extraction failures; 9644 added, 0 changed, 0 unchanged, 0 not seen; 19861 rows written (120.0s)
2026-09-12T15:45:17Z [montgomery] term 202820 "Fall 2027 (View Only)" (new): 3588 sections, 3920 meetings, 0 extraction failures; 3588 added, 0 changed, 0 unchanged, 0 not seen; 7520 rows written (53.9s)
2026-09-12T15:45:18Z [neu] term 202655 "Summer 2026 CPS Quarter (View Only)" (new): 132 sections, 163 meetings, 0 extraction failures; 132 added, 0 changed, 0 unchanged, 0 not seen; 296 rows written (4.7s)
2026-09-12T15:45:21Z [ucr] term 202630 "Summer 2026 (View Only)" (new): 1657 sections, 1679 meetings, 0 extraction failures; 1657 added, 0 changed, 0 unchanged, 0 not seen; 5907 rows written (24.8s)
2026-09-12T15:45:22Z [cofc] term 202520 "2025 Spring (View Only)" (new): 3114 sections, 3212 meetings, 0 extraction failures; 3114 added, 0 changed, 0 unchanged, 0 not seen; 9632 rows written (25.4s)
2026-09-12T15:45:24Z [fhda] term 202722 "2026 Fall De Anza" (new): 1672 sections, 2520 meetings, 0 extraction failures; 1672 added, 0 changed, 0 unchanged, 0 not seen; 5871 rows written (27.4s)
2026-09-12T15:45:35Z [blinn] term 202710 "Fall 2026" (new): 2241 sections, 2599 meetings, 0 extraction failures; 2241 added, 0 changed, 0 unchanged, 0 not seen; 7147 rows written (88.6s)
2026-09-12T15:45:36Z [starkstate] term 202520 "Fall 2024 (View Only)" (new): 1936 sections, 2133 meetings, 0 extraction failures; 1936 added, 0 changed, 0 unchanged, 0 not seen; 6223 rows written (26.5s)
2026-09-12T15:45:44Z [starkstate] term 202510 "Summer 2024 (View Only)" (new): 353 sections, 375 meetings, 0 extraction failures; 353 added, 0 changed, 0 unchanged, 0 not seen; 1150 rows written (8.3s)
2026-09-12T15:45:46Z [blinn] term 202640 "Summer II 2026 (View Only)" (new): 173 sections, 187 meetings, 0 extraction failures; 173 added, 0 changed, 0 unchanged, 0 not seen; 534 rows written (10.6s)
2026-09-12T15:45:47Z [fhda] term 202721 "2026 Fall Foothill" (new): 1128 sections, 1675 meetings, 0 extraction failures; 1128 added, 0 changed, 0 unchanged, 0 not seen; 4037 rows written (22.4s)
2026-09-12T15:45:51Z [cofc] term 202510 "2024 Fall (View Only)" (new): 3198 sections, 3347 meetings, 0 extraction failures; 3198 added, 0 changed, 0 unchanged, 0 not seen; 9906 rows written (29.2s)
2026-09-12T15:45:55Z [okstate] term 202620 "Spring 2026 (View Only)" (new): 8427 sections, 12964 meetings, 0 extraction failures; 8427 added, 0 changed, 0 unchanged, 0 not seen; 30744 rows written (76.0s)
2026-09-12T15:46:00Z [fhda] term 202712 "2026 Summer De Anza" (new): 593 sections, 817 meetings, 0 extraction failures; 593 added, 0 changed, 0 unchanged, 0 not seen; 2004 rows written (12.8s)
2026-09-12T15:46:00Z [cofc] term 202430 "2024 Summer (View Only)" (new): 670 sections, 716 meetings, 0 extraction failures; 670 added, 0 changed, 0 unchanged, 0 not seen; 2069 rows written (8.6s)
2026-09-12T15:46:04Z [neu] term 202650 "Summer 2026 Semester (View Only)" (new): 3503 sections, 3564 meetings, 0 extraction failures; 3503 added, 0 changed, 0 unchanged, 0 not seen; 7068 rows written (45.7s)
2026-09-12T15:46:04Z [blinn] term 202630 "Summer I 2026 (View Only)" (new): 330 sections, 413 meetings, 0 extraction failures; 330 added, 0 changed, 0 unchanged, 0 not seen; 1087 rows written (18.3s)
2026-09-12T15:46:08Z [uidaho] term 202520 "Spring 2026 (View Only)" (new): 3837 sections, 4138 meetings, 0 extraction failures; 3837 added, 0 changed, 0 unchanged, 0 not seen; 12561 rows written (56.6s)
2026-09-12T15:46:08Z [starkstate] term 202440 "Spring 2024 (View Only)" (new): 1725 sections, 1916 meetings, 0 extraction failures; 1725 added, 0 changed, 0 unchanged, 0 not seen; 5647 rows written (24.3s)
2026-09-12T15:46:10Z [blinn] term 202625 "May Minimester 2026 (View Only)" (new): 41 sections, 41 meetings, 0 extraction failures; 41 added, 0 changed, 0 unchanged, 0 not seen; 124 rows written (5.8s)
2026-09-12T15:46:12Z [uidaho] term 202515 "Winter Intersession 2025 (View Only)" (new): 10 sections, 10 meetings, 0 extraction failures; 10 added, 0 changed, 0 unchanged, 0 not seen; 31 rows written (4.8s)
2026-09-12T15:46:13Z [fhda] term 202711 "2026 Summer Foothill" (new): 509 sections, 734 meetings, 0 extraction failures; 509 added, 0 changed, 0 unchanged, 0 not seen; 1814 rows written (13.4s)
2026-09-12T15:46:14Z [neu] term 202635 "Spring 2026 CPS Quarter (View Only)" (new): 549 sections, 580 meetings, 0 extraction failures; 549 added, 0 changed, 0 unchanged, 0 not seen; 1130 rows written (10.8s)
2026-09-12T15:46:17Z [montgomery] term 202730 "Spring 2027 (View Only)" (new): 3297 sections, 3636 meetings, 0 extraction failures; 3297 added, 0 changed, 0 unchanged, 0 not seen; 8153 rows written (60.2s)
2026-09-12T15:46:20Z [msudenver] term 202630 "Spring 2026 (View Only)" (new): 3370 sections, 3729 meetings, 0 extraction failures; 3370 added, 0 changed, 0 unchanged, 0 not seen; 10529 rows written (83.1s)
2026-09-12T15:46:23Z [montgomery] term 202724 "Winter 2027 (View Only)" (new): 180 sections, 188 meetings, 0 extraction failures; 180 added, 0 changed, 0 unchanged, 0 not seen; 460 rows written (6.1s)
2026-09-12T15:46:26Z [cofc] term 202420 "2024 Spring (View Only)" (new): 3210 sections, 3192 meetings, 0 extraction failures; 3210 added, 0 changed, 0 unchanged, 0 not seen; 9592 rows written (26.2s)
2026-09-12T15:46:35Z [starkstate] term 202420 "Fall 2023 (View Only)" (new): 1857 sections, 2059 meetings, 0 extraction failures; 1857 added, 0 changed, 0 unchanged, 0 not seen; 6130 rows written (26.7s)
2026-09-12T15:46:42Z [fhda] term 202642 "2026 Spring De Anza (View Only)" (new): 1524 sections, 2259 meetings, 0 extraction failures; 1524 added, 0 changed, 0 unchanged, 0 not seen; 5336 rows written (28.6s)
2026-09-12T15:46:42Z [starkstate] term 202410 "Summer 2023 (View Only)" (new): 349 sections, 373 meetings, 0 extraction failures; 349 added, 0 changed, 0 unchanged, 0 not seen; 1107 rows written (7.0s)
2026-09-12T15:46:47Z [gmu] term 202670 "Fall 2026" (new): 6735 sections, 7558 meetings, 0 extraction failures; 6735 added, 0 changed, 0 unchanged, 0 not seen; 21377 rows written (136.9s)
2026-09-12T15:46:48Z [starkstate] term 202345 "Continuing Educ. Spring 2023 (View Only)" (new): 0 sections, 0 meetings, 0 extraction failures; 0 added, 0 changed, 0 unchanged, 0 not seen; 1 rows written (5.9s)
2026-09-12T15:46:51Z [cofc] term 202410 "2023 Fall (View Only)" (new): 3161 sections, 3190 meetings, 0 extraction failures; 3161 added, 0 changed, 0 unchanged, 0 not seen; 9530 rows written (25.0s)
2026-09-12T15:47:00Z [cofc] term 202330 "2023 Summer (View Only)" (new): 710 sections, 715 meetings, 0 extraction failures; 710 added, 0 changed, 0 unchanged, 0 not seen; 2096 rows written (8.6s)
2026-09-12T15:47:03Z [fhda] term 202641 "2026 Spring Foothill (View Only)" (new): 1042 sections, 1553 meetings, 0 extraction failures; 1042 added, 0 changed, 0 unchanged, 0 not seen; 3788 rows written (21.7s)
2026-09-12T15:47:10Z [ucr] term 202620 "Spring 2026 (View Only)" (new): 10613 sections, 10614 meetings, 0 extraction failures; 10613 added, 0 changed, 0 unchanged, 0 not seen; 34519 rows written (108.5s)
2026-09-12T15:47:13Z [ou] term 202520 "Spring 2026 (View Only)" (new): 11942 sections, 14743 meetings, 0 extraction failures; 11942 added, 0 changed, 0 unchanged, 0 not seen; 38245 rows written (128.3s)
2026-09-12T15:47:15Z [uidaho] term 202510 "Fall 2025 (View Only)" (new): 3927 sections, 4220 meetings, 0 extraction failures; 3927 added, 0 changed, 0 unchanged, 0 not seen; 12836 rows written (62.3s)
2026-09-12T15:47:18Z [okstate] term 202560 "Fall 2025 (View Only)" (new): 8680 sections, 13603 meetings, 0 extraction failures; 8680 added, 0 changed, 0 unchanged, 0 not seen; 31838 rows written (82.7s)
2026-09-12T15:47:18Z [starkstate] term 202340 "Spring 2023 (View Only)" (new): 1798 sections, 1978 meetings, 0 extraction failures; 1798 added, 0 changed, 0 unchanged, 0 not seen; 5797 rows written (30.7s)
2026-09-12T15:47:19Z [blinn] term 202620 "Spring 2026 (View Only)" (new): 2062 sections, 2421 meetings, 0 extraction failures; 2062 added, 0 changed, 0 unchanged, 0 not seen; 6638 rows written (69.6s)
2026-09-12T15:47:20Z [gmu] term 202640 "Summer 2026 (View Only)" (new): 1481 sections, 1703 meetings, 0 extraction failures; 1481 added, 0 changed, 0 unchanged, 0 not seen; 4711 rows written (32.5s)
2026-09-12T15:47:24Z [cofc] term 202320 "2023 Spring (View Only)" (new): 2958 sections, 3150 meetings, 0 extraction failures; 2958 added, 0 changed, 0 unchanged, 0 not seen; 9195 rows written (24.6s)
2026-09-12T15:47:24Z [blinn] term 202615 "Winter Minimester 2025-2026 (View Only)" (new): 80 sections, 80 meetings, 0 extraction failures; 80 added, 0 changed, 0 unchanged, 0 not seen; 241 rows written (5.1s)
2026-09-12T15:47:24Z [blinn] Collected: 9/9 terms (9 new), 5004 sections, 5821 meetings, 37 requests (0 from cache), 14.9 MB, 00:04:15
2026-09-12T15:47:24Z [temple] started (banner9, https://prd-xereg.temple.edu/StudentRegistrationSsb/)
2026-09-12T15:47:25Z [temple] 63 terms listed, collecting 24
2026-09-12T15:47:27Z [uidaho] term 202500 "Summer 2025 (View Only)" (new): 902 sections, 926 meetings, 0 extraction failures; 902 added, 0 changed, 0 unchanged, 0 not seen; 2763 rows written (12.3s)
2026-09-12T15:47:32Z [fhda] term 202632 "2026 Winter De Anza (View Only)" (new): 1602 sections, 2343 meetings, 0 extraction failures; 1602 added, 0 changed, 0 unchanged, 0 not seen; 5580 rows written (29.0s)
2026-09-12T15:47:42Z [starkstate] term 202320 "Fall 2022 (View Only)" (new): 1869 sections, 2114 meetings, 0 extraction failures; 1869 added, 0 changed, 0 unchanged, 0 not seen; 6134 rows written (23.3s)
2026-09-12T15:47:43Z [okstate] term 202540 "Summer 2025 (View Only)" (new): 3580 sections, 3771 meetings, 0 extraction failures; 3580 added, 0 changed, 0 unchanged, 0 not seen; 11008 rows written (25.2s)
2026-09-12T15:47:48Z [neu] term 202630 "Spring 2026 Semester (View Only)" (new): 7012 sections, 8128 meetings, 0 extraction failures; 7012 added, 0 changed, 0 unchanged, 0 not seen; 15141 rows written (93.8s)
2026-09-12T15:47:49Z [starkstate] term 202310 "Summer 2022 (View Only)" (new): 354 sections, 384 meetings, 0 extraction failures; 354 added, 0 changed, 0 unchanged, 0 not seen; 1168 rows written (7.1s)
2026-09-12T15:47:52Z [cofc] term 202310 "2022 Fall (View Only)" (new): 3045 sections, 3271 meetings, 0 extraction failures; 3045 added, 0 changed, 0 unchanged, 0 not seen; 9455 rows written (27.3s)
2026-09-12T15:47:53Z [fhda] term 202631 "2026 Winter Foothill (View Only)" (new): 1162 sections, 1701 meetings, 0 extraction failures; 1162 added, 0 changed, 0 unchanged, 0 not seen; 4158 rows written (21.1s)
2026-09-12T15:47:55Z [starkstate] term 202245 "Continuing Educ. Spring 2022 (View Only)" (new): 0 sections, 0 meetings, 0 extraction failures; 0 added, 0 changed, 0 unchanged, 0 not seen; 1 rows written (5.9s)
2026-09-12T15:47:58Z [neu] term 202625 "Winter 2026 CPS Quarter (View Only)" (new): 654 sections, 691 meetings, 0 extraction failures; 654 added, 0 changed, 0 unchanged, 0 not seen; 1346 rows written (9.6s)
2026-09-12T15:48:00Z [montgomery] term 202720 "Fall 2026" (new): 4558 sections, 5254 meetings, 0 extraction failures; 4558 added, 0 changed, 0 unchanged, 0 not seen; 15264 rows written (97.0s)
2026-09-12T15:48:00Z [cofc] term 202230 "2022 Summer (View Only)" (new): 646 sections, 727 meetings, 0 extraction failures; 646 added, 0 changed, 0 unchanged, 0 not seen; 2042 rows written (8.7s)
2026-09-12T15:48:12Z [neu] term 202615 "Fall 2025 CPS Quarter (View Only)" (new): 782 sections, 909 meetings, 0 extraction failures; 782 added, 0 changed, 0 unchanged, 0 not seen; 1692 rows written (14.1s)
2026-09-12T15:48:17Z [msudenver] term 202550 "Fall 2025 (View Only)" (new): 3417 sections, 3739 meetings, 0 extraction failures; 3417 added, 0 changed, 0 unchanged, 0 not seen; 10622 rows written; 1 sections missing (#2268 of 3418: Banner answered success:false with no sections, which it does when it can't return a record in the requested range) (117.5s)
2026-09-12T15:48:19Z [montgomery] term 202710 "Summer II 2026 (View Only)" (new): 878 sections, 1039 meetings, 0 extraction failures; 878 added, 0 changed, 0 unchanged, 0 not seen; 2855 rows written (18.9s)
2026-09-12T15:48:20Z [starkstate] term 202240 "Spring 2022 (View Only)" (new): 1805 sections, 2034 meetings, 0 extraction failures; 1805 added, 0 changed, 0 unchanged, 0 not seen; 5808 rows written (25.5s)
2026-09-12T15:48:22Z [fhda] term 202622 "2025 Fall De Anza (View Only)" (new): 1717 sections, 2511 meetings, 0 extraction failures; 1717 added, 0 changed, 0 unchanged, 0 not seen; 5966 rows written (28.0s)
2026-09-12T15:48:25Z [cofc] term 202220 "2022 Spring (View Only)" (new): 2893 sections, 3159 meetings, 0 extraction failures; 2893 added, 0 changed, 0 unchanged, 0 not seen; 9127 rows written (24.6s)
2026-09-12T15:48:28Z [uidaho] term 202420 "Spring 2025 (View Only)" (new): 4103 sections, 4393 meetings, 0 extraction failures; 4103 added, 0 changed, 0 unchanged, 0 not seen; 13353 rows written (61.3s)
2026-09-12T15:48:33Z [uidaho] term 202415 "Winter Intersession 2024 (View Only)" (new): 9 sections, 9 meetings, 0 extraction failures; 9 added, 0 changed, 0 unchanged, 0 not seen; 29 rows written (4.6s)
2026-09-12T15:48:38Z [msudenver] term 202540 "Summer 2025 (View Only)" (new): 680 sections, 742 meetings, 0 extraction failures; 680 added, 0 changed, 0 unchanged, 0 not seen; 2128 rows written (20.5s)
2026-09-12T15:48:39Z [montgomery] term 202640 "Summer I 2026 (View Only)" (new): 772 sections, 912 meetings, 0 extraction failures; 772 added, 0 changed, 0 unchanged, 0 not seen; 2619 rows written (20.4s)
2026-09-12T15:48:39Z [montgomery] Collected: 8/8 terms (8 new), 16745 sections, 18774 meetings, 59 requests (0 from cache), 57.9 MB, 00:05:22
2026-09-12T15:48:39Z [ccsf] started (banner9, https://ssb1.ccsf.edu:8105/StudentRegistrationSsb/)
2026-09-12T15:48:43Z [fhda] term 202621 "2025 Fall Foothill (View Only)" (new): 1117 sections, 1644 meetings, 0 extraction failures; 1117 added, 0 changed, 0 unchanged, 0 not seen; 4018 rows written (21.3s)
2026-09-12T15:48:43Z [ccsf] 146 terms listed, collecting 24
2026-09-12T15:48:44Z [starkstate] term 202220 "Fall 2021 (View Only)" (new): 1905 sections, 2193 meetings, 0 extraction failures; 1905 added, 0 changed, 0 unchanged, 0 not seen; 6215 rows written (23.5s)
2026-09-12T15:48:50Z [ccsf] term 202671 "Fall 2026 Noncredit" (new): 268 sections, 416 meetings, 0 extraction failures; 268 added, 0 changed, 0 unchanged, 0 not seen; 966 rows written (6.9s)
2026-09-12T15:48:51Z [starkstate] term 202210 "Summer 2021 (View Only)" (new): 393 sections, 412 meetings, 0 extraction failures; 393 added, 0 changed, 0 unchanged, 0 not seen; 1260 rows written (7.2s)
2026-09-12T15:48:53Z [cofc] term 202210 "2021 Fall (View Only)" (new): 2995 sections, 3303 meetings, 0 extraction failures; 2995 added, 0 changed, 0 unchanged, 0 not seen; 9527 rows written (28.3s)
2026-09-12T15:48:58Z [okstate] term 202520 "Spring 2025 (View Only)" (new): 8454 sections, 13146 meetings, 0 extraction failures; 8454 added, 0 changed, 0 unchanged, 0 not seen; 31023 rows written (74.5s)
2026-09-12T15:48:58Z [fhda] term 202612 "2025 Summer De Anza (View Only)" (new): 648 sections, 902 meetings, 0 extraction failures; 648 added, 0 changed, 0 unchanged, 0 not seen; 2199 rows written (14.9s)
2026-09-12T15:49:02Z [cofc] term 202130 "2021 Summer (View Only)" (new): 675 sections, 810 meetings, 0 extraction failures; 675 added, 0 changed, 0 unchanged, 0 not seen; 2177 rows written (8.9s)
2026-09-12T15:49:11Z [ou] term 202510 "Fall 2025 (View Only)" (new): 12170 sections, 15268 meetings, 0 extraction failures; 12170 added, 0 changed, 0 unchanged, 0 not seen; 39361 rows written (117.4s)
2026-09-12T15:49:11Z [ccsf] term 202670 "Fall 2026" (new): 1818 sections, 2766 meetings, 0 extraction failures; 1818 added, 0 changed, 0 unchanged, 0 not seen; 6555 rows written (21.1s)
2026-09-12T15:49:12Z [fhda] term 202611 "2025 Summer Foothill (View Only)" (new): 510 sections, 708 meetings, 0 extraction failures; 510 added, 0 changed, 0 unchanged, 0 not seen; 1797 rows written (13.8s)
2026-09-12T15:49:14Z [gmu] term 202610 "Spring 2026 (View Only)" (new): 6601 sections, 7657 meetings, 0 extraction failures; 6601 added, 0 changed, 0 unchanged, 0 not seen; 21291 rows written (114.1s)
2026-09-12T15:49:15Z [ou] term 202460 "Long Term Liberal Studies 2024 (View Only)" (new): 1 sections, 1 meetings, 0 extraction failures; 1 added, 0 changed, 0 unchanged, 0 not seen; 4 rows written (4.1s)
2026-09-12T15:49:16Z [ccsf] term 202651 "Summer 2026 Noncredit (View Only)" (new): 127 sections, 223 meetings, 0 extraction failures; 127 added, 0 changed, 0 unchanged, 0 not seen; 483 rows written (4.2s)
2026-09-12T15:49:16Z [starkstate] term 202140 "Spring 2021 (View Only)" (new): 1788 sections, 1984 meetings, 0 extraction failures; 1788 added, 0 changed, 0 unchanged, 0 not seen; 5788 rows written (25.3s)
2026-09-12T15:49:24Z [ou] term 202450 "Self-Paced 2024-2025 (View Only)" (new): 0 sections, 0 meetings, 0 extraction failures; 0 added, 0 changed, 0 unchanged, 0 not seen; 1 rows written (8.9s)
2026-09-12T15:49:24Z [starkstate] term 202125 "Continuing Educ. Fall 2020 (View Only)" (new): 0 sections, 0 meetings, 0 extraction failures; 0 added, 0 changed, 0 unchanged, 0 not seen; 1 rows written (7.6s)
2026-09-12T15:49:24Z [ucr] term 202610 "Winter 2026 (View Only)" (new): 11237 sections, 11254 meetings, 0 extraction failures; 11237 added, 0 changed, 0 unchanged, 0 not seen; 46151 rows written (134.2s)
2026-09-12T15:49:24Z [ccsf] term 202650 "Summer 2026 (View Only)" (new): 293 sections, 393 meetings, 0 extraction failures; 293 added, 0 changed, 0 unchanged, 0 not seen; 1005 rows written (8.4s)
2026-09-12T15:49:29Z [ccsf] term 202631 "Spring 2026 Noncredit (View Only)" (new): 347 sections, 541 meetings, 0 extraction failures; 347 added, 0 changed, 0 unchanged, 0 not seen; 1263 rows written (5.2s)
2026-09-12T15:49:30Z [cofc] term 202120 "2021 Spring (View Only)" (new): 2837 sections, 3623 meetings, 0 extraction failures; 2837 added, 0 changed, 0 unchanged, 0 not seen; 9460 rows written (28.2s)
2026-09-12T15:49:35Z [uidaho] term 202410 "Fall 2024 (View Only)" (new): 4209 sections, 4488 meetings, 0 extraction failures; 4209 added, 0 changed, 0 unchanged, 0 not seen; 13639 rows written (61.6s)
2026-09-12T15:49:39Z [fhda] term 202542 "2025 Spring De Anza (View Only)" (new): 1531 sections, 2281 meetings, 0 extraction failures; 1531 added, 0 changed, 0 unchanged, 0 not seen; 5358 rows written (27.2s)
2026-09-12T15:49:47Z [ccsf] term 202630 "Spring 2026 (View Only)" (new): 1886 sections, 2908 meetings, 0 extraction failures; 1886 added, 0 changed, 0 unchanged, 0 not seen; 6839 rows written (17.7s)
2026-09-12T15:49:48Z [starkstate] term 202120 "Fall 2020 (View Only)" (new): 1858 sections, 2109 meetings, 0 extraction failures; 1858 added, 0 changed, 0 unchanged, 0 not seen; 6101 rows written (24.1s)
2026-09-12T15:49:49Z [ou] term 202430 "Summer 2025 (View Only)" (new): 2595 sections, 2821 meetings, 0 extraction failures; 2595 added, 0 changed, 0 unchanged, 0 not seen; 7957 rows written (25.2s)
2026-09-12T15:49:51Z [neu] term 202610 "Fall 2025 Semester (View Only)" (new): 7430 sections, 8876 meetings, 0 extraction failures; 7430 added, 0 changed, 0 unchanged, 0 not seen; 16307 rows written (98.9s)
2026-09-12T15:49:51Z [uidaho] term 202400 "Summer 2024 (View Only)" (new): 1109 sections, 1114 meetings, 0 extraction failures; 1109 added, 0 changed, 0 unchanged, 0 not seen; 3356 rows written (16.6s)
2026-09-12T15:49:52Z [ccsf] term 202571 "Fall 2025 Noncredit (View Only)" (new): 282 sections, 435 meetings, 0 extraction failures; 282 added, 0 changed, 0 unchanged, 0 not seen; 1031 rows written (5.6s)
2026-09-12T15:49:53Z [starkstate] term 202115 "Continuing Educ. Summer 2020 (View Only)" (new): 0 sections, 0 meetings, 0 extraction failures; 0 added, 0 changed, 0 unchanged, 0 not seen; 1 rows written (5.4s)
2026-09-12T15:49:56Z [cofc] term 202110 "2020 Fall (View Only)" (new): 2877 sections, 3309 meetings, 0 extraction failures; 2877 added, 0 changed, 0 unchanged, 0 not seen; 9299 rows written (26.2s)
2026-09-12T15:49:59Z [msudenver] term 202530 "Spring 2025 (View Only)" (new): 3318 sections, 3601 meetings, 0 extraction failures; 3318 added, 0 changed, 0 unchanged, 0 not seen; 10287 rows written (81.3s)
2026-09-12T15:49:59Z [fhda] term 202541 "2025 Spring Foothill (View Only)" (new): 1032 sections, 1470 meetings, 0 extraction failures; 1032 added, 0 changed, 0 unchanged, 0 not seen; 3667 rows written (20.4s)
2026-09-12T15:50:01Z [starkstate] term 202110 "Summer 2020 (View Only)" (new): 371 sections, 397 meetings, 0 extraction failures; 371 added, 0 changed, 0 unchanged, 0 not seen; 1175 rows written (7.8s)
2026-09-12T15:50:01Z [starkstate] Collected: 24/24 terms (24 new), 26164 sections, 29027 meetings, 116 requests (0 from cache), 92.1 MB, 00:07:04
2026-09-12T15:50:01Z [uncw] started (banner9, https://registration.uncw.edu/StudentRegistrationSsb/)
2026-09-12T15:50:02Z [uncw] 64 terms listed, collecting 24
2026-09-12T15:50:03Z [neu] term 202560 "Summer 2 2025 Semester (View Only)" (new): 660 sections, 744 meetings, 0 extraction failures; 660 added, 0 changed, 0 unchanged, 0 not seen; 1405 rows written (11.8s)
2026-09-12T15:50:05Z [cofc] term 202030 "2020 Summer (View Only)" (new): 590 sections, 649 meetings, 0 extraction failures; 590 added, 0 changed, 0 unchanged, 0 not seen; 1831 rows written (8.7s)
2026-09-12T15:50:09Z [ccsf] term 202570 "Fall 2025 (View Only)" (new): 1801 sections, 2738 meetings, 0 extraction failures; 1801 added, 0 changed, 0 unchanged, 0 not seen; 6512 rows written (16.7s)
2026-09-12T15:50:13Z [neu] term 202555 "Summer 2025 CPS Quarter (View Only)" (new): 185 sections, 203 meetings, 0 extraction failures; 185 added, 0 changed, 0 unchanged, 0 not seen; 389 rows written (10.2s)
2026-09-12T15:50:15Z [ccsf] term 202551 "Summer 2025 Noncredit (View Only)" (new): 144 sections, 225 meetings, 0 extraction failures; 144 added, 0 changed, 0 unchanged, 0 not seen; 515 rows written (5.4s)
2026-09-12T15:50:19Z [okstate] term 202460 "Fall 2024 (View Only)" (new): 8775 sections, 14078 meetings, 0 extraction failures; 8775 added, 0 changed, 0 unchanged, 0 not seen; 32553 rows written (81.5s)
2026-09-12T15:50:21Z [ccsf] term 202550 "Summer 2025 (View Only)" (new): 288 sections, 376 meetings, 0 extraction failures; 288 added, 0 changed, 0 unchanged, 0 not seen; 980 rows written (6.4s)
2026-09-12T15:50:22Z [neu] term 202554 "Summer 2025 CPS Semester (View Only)" (new): 217 sections, 217 meetings, 0 extraction failures; 217 added, 0 changed, 0 unchanged, 0 not seen; 435 rows written (9.1s)
2026-09-12T15:50:27Z [ccsf] term 202531 "Spring 2025 Noncredit (View Only)" (new): 284 sections, 464 meetings, 0 extraction failures; 284 added, 0 changed, 0 unchanged, 0 not seen; 1055 rows written (6.1s)
2026-09-12T15:50:28Z [fhda] term 202532 "2025 Winter De Anza (View Only)" (new): 1591 sections, 2378 meetings, 0 extraction failures; 1591 added, 0 changed, 0 unchanged, 0 not seen; 5574 rows written (28.5s)
2026-09-12T15:50:30Z [neu] term 202552 "Summer 2025 Law Semester (View Only)" (new): 87 sections, 108 meetings, 0 extraction failures; 87 added, 0 changed, 0 unchanged, 0 not seen; 196 rows written (7.7s)
2026-09-12T15:50:32Z [cofc] term 202020 "2020 Spring (View Only)" (new): 3105 sections, 3331 meetings, 0 extraction failures; 3105 added, 0 changed, 0 unchanged, 0 not seen; 9723 rows written (27.2s)
2026-09-12T15:50:40Z [okstate] term 202440 "Summer 2024 (View Only)" (new): 3435 sections, 3627 meetings, 0 extraction failures; 3435 added, 0 changed, 0 unchanged, 0 not seen; 10675 rows written (20.6s)
2026-09-12T15:50:41Z [uncw] term 202720 "Spring 2027" (new): 3066 sections, 3884 meetings, 0 extraction failures; 3066 added, 0 changed, 0 unchanged, 0 not seen; 9913 rows written (38.9s)
2026-09-12T15:50:44Z [ccsf] term 202530 "Spring 2025 (View Only)" (new): 1824 sections, 2777 meetings, 0 extraction failures; 1824 added, 0 changed, 0 unchanged, 0 not seen; 6600 rows written (16.5s)
2026-09-12T15:50:48Z [fhda] term 202531 "2025 Winter Foothill (View Only)" (new): 1132 sections, 1643 meetings, 0 extraction failures; 1132 added, 0 changed, 0 unchanged, 0 not seen; 4045 rows written (20.7s)
2026-09-12T15:50:50Z [uidaho] term 202320 "Spring 2024 (View Only)" (new): 4205 sections, 4450 meetings, 0 extraction failures; 4205 added, 0 changed, 0 unchanged, 0 not seen; 13497 rows written (59.3s)
2026-09-12T15:50:51Z [ccsf] term 202471 "Fall 2024 Noncredit (View Only)" (new): 294 sections, 514 meetings, 0 extraction failures; 294 added, 0 changed, 0 unchanged, 0 not seen; 1130 rows written (7.1s)
2026-09-12T15:50:54Z [neu] term 202550 "Summer Full 2025 Semester (View Only)" (new): 1782 sections, 1832 meetings, 0 extraction failures; 1782 added, 0 changed, 0 unchanged, 0 not seen; 3615 rows written (23.9s)
2026-09-12T15:50:55Z [uidaho] term 202315 "Winter Intersession 2023 (View Only)" (new): 17 sections, 17 meetings, 0 extraction failures; 17 added, 0 changed, 0 unchanged, 0 not seen; 58 rows written (4.7s)
2026-09-12T15:51:00Z [temple] term 202636 "2026 Fall" (new): 9059 sections, 10848 meetings, 0 extraction failures; 9059 added, 0 changed, 0 unchanged, 0 not seen; 30362 rows written (215.2s)
2026-09-12T15:51:01Z [cofc] term 202010 "2019 Fall (View Only)" (new): 3011 sections, 3138 meetings, 0 extraction failures; 3011 added, 0 changed, 0 unchanged, 0 not seen; 9366 rows written (28.7s)
2026-09-12T15:51:05Z [ccsf] term 202470 "Fall 2024 (View Only)" (new): 1793 sections, 2630 meetings, 0 extraction failures; 1793 added, 0 changed, 0 unchanged, 0 not seen; 6375 rows written (14.8s)
2026-09-12T15:51:11Z [ucr] term 202540 "Fall 2025 (View Only)" (new): 11173 sections, 11174 meetings, 0 extraction failures; 11173 added, 0 changed, 0 unchanged, 0 not seen; 36438 rows written (106.9s)
2026-09-12T15:51:13Z [gmu] term 202570 "Fall 2025 (View Only)" (new): 6696 sections, 7654 meetings, 0 extraction failures; 6696 added, 0 changed, 0 unchanged, 0 not seen; 21398 rows written (119.0s)
2026-09-12T15:51:13Z [cofc] term 201930 "2019 Summer (View Only)" (new): 678 sections, 742 meetings, 0 extraction failures; 678 added, 0 changed, 0 unchanged, 0 not seen; 2121 rows written (12.0s)
2026-09-12T15:51:13Z [neu] term 202540 "Summer 1 2025 Semester (View Only)" (new): 954 sections, 1126 meetings, 0 extraction failures; 954 added, 0 changed, 0 unchanged, 0 not seen; 2081 rows written (19.7s)
2026-09-12T15:51:13Z [ccsf] term 202451 "Summer 2024 Noncredit (View Only)" (new): 137 sections, 201 meetings, 0 extraction failures; 137 added, 0 changed, 0 unchanged, 0 not seen; 480 rows written (7.9s)
2026-09-12T15:51:13Z [temple] term 202626 "2026 Summer II" (new): 453 sections, 498 meetings, 0 extraction failures; 453 added, 0 changed, 0 unchanged, 0 not seen; 1410 rows written (13.6s)
2026-09-12T15:51:17Z [uncw] term 202710 "Fall 2026" (new): 3777 sections, 4650 meetings, 0 extraction failures; 3777 added, 0 changed, 0 unchanged, 0 not seen; 12413 rows written (36.5s)
2026-09-12T15:51:18Z [ccsf] term 202450 "Summer 2024 (View Only)" (new): 302 sections, 390 meetings, 0 extraction failures; 302 added, 0 changed, 0 unchanged, 0 not seen; 1021 rows written (4.6s)
2026-09-12T15:51:20Z [msudenver] term 202450 "Fall 2024 (View Only)" (new): 3397 sections, 3614 meetings, 0 extraction failures; 3397 added, 0 changed, 0 unchanged, 0 not seen; 10423 rows written (81.2s)
2026-09-12T15:51:21Z [fhda] term 202522 "2024 Fall De Anza (View Only)" (new): 1694 sections, 2529 meetings, 0 extraction failures; 1694 added, 0 changed, 0 unchanged, 0 not seen; 5934 rows written (32.4s)
2026-09-12T15:51:24Z [ccsf] term 202431 "Spring 2024 Noncredit (View Only)" (new): 255 sections, 417 meetings, 0 extraction failures; 255 added, 0 changed, 0 unchanged, 0 not seen; 943 rows written (6.0s)
2026-09-12T15:51:24Z [neu] term 202535 "Spring 2025 CPS Quarter (View Only)" (new): 731 sections, 827 meetings, 0 extraction failures; 731 added, 0 changed, 0 unchanged, 0 not seen; 1559 rows written (10.9s)
2026-09-12T15:51:30Z [uncw] term 202660 "Summer 2026 (View Only)" (new): 939 sections, 1067 meetings, 0 extraction failures; 939 added, 0 changed, 0 unchanged, 0 not seen; 2979 rows written (13.0s)
2026-09-12T15:51:32Z [ucr] term 202530 "Summer 2025 (View Only)" (new): 1603 sections, 1607 meetings, 0 extraction failures; 1603 added, 0 changed, 0 unchanged, 0 not seen; 5619 rows written (21.4s)
2026-09-12T15:51:34Z [neu] term 202534 "Spring 2025 CPS Semester (View Only)" (new): 339 sections, 370 meetings, 0 extraction failures; 339 added, 0 changed, 0 unchanged, 0 not seen; 710 rows written (9.9s)
2026-09-12T15:51:38Z [cofc] term 201920 "2019 Spring (View Only)" (new): 3171 sections, 3297 meetings, 0 extraction failures; 3171 added, 0 changed, 0 unchanged, 0 not seen; 9848 rows written (25.3s)
2026-09-12T15:51:38Z [cofc] Collected: 24/24 terms (24 new), 54597 sections, 58362 meetings, 173 requests (0 from cache), 158.3 MB, 00:08:29
2026-09-12T15:51:38Z [unf] started (banner9, https://banregister.unf.edu/StudentRegistrationSsb/)
2026-09-12T15:51:39Z [msudenver] term 202440 "Summer 2024 (View Only)" (new): 679 sections, 718 meetings, 0 extraction failures; 679 added, 0 changed, 0 unchanged, 0 not seen; 2090 rows written (18.6s)
2026-09-12T15:51:40Z [unf] 78 terms listed, collecting 24
2026-09-12T15:51:42Z [ou] term 202420 "Spring 2025 (View Only)" (new): 11785 sections, 14584 meetings, 0 extraction failures; 11785 added, 0 changed, 0 unchanged, 0 not seen; 37770 rows written (113.5s)
2026-09-12T15:51:43Z [fhda] term 202521 "2024 Fall Foothill (View Only)" (new): 1047 sections, 1507 meetings, 0 extraction failures; 1047 added, 0 changed, 0 unchanged, 0 not seen; 3740 rows written (22.1s)
2026-09-12T15:51:43Z [neu] term 202532 "Spring 2025 Law Semester (View Only)" (new): 185 sections, 200 meetings, 0 extraction failures; 185 added, 0 changed, 0 unchanged, 0 not seen; 386 rows written (8.9s)
2026-09-12T15:51:43Z [ccsf] term 202430 "Spring 2024 (View Only)" (new): 1840 sections, 2712 meetings, 0 extraction failures; 1840 added, 0 changed, 0 unchanged, 0 not seen; 6569 rows written (19.6s)
2026-09-12T15:51:44Z [gmu] term 202540 "Summer 2025 (View Only)" (new): 1470 sections, 1696 meetings, 0 extraction failures; 1470 added, 0 changed, 0 unchanged, 0 not seen; 4668 rows written (31.2s)
2026-09-12T15:51:48Z [ccsf] term 202371 "Fall 2023 Noncredit (View Only)" (new): 286 sections, 449 meetings, 0 extraction failures; 286 added, 0 changed, 0 unchanged, 0 not seen; 1038 rows written (4.3s)
2026-09-12T15:51:56Z [okstate] term 202420 "Spring 2024 (View Only)" (new): 8406 sections, 13201 meetings, 0 extraction failures; 8406 added, 0 changed, 0 unchanged, 0 not seen; 30804 rows written (76.0s)
2026-09-12T15:51:56Z [fhda] term 202512 "2024 Summer De Anza (View Only)" (new): 645 sections, 899 meetings, 0 extraction failures; 645 added, 0 changed, 0 unchanged, 0 not seen; 2192 rows written (13.0s)
2026-09-12T15:51:57Z [uidaho] term 202310 "Fall 2023 (View Only)" (new): 4241 sections, 4550 meetings, 0 extraction failures; 4241 added, 0 changed, 0 unchanged, 0 not seen; 13736 rows written (62.1s)
2026-09-12T15:52:05Z [ccsf] term 202370 "Fall 2023 (View Only)" (new): 1811 sections, 2473 meetings, 0 extraction failures; 1811 added, 0 changed, 0 unchanged, 0 not seen; 6251 rows written (16.8s)
2026-09-12T15:52:05Z [fhda] term 202511 "2024 Summer Foothill (View Only)" (new): 457 sections, 648 meetings, 0 extraction failures; 457 added, 0 changed, 0 unchanged, 0 not seen; 1629 rows written (9.1s)
2026-09-12T15:52:05Z [fhda] Collected: 24/24 terms (24 new), 27597 sections, 40634 meetings, 125 requests (0 from cache), 104.4 MB, 00:08:55
2026-09-12T15:52:05Z [usf] started (banner9, https://studentssb9.it.usf.edu/StudentRegistrationSsb/)
2026-09-12T15:52:05Z [usf] 89 terms listed, collecting 24
2026-09-12T15:52:10Z [ccsf] term 202351 "Summer 2023 Noncredit (View Only)" (new): 132 sections, 226 meetings, 0 extraction failures; 132 added, 0 changed, 0 unchanged, 0 not seen; 496 rows written (5.4s)
2026-09-12T15:52:11Z [usf] term 202805 "Summer 2028 (View Only)" (new): 0 sections, 0 meetings, 0 extraction failures; 0 added, 0 changed, 0 unchanged, 0 not seen; 1 rows written (5.7s)
2026-09-12T15:52:13Z [temple] term 202620 "2026 Summer I" (new): 1861 sections, 2164 meetings, 0 extraction failures; 1861 added, 0 changed, 0 unchanged, 0 not seen; 5963 rows written (59.2s)
2026-09-12T15:52:13Z [uidaho] term 202300 "Summer 2023 (View Only)" (new): 1151 sections, 1167 meetings, 0 extraction failures; 1151 added, 0 changed, 0 unchanged, 0 not seen; 3514 rows written (15.7s)
2026-09-12T15:52:15Z [uncw] term 202620 "Spring 2026 (View Only)" (new): 3718 sections, 4526 meetings, 0 extraction failures; 3718 added, 0 changed, 0 unchanged, 0 not seen; 12212 rows written (44.4s)
2026-09-12T15:52:16Z [ccsf] term 202350 "Summer 2023 (View Only)" (new): 293 sections, 354 meetings, 0 extraction failures; 293 added, 0 changed, 0 unchanged, 0 not seen; 965 rows written (6.0s)
2026-09-12T15:52:17Z [usf] term 202801 "Spring 2028 (View Only)" (new): 0 sections, 0 meetings, 0 extraction failures; 0 added, 0 changed, 0 unchanged, 0 not seen; 1 rows written (6.0s)
2026-09-12T15:52:22Z [ccsf] term 202331 "Spring 2023 Noncredit (View Only)" (new): 249 sections, 350 meetings, 0 extraction failures; 249 added, 0 changed, 0 unchanged, 0 not seen; 858 rows written (6.0s)
2026-09-12T15:52:38Z [ccsf] term 202330 "Spring 2023 (View Only)" (new): 1803 sections, 2480 meetings, 0 extraction failures; 1803 added, 0 changed, 0 unchanged, 0 not seen; 6223 rows written (15.9s)
2026-09-12T15:52:38Z [ccsf] Collected: 24/24 terms (24 new), 18557 sections, 27458 meetings, 99 requests (0 from cache), 59.7 MB, 00:03:58
2026-09-12T15:52:38Z [gsu] started (banner9, https://registration.gosolar.gsu.edu/StudentRegistrationSsb/)
2026-09-12T15:52:40Z [gsu] 73 terms listed, collecting 24
2026-09-12T15:52:50Z [uncw] term 202610 "Fall 2025 (View Only)" (new): 3752 sections, 4559 meetings, 0 extraction failures; 3752 added, 0 changed, 0 unchanged, 0 not seen; 12309 rows written (35.9s)
2026-09-12T15:53:00Z [msudenver] term 202430 "Spring 2024 (View Only)" (new): 3339 sections, 3577 meetings, 0 extraction failures; 3339 added, 0 changed, 0 unchanged, 0 not seen; 10416 rows written (81.1s)
2026-09-12T15:53:03Z [uncw] term 202560 "Summer 2025 (View Only)" (new): 947 sections, 1016 meetings, 0 extraction failures; 947 added, 0 changed, 0 unchanged, 0 not seen; 2939 rows written (12.2s)
2026-09-12T15:53:11Z [ucr] term 202520 "Spring 2025 (View Only)" (new): 10418 sections, 10397 meetings, 0 extraction failures; 10418 added, 0 changed, 0 unchanged, 0 not seen; 34086 rows written (98.7s)
2026-09-12T15:53:12Z [neu] term 202530 "Spring 2025 Semester (View Only)" (new): 6699 sections, 7828 meetings, 0 extraction failures; 6699 added, 0 changed, 0 unchanged, 0 not seen; 14528 rows written (89.5s)
2026-09-12T15:53:15Z [uidaho] term 202220 "Spring 2023 (View Only)" (new): 4303 sections, 4534 meetings, 0 extraction failures; 4303 added, 0 changed, 0 unchanged, 0 not seen; 13915 rows written (62.3s)
2026-09-12T15:53:21Z [okstate] term 202360 "Fall 2023 (View Only)" (new): 8734 sections, 14544 meetings, 0 extraction failures; 8734 added, 0 changed, 0 unchanged, 0 not seen; 33101 rows written (85.0s)
2026-09-12T15:53:21Z [uidaho] term 202215 "Winter Intersession 2022 (View Only)" (new): 4 sections, 4 meetings, 0 extraction failures; 4 added, 0 changed, 0 unchanged, 0 not seen; 15 rows written (5.4s)
2026-09-12T15:53:23Z [neu] term 202525 "Winter 2025 CPS Quarter (View Only)" (new): 922 sections, 1029 meetings, 0 extraction failures; 922 added, 0 changed, 0 unchanged, 0 not seen; 1952 rows written (10.8s)
2026-09-12T15:53:25Z [unf] term 202680 "Fall 2026" (new): 3232 sections, 4215 meetings, 0 extraction failures; 3232 added, 0 changed, 0 unchanged, 0 not seen; 11046 rows written (104.6s)
2026-09-12T15:53:30Z [usf] term 202705 "Summer 2027 (View Only)" (new): 3556 sections, 3646 meetings, 0 extraction failures; 3556 added, 0 changed, 0 unchanged, 0 not seen; 7221 rows written (73.2s)
2026-09-12T15:53:37Z [ou] term 202410 "Fall 2024 (View Only)" (new): 12097 sections, 15106 meetings, 0 extraction failures; 12097 added, 0 changed, 0 unchanged, 0 not seen; 39263 rows written (115.0s)
2026-09-12T15:53:38Z [uncw] term 202520 "Spring 2025 (View Only)" (new): 3606 sections, 4260 meetings, 0 extraction failures; 3606 added, 0 changed, 0 unchanged, 0 not seen; 11690 rows written (35.9s)
2026-09-12T15:53:41Z [neu] term 202515 "Fall 2024 CPS Quarter (View Only)" (new): 936 sections, 1046 meetings, 0 extraction failures; 936 added, 0 changed, 0 unchanged, 0 not seen; 1983 rows written (17.8s)
2026-09-12T15:53:41Z [ou] term 202360 "Long Term Liberal Studies 2023 (View Only)" (new): 0 sections, 0 meetings, 0 extraction failures; 0 added, 0 changed, 0 unchanged, 0 not seen; 1 rows written (4.1s)
2026-09-12T15:53:43Z [okstate] term 202340 "Summer 2023 (View Only)" (new): 3243 sections, 3431 meetings, 0 extraction failures; 3243 added, 0 changed, 0 unchanged, 0 not seen; 10070 rows written (22.1s)
2026-09-12T15:53:46Z [gmu] term 202510 "Spring 2025 (View Only)" (new): 6463 sections, 7527 meetings, 0 extraction failures; 6463 added, 0 changed, 0 unchanged, 0 not seen; 20801 rows written (122.2s)
2026-09-12T15:53:47Z [ou] term 202350 "Self-Paced 2023-2024 (View Only)" (new): 1 sections, 1 meetings, 0 extraction failures; 1 added, 0 changed, 0 unchanged, 0 not seen; 6 rows written (6.0s)
2026-09-12T15:53:51Z [neu] term 202514 "Fall 2024 CPS Semester (View Only)" (new): 333 sections, 364 meetings, 0 extraction failures; 333 added, 0 changed, 0 unchanged, 0 not seen; 698 rows written (9.8s)
2026-09-12T15:53:57Z [neu] term 202512 "Fall 2024 Law Semester (View Only)" (new): 199 sections, 224 meetings, 0 extraction failures; 199 added, 0 changed, 0 unchanged, 0 not seen; 424 rows written (6.0s)
2026-09-12T15:54:09Z [unf] term 202650 "Summer 2026 (View Only)" (new): 1256 sections, 1529 meetings, 0 extraction failures; 1256 added, 0 changed, 0 unchanged, 0 not seen; 4281 rows written (43.5s)
2026-09-12T15:54:14Z [ou] term 202330 "Summer 2024 (View Only)" (new): 2547 sections, 2798 meetings, 0 extraction failures; 2547 added, 0 changed, 0 unchanged, 0 not seen; 7847 rows written (26.1s)
2026-09-12T15:54:19Z [ou] term 202321 "Spring 2024 Advanced Programs (View Only)" (new): 1 sections, 1 meetings, 0 extraction failures; 1 added, 0 changed, 0 unchanged, 0 not seen; 4 rows written (5.3s)
2026-09-12T15:54:20Z [uncw] term 202510 "Fall 2024 (View Only)" (new): 3681 sections, 4440 meetings, 0 extraction failures; 3681 added, 0 changed, 0 unchanged, 0 not seen; 12032 rows written (42.0s)
2026-09-12T15:54:22Z [msudenver] term 202350 "Fall 2023 (View Only)" (new): 3428 sections, 3596 meetings, 0 extraction failures; 3428 added, 0 changed, 0 unchanged, 0 not seen; 10475 rows written (81.8s)
2026-09-12T15:54:23Z [uidaho] term 202210 "Fall 2022 (View Only)" (new): 4282 sections, 4566 meetings, 0 extraction failures; 4282 added, 0 changed, 0 unchanged, 0 not seen; 13904 rows written (62.3s)
2026-09-12T15:54:32Z [gsu] term 202608 "Fall Semester 2026" (new): 10606 sections, 11601 meetings, 0 extraction failures; 10606 added, 0 changed, 0 unchanged, 0 not seen; 33211 rows written (112.2s)
2026-09-12T15:54:33Z [uncw] term 202460 "Summer 2024 (View Only)" (new): 754 sections, 858 meetings, 0 extraction failures; 754 added, 0 changed, 0 unchanged, 0 not seen; 2391 rows written (12.1s)
2026-09-12T15:54:39Z [uidaho] term 202200 "Summer 2022 (View Only)" (new): 1144 sections, 1148 meetings, 0 extraction failures; 1144 added, 0 changed, 0 unchanged, 0 not seen; 3476 rows written (15.7s)
2026-09-12T15:55:00Z [ucr] term 202510 "Winter 2025 (View Only)" (new): 11034 sections, 11042 meetings, 0 extraction failures; 11034 added, 0 changed, 0 unchanged, 0 not seen; 36092 rows written (109.5s)
2026-09-12T15:55:03Z [okstate] term 202320 "Spring 2023 (View Only)" (new): 8425 sections, 13646 meetings, 0 extraction failures; 8425 added, 0 changed, 0 unchanged, 0 not seen; 31510 rows written (80.5s)
2026-09-12T15:55:04Z [uncw] term 202420 "Spring 2024 (View Only)" (new): 3395 sections, 4076 meetings, 0 extraction failures; 3395 added, 0 changed, 0 unchanged, 0 not seen; 11062 rows written (31.8s)
2026-09-12T15:55:11Z [gsu] term 202605 "Summer Semester 2026 (View Only)" (new): 3800 sections, 4036 meetings, 0 extraction failures; 3800 added, 0 changed, 0 unchanged, 0 not seen; 11664 rows written (39.2s)
2026-09-12T15:55:17Z [msudenver] term 202340 "Summer 2023 (View Only)" (new): 683 sections, 717 meetings, 0 extraction failures; 683 added, 0 changed, 0 unchanged, 0 not seen; 2090 rows written; 1 sections missing (#383 of 684: Banner answered success:false with no sections, which it does when it can't return a record in the requested range) (55.4s)
2026-09-12T15:55:39Z [uidaho] term 202120 "Spring 2022 (View Only)" (new): 4106 sections, 4352 meetings, 0 extraction failures; 4106 added, 0 changed, 0 unchanged, 0 not seen; 13273 rows written (60.6s)
2026-09-12T15:55:40Z [uncw] term 202410 "Fall 2023 (View Only)" (new): 3638 sections, 4409 meetings, 0 extraction failures; 3638 added, 0 changed, 0 unchanged, 0 not seen; 11854 rows written (36.0s)
2026-09-12T15:55:42Z [gmu] term 202470 "Fall 2024 (View Only)" (new): 6525 sections, 7423 meetings, 0 extraction failures; 6525 added, 0 changed, 0 unchanged, 0 not seen; 20853 rows written (116.2s)
2026-09-12T15:55:44Z [uidaho] term 202115 "Winter Intersession 2021 (View Only)" (new): 4 sections, 4 meetings, 0 extraction failures; 4 added, 0 changed, 0 unchanged, 0 not seen; 13 rows written (4.7s)
2026-09-12T15:55:50Z [uncw] term 202360 "Summer 2023 (View Only)" (new): 950 sections, 1036 meetings, 0 extraction failures; 950 added, 0 changed, 0 unchanged, 0 not seen; 2953 rows written (10.1s)
2026-09-12T15:55:52Z [unf] term 202610 "Spring 2026 (View Only)" (new): 3097 sections, 4002 meetings, 0 extraction failures; 3097 added, 0 changed, 0 unchanged, 0 not seen; 10501 rows written (103.4s)
2026-09-12T15:56:09Z [neu] term 202510 "Fall 2024 Semester (View Only)" (new): 6948 sections, 8187 meetings, 0 extraction failures; 6948 added, 0 changed, 0 unchanged, 0 not seen; 15136 rows written (132.0s)
2026-09-12T15:56:12Z [ou] term 202320 "Spring 2024 (View Only)" (new): 11785 sections, 14608 meetings, 0 extraction failures; 11785 added, 0 changed, 0 unchanged, 0 not seen; 37921 rows written (113.4s)
2026-09-12T15:56:13Z [gmu] term 202440 "Summer 2024 (View Only)" (new): 1379 sections, 1615 meetings, 0 extraction failures; 1379 added, 0 changed, 0 unchanged, 0 not seen; 4390 rows written (30.4s)
2026-09-12T15:56:16Z [ou] term 202311 "Fall 2023 Advanced Programs (View Only)" (new): 2 sections, 2 meetings, 0 extraction failures; 2 added, 0 changed, 0 unchanged, 0 not seen; 7 rows written (4.1s)
2026-09-12T15:56:19Z [neu] term 202460 "Summer 2 2024 Semester (View Only)" (new): 657 sections, 749 meetings, 0 extraction failures; 657 added, 0 changed, 0 unchanged, 0 not seen; 1407 rows written (10.2s)
2026-09-12T15:56:19Z [neu] Collected: 24/24 terms (24 new), 51540 sections, 58181 meetings, 176 requests (0 from cache), 160.2 MB, 00:13:28
2026-09-12T15:56:19Z [sju] started (banner9, https://registration.sju.edu/StudentRegistrationSsb/)
2026-09-12T15:56:19Z [sju] 45 terms listed, collecting 24
2026-09-12T15:56:27Z [okstate] term 202260 "Fall 2022 (View Only)" (new): 8644 sections, 14431 meetings, 0 extraction failures; 8644 added, 0 changed, 0 unchanged, 0 not seen; 32932 rows written (83.6s)
2026-09-12T15:56:33Z [uncw] term 202320 "Spring 2023 (View Only)" (new): 3501 sections, 4132 meetings, 0 extraction failures; 3501 added, 0 changed, 0 unchanged, 0 not seen; 11334 rows written (42.8s)
2026-09-12T15:56:38Z [msudenver] term 202330 "Spring 2023 (View Only)" (new): 3335 sections, 3699 meetings, 0 extraction failures; 3335 added, 0 changed, 0 unchanged, 0 not seen; 10370 rows written (81.5s)
2026-09-12T15:56:39Z [sju] term 202640 "Fall 2026" (new): 1884 sections, 2005 meetings, 0 extraction failures; 1884 added, 0 changed, 0 unchanged, 0 not seen; 5916 rows written (20.0s)
2026-09-12T15:56:41Z [usf] term 202701 "Spring 2027 (View Only)" (new): 8012 sections, 8555 meetings, 0 extraction failures; 8012 added, 0 changed, 0 unchanged, 0 not seen; 19454 rows written (191.2s)
2026-09-12T15:56:45Z [ucr] term 202440 "Fall 2024 (View Only)" (new): 10843 sections, 10838 meetings, 0 extraction failures; 10843 added, 0 changed, 0 unchanged, 0 not seen; 35039 rows written (104.7s)
2026-09-12T15:56:48Z [temple] term 202603 "2026 Spring" (new): 9117 sections, 10755 meetings, 0 extraction failures; 9117 added, 0 changed, 0 unchanged, 0 not seen; 30397 rows written (275.4s)
2026-09-12T15:56:49Z [uidaho] term 202110 "Fall 2021 (View Only)" (new): 4187 sections, 4502 meetings, 0 extraction failures; 4187 added, 0 changed, 0 unchanged, 0 not seen; 13714 rows written (65.5s)
2026-09-12T15:56:50Z [sju] term 202620 "Summer 2026 (View Only)" (new): 489 sections, 524 meetings, 0 extraction failures; 489 added, 0 changed, 0 unchanged, 0 not seen; 1553 rows written (10.5s)
2026-09-12T15:56:53Z [gsu] term 202601 "Spring Semester 2026 (View Only)" (new): 9916 sections, 10880 meetings, 0 extraction failures; 9916 added, 0 changed, 0 unchanged, 0 not seen; 30992 rows written (101.1s)
2026-09-12T15:56:54Z [okstate] term 202240 "Summer 2022 (View Only)" (new): 3183 sections, 3324 meetings, 0 extraction failures; 3183 added, 0 changed, 0 unchanged, 0 not seen; 9843 rows written (26.7s)
2026-09-12T15:57:02Z [ucr] term 202430 "Summer 2024 (View Only)" (new): 1384 sections, 1392 meetings, 0 extraction failures; 1384 added, 0 changed, 0 unchanged, 0 not seen; 4925 rows written (17.3s)
2026-09-12T15:57:05Z [sju] term 202610 "Spring 2026 (View Only)" (new): 1831 sections, 2009 meetings, 0 extraction failures; 1831 added, 0 changed, 0 unchanged, 0 not seen; 5803 rows written (15.5s)
2026-09-12T15:57:05Z [uidaho] term 202100 "Summer 2021 (View Only)" (new): 1203 sections, 1214 meetings, 0 extraction failures; 1203 added, 0 changed, 0 unchanged, 0 not seen; 3652 rows written (16.0s)
2026-09-12T15:57:11Z [sju] term 202600 "Intersession 2026 (View Only)" (new): 19 sections, 19 meetings, 0 extraction failures; 19 added, 0 changed, 0 unchanged, 0 not seen; 58 rows written (5.4s)
2026-09-12T15:57:12Z [uncw] term 202310 "Fall 2022 (View Only)" (new): 3910 sections, 4887 meetings, 0 extraction failures; 3910 added, 0 changed, 0 unchanged, 0 not seen; 12919 rows written (38.8s)
2026-09-12T15:57:24Z [uncw] term 202260 "Summer 2022 (View Only)" (new): 928 sections, 1027 meetings, 0 extraction failures; 928 added, 0 changed, 0 unchanged, 0 not seen; 2892 rows written (11.6s)
2026-09-12T15:57:27Z [sju] term 202540 "Fall 2025 (View Only)" (new): 1918 sections, 2045 meetings, 0 extraction failures; 1918 added, 0 changed, 0 unchanged, 0 not seen; 5958 rows written (16.9s)
2026-09-12T15:57:30Z [unf] term 202580 "Fall 2025 (View Only)" (new): 3106 sections, 3937 meetings, 0 extraction failures; 3106 added, 0 changed, 0 unchanged, 0 not seen; 10474 rows written (98.5s)
2026-09-12T15:57:36Z [sju] term 202520 "Summer 2025 (View Only)" (new): 519 sections, 551 meetings, 0 extraction failures; 519 added, 0 changed, 0 unchanged, 0 not seen; 1655 rows written (9.0s)
2026-09-12T15:57:50Z [gmu] term 202410 "Spring 2024 (View Only)" (new): 6296 sections, 7320 meetings, 0 extraction failures; 6296 added, 0 changed, 0 unchanged, 0 not seen; 20294 rows written (97.4s)
2026-09-12T15:57:55Z [sju] term 202510 "Spring 2025 (View Only)" (new): 1903 sections, 2070 meetings, 0 extraction failures; 1903 added, 0 changed, 0 unchanged, 0 not seen; 5963 rows written (18.2s)
2026-09-12T15:58:00Z [uncw] term 202220 "Spring 2022 (View Only)" (new): 3548 sections, 4473 meetings, 0 extraction failures; 3548 added, 0 changed, 0 unchanged, 0 not seen; 11781 rows written (36.0s)
2026-09-12T15:58:00Z [sju] term 202500 "Intersession 2025 (View Only)" (new): 17 sections, 18 meetings, 0 extraction failures; 17 added, 0 changed, 0 unchanged, 0 not seen; 53 rows written (5.5s)
2026-09-12T15:58:03Z [msudenver] term 202250 "Fall 2022 (View Only)" (new): 3404 sections, 3781 meetings, 0 extraction failures; 3404 added, 0 changed, 0 unchanged, 0 not seen; 10649 rows written (84.3s)
2026-09-12T15:58:04Z [uidaho] term 202020 "Spring 2021 (View Only)" (new): 4048 sections, 4306 meetings, 0 extraction failures; 4048 added, 0 changed, 0 unchanged, 0 not seen; 13141 rows written (58.5s)
2026-09-12T15:58:04Z [uidaho] Collected: 24/24 terms (24 new), 59456 sections, 63197 meetings, 190 requests (0 from cache), 164.1 MB, 00:15:03
2026-09-12T15:58:04Z [siu] started (banner9, https://banssb1.siu.edu/StudentRegistrationSsb/)
2026-09-12T15:58:06Z [siu] 53 terms listed, collecting 24
2026-09-12T15:58:16Z [ou] term 202310 "Fall 2023 (View Only)" (new): 12052 sections, 15191 meetings, 0 extraction failures; 12052 added, 0 changed, 0 unchanged, 0 not seen; 39216 rows written (119.5s)
2026-09-12T15:58:16Z [unf] term 202550 "Summer 2025 (View Only)" (new): 1237 sections, 1547 meetings, 0 extraction failures; 1237 added, 0 changed, 0 unchanged, 0 not seen; 4225 rows written (45.9s)
2026-09-12T15:58:20Z [sju] term 202440 "Fall 2024 (View Only)" (new): 2054 sections, 2204 meetings, 0 extraction failures; 2054 added, 0 changed, 0 unchanged, 0 not seen; 6411 rows written (20.4s)
2026-09-12T15:58:20Z [ou] term 202260 "Long Term Liberal Studies 2022 (View Only)" (new): 2 sections, 2 meetings, 0 extraction failures; 2 added, 0 changed, 0 unchanged, 0 not seen; 7 rows written (4.5s)
2026-09-12T15:58:23Z [msudenver] term 202240 "Summer 2022 (View Only)" (new): 722 sections, 790 meetings, 0 extraction failures; 722 added, 0 changed, 0 unchanged, 0 not seen; 2254 rows written (20.0s)
2026-09-12T15:58:28Z [ou] term 202250 "Self-Paced 2022-2023 (View Only)" (new): 1 sections, 1 meetings, 0 extraction failures; 1 added, 0 changed, 0 unchanged, 0 not seen; 6 rows written (7.4s)
2026-09-12T15:58:28Z [okstate] term 202220 "Spring 2022 (View Only)" (new): 8279 sections, 14797 meetings, 0 extraction failures; 8279 added, 0 changed, 0 unchanged, 0 not seen; 32750 rows written (94.3s)
2026-09-12T15:58:28Z [sju] term 202420 "Summer 2024 (View Only)" (new): 393 sections, 413 meetings, 0 extraction failures; 393 added, 0 changed, 0 unchanged, 0 not seen; 1244 rows written (7.5s)
2026-09-12T15:58:32Z [ou] term 202231 "Summer 2023 Advanced Programs (View Only)" (new): 24 sections, 24 meetings, 0 extraction failures; 24 added, 0 changed, 0 unchanged, 0 not seen; 72 rows written (4.2s)
2026-09-12T15:58:39Z [ucr] term 202420 "Spring 2024 (View Only)" (new): 10128 sections, 10094 meetings, 0 extraction failures; 10128 added, 0 changed, 0 unchanged, 0 not seen; 32689 rows written (96.5s)
2026-09-12T15:58:42Z [siu] term 202720 "Spring 2027 (View Only)" (new): 3968 sections, 4317 meetings, 0 extraction failures; 3968 added, 0 changed, 0 unchanged, 0 not seen; 10017 rows written (35.9s)
2026-09-12T15:58:46Z [gsu] term 202508 "Fall Semester 2025 (View Only)" (new): 10952 sections, 11943 meetings, 0 extraction failures; 10952 added, 0 changed, 0 unchanged, 0 not seen; 34286 rows written (113.4s)
2026-09-12T15:58:47Z [sju] term 202410 "Spring 2024 (View Only)" (new): 1784 sections, 1895 meetings, 0 extraction failures; 1784 added, 0 changed, 0 unchanged, 0 not seen; 5598 rows written (18.6s)
2026-09-12T15:58:48Z [uncw] term 202210 "Fall 2021 (View Only)" (new): 3707 sections, 4858 meetings, 0 extraction failures; 3707 added, 0 changed, 0 unchanged, 0 not seen; 12440 rows written (48.0s)
2026-09-12T15:58:51Z [sju] term 202400 "Intersession 2024 (View Only)" (new): 14 sections, 21 meetings, 0 extraction failures; 14 added, 0 changed, 0 unchanged, 0 not seen; 51 rows written (4.1s)
2026-09-12T15:58:58Z [uncw] term 202160 "Summer 2021 (View Only)" (new): 915 sections, 1036 meetings, 0 extraction failures; 915 added, 0 changed, 0 unchanged, 0 not seen; 2876 rows written (10.0s)
2026-09-12T15:58:59Z [ou] term 202230 "Summer 2023 (View Only)" (new): 2496 sections, 2775 meetings, 0 extraction failures; 2496 added, 0 changed, 0 unchanged, 0 not seen; 7772 rows written (26.6s)
2026-09-12T15:59:04Z [ou] term 202221 "Spring 2023 Advanced Programs (View Only)" (new): 39 sections, 39 meetings, 0 extraction failures; 39 added, 0 changed, 0 unchanged, 0 not seen; 117 rows written (5.1s)
2026-09-12T15:59:08Z [sju] term 202340 "Fall 2023 (View Only)" (new): 1857 sections, 1990 meetings, 0 extraction failures; 1857 added, 0 changed, 0 unchanged, 0 not seen; 5817 rows written (17.0s)
2026-09-12T15:59:14Z [sju] term 202320 "Summer 2023 (View Only)" (new): 411 sections, 432 meetings, 0 extraction failures; 411 added, 0 changed, 0 unchanged, 0 not seen; 1378 rows written (6.0s)
2026-09-12T15:59:22Z [siu] term 202660 "Fall 2026" (new): 3694 sections, 4131 meetings, 0 extraction failures; 3694 added, 0 changed, 0 unchanged, 0 not seen; 11719 rows written (39.4s)
2026-09-12T15:59:28Z [gmu] term 202370 "Fall 2023 (View Only)" (new): 6413 sections, 7278 meetings, 0 extraction failures; 6413 added, 0 changed, 0 unchanged, 0 not seen; 20545 rows written (97.6s)
2026-09-12T15:59:30Z [sju] term 202310 "Spring 2023 (View Only)" (new): 1852 sections, 1977 meetings, 0 extraction failures; 1852 added, 0 changed, 0 unchanged, 0 not seen; 5825 rows written (16.6s)
2026-09-12T15:59:32Z [gsu] term 202505 "Summer Semester 2025 (View Only)" (new): 4478 sections, 4770 meetings, 0 extraction failures; 4478 added, 0 changed, 0 unchanged, 0 not seen; 13665 rows written (46.2s)
2026-09-12T15:59:35Z [siu] term 202640 "Summer 2026 (View Only)" (new): 1014 sections, 1027 meetings, 0 extraction failures; 1014 added, 0 changed, 0 unchanged, 0 not seen; 3058 rows written (13.9s)
2026-09-12T15:59:36Z [sju] term 202300 "Intersession 2023 (View Only)" (new): 13 sections, 14 meetings, 0 extraction failures; 13 added, 0 changed, 0 unchanged, 0 not seen; 41 rows written (5.4s)
2026-09-12T15:59:38Z [uncw] term 202120 "Spring 2021 (View Only)" (new): 3508 sections, 4041 meetings, 0 extraction failures; 3508 added, 0 changed, 0 unchanged, 0 not seen; 11266 rows written (40.4s)
2026-09-12T15:59:47Z [unf] term 202510 "Spring 2025 (View Only)" (new): 2917 sections, 3770 meetings, 0 extraction failures; 2917 added, 0 changed, 0 unchanged, 0 not seen; 9884 rows written (90.8s)
2026-09-12T15:59:49Z [sju] term 202240 "Fall 2022 (View Only)" (new): 1426 sections, 1546 meetings, 0 extraction failures; 1426 added, 0 changed, 0 unchanged, 0 not seen; 4423 rows written (13.4s)
2026-09-12T15:59:52Z [okstate] term 202160 "Fall 2021 (View Only)" (new): 8581 sections, 14515 meetings, 0 extraction failures; 8581 added, 0 changed, 0 unchanged, 0 not seen; 32998 rows written (84.4s)
2026-09-12T15:59:53Z [msudenver] term 202230 "Spring 2022 (View Only)" (new): 3394 sections, 3850 meetings, 0 extraction failures; 3394 added, 0 changed, 0 unchanged, 0 not seen; 10708 rows written (90.8s)
2026-09-12T15:59:55Z [sju] term 202220 "Summer 2022 (View Only)" (new): 333 sections, 369 meetings, 0 extraction failures; 333 added, 0 changed, 0 unchanged, 0 not seen; 1109 rows written (5.7s)
2026-09-12T15:59:55Z [gmu] term 202340 "Summer 2023 (View Only)" (new): 1368 sections, 1619 meetings, 0 extraction failures; 1368 added, 0 changed, 0 unchanged, 0 not seen; 4394 rows written (27.3s)
2026-09-12T16:00:08Z [sju] term 202210 "Spring 2022 (View Only)" (new): 1422 sections, 1483 meetings, 0 extraction failures; 1422 added, 0 changed, 0 unchanged, 0 not seen; 4339 rows written (13.2s)
2026-09-12T16:00:16Z [ucr] term 202410 "Winter 2024 (View Only)" (new): 10489 sections, 10498 meetings, 0 extraction failures; 10489 added, 0 changed, 0 unchanged, 0 not seen; 33808 rows written (97.1s)
2026-09-12T16:00:17Z [okstate] term 202140 "Summer 2021 (View Only)" (new): 3036 sections, 3206 meetings, 0 extraction failures; 3036 added, 0 changed, 0 unchanged, 0 not seen; 9447 rows written (24.5s)
2026-09-12T16:00:17Z [sju] term 202200 "Intersession 2022 (View Only)" (new): 14 sections, 15 meetings, 0 extraction failures; 14 added, 0 changed, 0 unchanged, 0 not seen; 44 rows written (8.9s)
2026-09-12T16:00:18Z [siu] term 202620 "Spring 2026 (View Only)" (new): 4152 sections, 4494 meetings, 0 extraction failures; 4152 added, 0 changed, 0 unchanged, 0 not seen; 13057 rows written (42.8s)
2026-09-12T16:00:26Z [uncw] term 202110 "Fall 2020 (View Only)" (new): 3951 sections, 4585 meetings, 0 extraction failures; 3951 added, 0 changed, 0 unchanged, 0 not seen; 12660 rows written (47.4s)
2026-09-12T16:00:28Z [sju] term 202140 "Fall 2021 (View Only)" (new): 1480 sections, 1567 meetings, 0 extraction failures; 1480 added, 0 changed, 0 unchanged, 0 not seen; 4549 rows written (11.7s)
2026-09-12T16:00:35Z [sju] term 202120 "Summer 2021 (View Only)" (new): 356 sections, 384 meetings, 0 extraction failures; 356 added, 0 changed, 0 unchanged, 0 not seen; 1101 rows written (6.1s)
2026-09-12T16:00:39Z [uncw] term 202060 "Summer 2020 (View Only)" (new): 914 sections, 927 meetings, 0 extraction failures; 914 added, 0 changed, 0 unchanged, 0 not seen; 2722 rows written (13.0s)
2026-09-12T16:00:50Z [sju] term 202110 "Spring 2021 (View Only)" (new): 1437 sections, 1542 meetings, 0 extraction failures; 1437 added, 0 changed, 0 unchanged, 0 not seen; 4449 rows written (15.4s)
2026-09-12T16:00:56Z [siu] term 202560 "Fall 2025 (View Only)" (new): 4181 sections, 4593 meetings, 0 extraction failures; 4181 added, 0 changed, 0 unchanged, 0 not seen; 13236 rows written (38.1s)
2026-09-12T16:01:00Z [ou] term 202220 "Spring 2023 (View Only)" (new): 11691 sections, 14526 meetings, 0 extraction failures; 11691 added, 0 changed, 0 unchanged, 0 not seen; 37445 rows written (116.2s)
2026-09-12T16:01:00Z [ou] Collected: 24/24 terms (24 new), 106215 sections, 130837 meetings, 293 requests (0 from cache), 503.7 MB, 00:18:57
2026-09-12T16:01:00Z [utrgv] started (banner9, https://assist.utrgv.edu/StudentRegistrationSsb/)
2026-09-12T16:01:00Z [sju] term 202100 "Intersession 2021 (View Only)" (new): 22 sections, 24 meetings, 0 extraction failures; 22 added, 0 changed, 0 unchanged, 0 not seen; 69 rows written (10.1s)
2026-09-12T16:01:00Z [sju] Collected: 24/24 terms (24 new), 23448 sections, 25117 meetings, 113 requests (0 from cache), 77.1 MB, 00:04:47
2026-09-12T16:01:00Z [clpccd] started (banner9, https://banssprod.clpccd.cc.ca.us/StudentRegistrationSsb/)
2026-09-12T16:01:02Z [clpccd] 12 terms listed, collecting 12
2026-09-12T16:01:03Z [utrgv] Failed: 0/0 terms (0 new), 0 sections, 0 meetings, 2 requests (0 from cache), 0.0 MB, 00:00:02; getTerms returned HTTP 302 without Banner term JSON
2026-09-12T16:01:03Z [cocc] started (banner9, https://reg-prod.cocc.edu/StudentRegistrationSsb/)
2026-09-12T16:01:03Z [cocc] 11 terms listed, collecting 11
2026-09-12T16:01:06Z [usf] term 202608 "Fall 2026" (new): 8615 sections, 9228 meetings, 0 extraction failures; 8615 added, 0 changed, 0 unchanged, 0 not seen; 27559 rows written (265.1s)
2026-09-12T16:01:13Z [cocc] term 202720 "Spring 2027 (View Only)" (new): 741 sections, 1027 meetings, 0 extraction failures; 741 added, 0 changed, 0 unchanged, 0 not seen; 2418 rows written (10.2s)
2026-09-12T16:01:14Z [uncw] term 202020 "Spring 2020 (View Only)" (new): 3455 sections, 4110 meetings, 0 extraction failures; 3455 added, 0 changed, 0 unchanged, 0 not seen; 11214 rows written (35.8s)
2026-09-12T16:01:15Z [siu] term 202540 "Summer 2025 (View Only)" (new): 1565 sections, 1580 meetings, 0 extraction failures; 1565 added, 0 changed, 0 unchanged, 0 not seen; 4646 rows written (18.6s)
2026-09-12T16:01:18Z [gsu] term 202501 "Spring Semester 2025 (View Only)" (new): 10225 sections, 11314 meetings, 0 extraction failures; 10225 added, 0 changed, 0 unchanged, 0 not seen; 32177 rows written (105.9s)
2026-09-12T16:01:19Z [unf] term 202480 "Fall 2024 (View Only)" (new): 2934 sections, 3606 meetings, 0 extraction failures; 2934 added, 0 changed, 0 unchanged, 0 not seen; 9761 rows written (91.8s)
2026-09-12T16:01:22Z [temple] term 202536 "2025 Fall" (new): 9257 sections, 11149 meetings, 0 extraction failures; 9257 added, 0 changed, 0 unchanged, 0 not seen; 31135 rows written (274.2s)
2026-09-12T16:01:23Z [cocc] term 202710 "Winter 2027 (View Only)" (new): 738 sections, 1035 meetings, 0 extraction failures; 738 added, 0 changed, 0 unchanged, 0 not seen; 2434 rows written (10.0s)
2026-09-12T16:01:27Z [msudenver] term 202150 "Fall 2021 (View Only)" (new): 3547 sections, 4035 meetings, 0 extraction failures; 3547 added, 0 changed, 0 unchanged, 0 not seen; 11190 rows written (94.0s)
2026-09-12T16:01:33Z [cocc] term 202640 "Fall 2026" (new): 715 sections, 988 meetings, 0 extraction failures; 715 added, 0 changed, 0 unchanged, 0 not seen; 2496 rows written (10.0s)
2026-09-12T16:01:37Z [okstate] term 202120 "Spring 2021 (View Only)" (new): 8446 sections, 13803 meetings, 0 extraction failures; 8446 added, 0 changed, 0 unchanged, 0 not seen; 32094 rows written (80.0s)
2026-09-12T16:01:37Z [temple] term 202526 "2025 Summer II (View Only)" (new): 452 sections, 521 meetings, 0 extraction failures; 452 added, 0 changed, 0 unchanged, 0 not seen; 1432 rows written (14.6s)
2026-09-12T16:01:39Z [cocc] term 202630 "Summer 2026 (View Only)" (new): 209 sections, 272 meetings, 0 extraction failures; 209 added, 0 changed, 0 unchanged, 0 not seen; 724 rows written (5.9s)
2026-09-12T16:01:43Z [clpccd] term 202602 "Fall 2026" (new): 2362 sections, 3572 meetings, 0 extraction failures; 2362 added, 0 changed, 0 unchanged, 0 not seen; 8386 rows written (40.3s)
2026-09-12T16:01:50Z [msudenver] term 202140 "Summer 2021 (View Only)" (new): 812 sections, 879 meetings, 0 extraction failures; 812 added, 0 changed, 0 unchanged, 0 not seen; 2516 rows written (22.7s)
2026-09-12T16:01:51Z [cocc] term 202620 "Spring 2026 (View Only)" (new): 680 sections, 1237 meetings, 0 extraction failures; 680 added, 0 changed, 0 unchanged, 0 not seen; 2716 rows written (11.6s)
2026-09-12T16:01:53Z [gmu] term 202310 "Spring 2023 (View Only)" (new): 6340 sections, 7164 meetings, 0 extraction failures; 6340 added, 0 changed, 0 unchanged, 0 not seen; 20252 rows written (118.0s)
2026-09-12T16:01:55Z [siu] term 202520 "Spring 2025 (View Only)" (new): 4136 sections, 4459 meetings, 0 extraction failures; 4136 added, 0 changed, 0 unchanged, 0 not seen; 13074 rows written (40.3s)
2026-09-12T16:01:56Z [uncw] term 202010 "Fall 2019 (View Only)" (new): 3529 sections, 4161 meetings, 0 extraction failures; 3529 added, 0 changed, 0 unchanged, 0 not seen; 11400 rows written (42.0s)
2026-09-12T16:01:57Z [clpccd] term 202601 "Summer 2026 (View Only)" (new): 747 sections, 973 meetings, 0 extraction failures; 747 added, 0 changed, 0 unchanged, 0 not seen; 2494 rows written (14.3s)
2026-09-12T16:02:01Z [ucr] term 202340 "Fall 2023 (View Only)" (new): 10647 sections, 10644 meetings, 0 extraction failures; 10647 added, 0 changed, 0 unchanged, 0 not seen; 34073 rows written (105.4s)
2026-09-12T16:02:02Z [unf] term 202450 "Summer 2024 (View Only)" (new): 1165 sections, 1430 meetings, 0 extraction failures; 1165 added, 0 changed, 0 unchanged, 0 not seen; 3972 rows written (42.6s)
2026-09-12T16:02:02Z [cocc] term 202610 "Winter 2026 (View Only)" (new): 734 sections, 1292 meetings, 0 extraction failures; 734 added, 0 changed, 0 unchanged, 0 not seen; 2849 rows written (11.2s)
2026-09-12T16:02:06Z [uncw] term 201960 "Summer 2019 (View Only)" (new): 875 sections, 904 meetings, 0 extraction failures; 875 added, 0 changed, 0 unchanged, 0 not seen; 2635 rows written (9.9s)
2026-09-12T16:02:06Z [uncw] Collected: 24/24 terms (24 new), 64964 sections, 77922 meetings, 197 requests (0 from cache), 213.1 MB, 00:12:11
2026-09-12T16:02:06Z [ufv] started (banner9, https://apps.ban.ufv.ca/StudentRegistrationSsb/)
2026-09-12T16:02:07Z [ufv] 11 terms listed, collecting 11
2026-09-12T16:02:12Z [ufv] term 202701 "Winter 2027" (new): 75 sections, 370 meetings, 0 extraction failures; 75 added, 0 changed, 0 unchanged, 0 not seen; 527 rows written (5.7s)
2026-09-12T16:02:13Z [cocc] term 202540 "Fall 2025 (View Only)" (new): 732 sections, 1359 meetings, 0 extraction failures; 732 added, 0 changed, 0 unchanged, 0 not seen; 2914 rows written (10.9s)
2026-09-12T16:02:18Z [ucr] term 202330 "Summer 2023 (View Only)" (new): 1358 sections, 1367 meetings, 0 extraction failures; 1358 added, 0 changed, 0 unchanged, 0 not seen; 4786 rows written (16.9s)
2026-09-12T16:02:19Z [cocc] term 102820 "Spring 2028 (View Only)" (new): 0 sections, 0 meetings, 0 extraction failures; 0 added, 0 changed, 0 unchanged, 0 not seen; 1 rows written (5.9s)
2026-09-12T16:02:24Z [cocc] term 102810 "Winter 2028 (View Only)" (new): 0 sections, 0 meetings, 0 extraction failures; 0 added, 0 changed, 0 unchanged, 0 not seen; 1 rows written (5.8s)
2026-09-12T16:02:31Z [cocc] term 102740 "Fall 2027 (View Only)" (new): 0 sections, 0 meetings, 0 extraction failures; 0 added, 0 changed, 0 unchanged, 0 not seen; 1 rows written (6.0s)
2026-09-12T16:02:37Z [cocc] term 102730 "Summer 2027 (View Only)" (new): 0 sections, 0 meetings, 0 extraction failures; 0 added, 0 changed, 0 unchanged, 0 not seen; 1 rows written (6.2s)
2026-09-12T16:02:37Z [cocc] Collected: 11/11 terms (11 new), 4549 sections, 7210 meetings, 47 requests (0 from cache), 17.2 MB, 00:01:43
2026-09-12T16:02:37Z [ufv] term 202609 "Fall 2026" (new): 1378 sections, 2985 meetings, 0 extraction failures; 1378 added, 0 changed, 0 unchanged, 0 not seen; 5948 rows written (25.0s)
2026-09-12T16:02:39Z [siu] term 202460 "Fall 2024 (View Only)" (new): 4276 sections, 4717 meetings, 0 extraction failures; 4276 added, 0 changed, 0 unchanged, 0 not seen; 13612 rows written (44.0s)
2026-09-12T16:02:43Z [ufv] term 202608 "Continuing Ed Sep-Dec 2026" (new): 2 sections, 2 meetings, 0 extraction failures; 2 added, 0 changed, 0 unchanged, 0 not seen; 7 rows written (5.3s)
2026-09-12T16:02:45Z [clpccd] term 202505 "Spring 2026 (View Only)" (new): 2325 sections, 3438 meetings, 0 extraction failures; 2325 added, 0 changed, 0 unchanged, 0 not seen; 8259 rows written (47.6s)
2026-09-12T16:02:49Z [ufv] term 202607 "Trades 2026-2027" (new): 59 sections, 82 meetings, 0 extraction failures; 59 added, 0 changed, 0 unchanged, 0 not seen; 188 rows written (6.0s)
2026-09-12T16:02:50Z [clpccd] term 202504 "Winter Intersession 2025-2026 (View Only)" (new): 72 sections, 77 meetings, 0 extraction failures; 72 added, 0 changed, 0 unchanged, 0 not seen; 222 rows written (5.1s)
2026-09-12T16:02:55Z [usf] term 202605 "Summer 2026 (View Only)" (new): 3593 sections, 3683 meetings, 0 extraction failures; 3593 added, 0 changed, 0 unchanged, 0 not seen; 11250 rows written (109.1s)
2026-09-12T16:02:56Z [temple] term 202520 "2025 Summer I (View Only)" (new): 1943 sections, 2336 meetings, 0 extraction failures; 1943 added, 0 changed, 0 unchanged, 0 not seen; 6291 rows written (79.2s)
2026-09-12T16:03:00Z [okstate] term 202060 "Fall 2020 (View Only)" (new): 8700 sections, 13307 meetings, 0 extraction failures; 8700 added, 0 changed, 0 unchanged, 0 not seen; 32244 rows written (83.2s)
2026-09-12T16:03:00Z [siu] term 202440 "Summer 2024 (View Only)" (new): 1595 sections, 1605 meetings, 0 extraction failures; 1595 added, 0 changed, 0 unchanged, 0 not seen; 4923 rows written (21.3s)
2026-09-12T16:03:01Z [ufv] term 202605 "Summer 2026 (View Only)" (new): 450 sections, 693 meetings, 0 extraction failures; 450 added, 0 changed, 0 unchanged, 0 not seen; 1619 rows written (11.8s)
2026-09-12T16:03:05Z [ufv] term 202604 "Continuing Ed May-Aug 2026 (View Only)" (new): 10 sections, 11 meetings, 0 extraction failures; 10 added, 0 changed, 0 unchanged, 0 not seen; 34 rows written (4.1s)
2026-09-12T16:03:12Z [gsu] term 202408 "Fall Semester 2024 (View Only)" (new): 10904 sections, 12110 meetings, 0 extraction failures; 10904 added, 0 changed, 0 unchanged, 0 not seen; 34423 rows written (114.4s)
2026-09-12T16:03:18Z [msudenver] term 202130 "Spring 2021 (View Only)" (new): 3425 sections, 3833 meetings, 0 extraction failures; 3425 added, 0 changed, 0 unchanged, 0 not seen; 10633 rows written (88.0s)
2026-09-12T16:03:20Z [okstate] term 202040 "Summer 2020 (View Only)" (new): 3023 sections, 3148 meetings, 0 extraction failures; 3023 added, 0 changed, 0 unchanged, 0 not seen; 9443 rows written (20.5s)
2026-09-12T16:03:29Z [clpccd] term 202502 "Fall 2025 (View Only)" (new): 2479 sections, 3614 meetings, 0 extraction failures; 2479 added, 0 changed, 0 unchanged, 0 not seen; 8701 rows written (39.4s)
2026-09-12T16:03:30Z [ufv] term 202601 "Winter 2026 (View Only)" (new): 1438 sections, 3128 meetings, 0 extraction failures; 1438 added, 0 changed, 0 unchanged, 0 not seen; 6235 rows written (25.1s)
2026-09-12T16:03:31Z [unf] term 202410 "Spring 2024 (View Only)" (new): 2913 sections, 3644 meetings, 0 extraction failures; 2913 added, 0 changed, 0 unchanged, 0 not seen; 9792 rows written (89.2s)
2026-09-12T16:03:35Z [ufv] term 202600 "Continuing Ed Jan-Apr 2026 (View Only)" (new): 143 sections, 236 meetings, 0 extraction failures; 143 added, 0 changed, 0 unchanged, 0 not seen; 509 rows written (5.4s)
2026-09-12T16:03:40Z [siu] term 202420 "Spring 2024 (View Only)" (new): 4140 sections, 4517 meetings, 0 extraction failures; 4140 added, 0 changed, 0 unchanged, 0 not seen; 13076 rows written (39.1s)
2026-09-12T16:03:45Z [ucr] term 202320 "Spring 2023 (View Only)" (new): 9965 sections, 9949 meetings, 0 extraction failures; 9965 added, 0 changed, 0 unchanged, 0 not seen; 31930 rows written (86.5s)
2026-09-12T16:03:45Z [clpccd] term 202501 "Summer 2025 (View Only)" (new): 781 sections, 1035 meetings, 0 extraction failures; 781 added, 0 changed, 0 unchanged, 0 not seen; 2614 rows written (15.8s)
2026-09-12T16:03:54Z [gmu] term 202270 "Fall 2022 (View Only)" (new): 6495 sections, 7448 meetings, 0 extraction failures; 6495 added, 0 changed, 0 unchanged, 0 not seen; 20931 rows written (120.6s)
2026-09-12T16:03:55Z [gsu] term 202405 "Summer Semester 2024 (View Only)" (new): 4313 sections, 4615 meetings, 0 extraction failures; 4313 added, 0 changed, 0 unchanged, 0 not seen; 13171 rows written (42.7s)
2026-09-12T16:04:07Z [ufv] term 202509 "Fall 2025 (View Only)" (new): 1606 sections, 4168 meetings, 0 extraction failures; 1606 added, 0 changed, 0 unchanged, 0 not seen; 7596 rows written (31.5s)
2026-09-12T16:04:12Z [ufv] term 202508 "Continuing Ed Sep-Dec 2025 (View Only)" (new): 115 sections, 231 meetings, 0 extraction failures; 115 added, 0 changed, 0 unchanged, 0 not seen; 450 rows written (5.3s)
2026-09-12T16:04:18Z [ufv] term 202507 "Trades 2025-2026 (View Only)" (new): 69 sections, 97 meetings, 0 extraction failures; 69 added, 0 changed, 0 unchanged, 0 not seen; 247 rows written (6.0s)
2026-09-12T16:04:18Z [ufv] Collected: 11/11 terms (11 new), 5345 sections, 12003 meetings, 46 requests (0 from cache), 24.2 MB, 00:02:18
2026-09-12T16:04:20Z [siu] term 202360 "Fall 2023 (View Only)" (new): 4197 sections, 4650 meetings, 0 extraction failures; 4197 added, 0 changed, 0 unchanged, 0 not seen; 13432 rows written (40.0s)
2026-09-12T16:04:20Z [clpccd] term 202403 "Spring 2025 (View Only)" (new): 2443 sections, 3610 meetings, 0 extraction failures; 2443 added, 0 changed, 0 unchanged, 0 not seen; 8630 rows written (35.6s)
2026-09-12T16:04:21Z [gmu] term 202240 "Summer 2022 (View Only)" (new): 1419 sections, 1616 meetings, 0 extraction failures; 1419 added, 0 changed, 0 unchanged, 0 not seen; 4564 rows written (27.5s)
2026-09-12T16:04:37Z [siu] term 202340 "Summer 2023 (View Only)" (new): 1503 sections, 1515 meetings, 0 extraction failures; 1503 added, 0 changed, 0 unchanged, 0 not seen; 4694 rows written (17.9s)
2026-09-12T16:04:41Z [okstate] term 202020 "Spring 2020 (View Only)" (new): 8158 sections, 13496 meetings, 0 extraction failures; 8158 added, 0 changed, 0 unchanged, 0 not seen; 31405 rows written (80.0s)
2026-09-12T16:04:42Z [msudenver] term 202050 "Fall 2020 (View Only)" (new): 3468 sections, 3614 meetings, 0 extraction failures; 3468 added, 0 changed, 0 unchanged, 0 not seen; 10516 rows written (83.4s)
2026-09-12T16:04:54Z [clpccd] term 202402 "Fall 2024 (View Only)" (new): 2486 sections, 3608 meetings, 0 extraction failures; 2486 added, 0 changed, 0 unchanged, 0 not seen; 8714 rows written (33.1s)
2026-09-12T16:04:59Z [unf] term 202380 "Fall 2023 (View Only)" (new): 2958 sections, 3618 meetings, 0 extraction failures; 2958 added, 0 changed, 0 unchanged, 0 not seen; 9790 rows written (88.4s)
2026-09-12T16:05:01Z [msudenver] term 202040 "Summer 2020 (View Only)" (new): 766 sections, 797 meetings, 0 extraction failures; 766 added, 0 changed, 0 unchanged, 0 not seen; 2339 rows written (19.6s)
2026-09-12T16:05:07Z [clpccd] term 202401 "Summer 2024 (View Only)" (new): 761 sections, 1025 meetings, 0 extraction failures; 761 added, 0 changed, 0 unchanged, 0 not seen; 2569 rows written (13.8s)
2026-09-12T16:05:15Z [ucr] term 202310 "Winter 2023 (View Only)" (new): 10419 sections, 10435 meetings, 0 extraction failures; 10419 added, 0 changed, 0 unchanged, 0 not seen; 33475 rows written (90.6s)
2026-09-12T16:05:20Z [siu] term 202320 "Spring 2023 (View Only)" (new): 4097 sections, 4537 meetings, 0 extraction failures; 4097 added, 0 changed, 0 unchanged, 0 not seen; 13089 rows written (42.4s)
2026-09-12T16:05:42Z [clpccd] term 202303 "Spring 2024 (View Only)" (new): 2337 sections, 3460 meetings, 0 extraction failures; 2337 added, 0 changed, 0 unchanged, 0 not seen; 8258 rows written (34.7s)
2026-09-12T16:05:42Z [unf] term 202350 "Summer 2023 (View Only)" (new): 1139 sections, 1383 meetings, 0 extraction failures; 1139 added, 0 changed, 0 unchanged, 0 not seen; 3807 rows written (43.2s)
2026-09-12T16:05:46Z [gsu] term 202401 "Spring Semester 2024 (View Only)" (new): 10044 sections, 11240 meetings, 0 extraction failures; 10044 added, 0 changed, 0 unchanged, 0 not seen; 31877 rows written (110.4s)
2026-09-12T16:06:01Z [okstate] term 201960 "Fall 2019 (View Only)" (new): 8476 sections, 14255 meetings, 0 extraction failures; 8476 added, 0 changed, 0 unchanged, 0 not seen; 32832 rows written (80.5s)
2026-09-12T16:06:02Z [siu] term 202260 "Fall 2022 (View Only)" (new): 4010 sections, 4503 meetings, 0 extraction failures; 4010 added, 0 changed, 0 unchanged, 0 not seen; 12971 rows written (42.3s)
2026-09-12T16:06:12Z [gmu] term 202210 "Spring 2022 (View Only)" (new): 6366 sections, 7233 meetings, 0 extraction failures; 6366 added, 0 changed, 0 unchanged, 0 not seen; 20527 rows written (110.4s)
2026-09-12T16:06:15Z [clpccd] term 202302 "Fall 2023 (View Only)" (new): 2359 sections, 3475 meetings, 0 extraction failures; 2359 added, 0 changed, 0 unchanged, 0 not seen; 8339 rows written (33.1s)
2026-09-12T16:06:17Z [siu] term 202240 "Summer 2022 (View Only)" (new): 1386 sections, 1397 meetings, 0 extraction failures; 1386 added, 0 changed, 0 unchanged, 0 not seen; 4287 rows written (14.8s)
2026-09-12T16:06:19Z [okstate] term 201940 "Summer 2019 (View Only)" (new): 2942 sections, 3087 meetings, 0 extraction failures; 2942 added, 0 changed, 0 unchanged, 0 not seen; 9139 rows written (18.0s)
2026-09-12T16:06:27Z [clpccd] term 202301 "Summer 2023 (View Only)" (new): 715 sections, 963 meetings, 0 extraction failures; 715 added, 0 changed, 0 unchanged, 0 not seen; 2418 rows written (12.2s)
2026-09-12T16:06:27Z [clpccd] Collected: 12/12 terms (12 new), 19867 sections, 28850 meetings, 70 requests (0 from cache), 86.8 MB, 00:05:27
2026-09-12T16:06:34Z [msudenver] term 202030 "Spring 2020 (View Only)" (new): 3786 sections, 4144 meetings, 0 extraction failures; 3786 added, 0 changed, 0 unchanged, 0 not seen; 11754 rows written (92.6s)
2026-09-12T16:06:58Z [siu] term 202220 "Spring 2022 (View Only)" (new): 4022 sections, 4497 meetings, 0 extraction failures; 4022 added, 0 changed, 0 unchanged, 0 not seen; 12923 rows written (41.2s)
2026-09-12T16:07:03Z [ucr] term 202240 "Fall 2022 (View Only)" (new): 10510 sections, 10496 meetings, 0 extraction failures; 10510 added, 0 changed, 0 unchanged, 0 not seen; 33640 rows written (107.5s)
2026-09-12T16:07:12Z [unf] term 202310 "Spring 2023 (View Only)" (new): 2901 sections, 3715 meetings, 0 extraction failures; 2901 added, 0 changed, 0 unchanged, 0 not seen; 9731 rows written (89.2s)
2026-09-12T16:07:19Z [ucr] term 202230 "Summer 2022 (View Only)" (new): 1395 sections, 1402 meetings, 0 extraction failures; 1395 added, 0 changed, 0 unchanged, 0 not seen; 4847 rows written (15.9s)
2026-09-12T16:07:26Z [usf] term 202601 "Spring 2026 (View Only)" (new): 8650 sections, 9208 meetings, 0 extraction failures; 8650 added, 0 changed, 0 unchanged, 0 not seen; 27980 rows written (270.9s)
2026-09-12T16:07:36Z [gsu] term 202308 "Fall Semester 2023 (View Only)" (new): 10828 sections, 12046 meetings, 0 extraction failures; 10828 added, 0 changed, 0 unchanged, 0 not seen; 34297 rows written (110.2s)
2026-09-12T16:07:39Z [okstate] term 201920 "Spring 2019 (View Only)" (new): 8206 sections, 13679 meetings, 0 extraction failures; 8206 added, 0 changed, 0 unchanged, 0 not seen; 31517 rows written (79.5s)
2026-09-12T16:07:39Z [okstate] Collected: 24/24 terms (24 new), 161796 sections, 245255 meetings, 384 requests (0 from cache), 556.1 MB, 00:24:29
2026-09-12T16:07:40Z [siu] term 202160 "Fall 2021 (View Only)" (new): 3670 sections, 4166 meetings, 0 extraction failures; 3670 added, 0 changed, 0 unchanged, 0 not seen; 11995 rows written (41.6s)
2026-09-12T16:07:44Z [temple] term 202503 "2025 Spring (View Only)" (new): 9317 sections, 11001 meetings, 0 extraction failures; 9317 added, 0 changed, 0 unchanged, 0 not seen; 31079 rows written (288.0s)
2026-09-12T16:07:54Z [siu] term 202140 "Summer 2021 (View Only)" (new): 1386 sections, 1408 meetings, 0 extraction failures; 1386 added, 0 changed, 0 unchanged, 0 not seen; 4306 rows written (14.1s)
2026-09-12T16:08:09Z [msudenver] term 201950 "Fall 2019 (View Only)" (new): 3862 sections, 4197 meetings, 0 extraction failures; 3862 added, 0 changed, 0 unchanged, 0 not seen; 11994 rows written (95.0s)
2026-09-12T16:08:16Z [gsu] term 202305 "Summer Semester 2023 (View Only)" (new): 4237 sections, 4567 meetings, 0 extraction failures; 4237 added, 0 changed, 0 unchanged, 0 not seen; 13043 rows written (40.2s)
2026-09-12T16:08:32Z [msudenver] term 201940 "Summer 2019 (View Only)" (new): 884 sections, 955 meetings, 0 extraction failures; 884 added, 0 changed, 0 unchanged, 0 not seen; 2734 rows written (22.9s)
2026-09-12T16:08:36Z [gmu] term 202170 "Fall 2021 (View Only)" (new): 6516 sections, 7691 meetings, 0 extraction failures; 6516 added, 0 changed, 0 unchanged, 0 not seen; 21287 rows written (143.9s)
2026-09-12T16:08:38Z [siu] term 202120 "Spring 2021 (View Only)" (new): 4079 sections, 5155 meetings, 0 extraction failures; 4079 added, 0 changed, 0 unchanged, 0 not seen; 13744 rows written (44.3s)
2026-09-12T16:08:49Z [ucr] term 202220 "Spring 2022 (View Only)" (new): 9965 sections, 9921 meetings, 0 extraction failures; 9965 added, 0 changed, 0 unchanged, 0 not seen; 31629 rows written (90.3s)
2026-09-12T16:09:01Z [unf] term 202280 "Fall 2022 (View Only)" (new): 3102 sections, 3885 meetings, 0 extraction failures; 3102 added, 0 changed, 0 unchanged, 0 not seen; 10256 rows written (109.1s)
2026-09-12T16:09:05Z [gmu] term 202140 "Summer 2021 (View Only)" (new): 1388 sections, 1606 meetings, 0 extraction failures; 1388 added, 0 changed, 0 unchanged, 0 not seen; 4465 rows written (29.1s)
2026-09-12T16:09:23Z [siu] term 202060 "Fall 2020 (View Only)" (new): 4115 sections, 5164 meetings, 0 extraction failures; 4115 added, 0 changed, 0 unchanged, 0 not seen; 13881 rows written (44.5s)
2026-09-12T16:09:37Z [siu] term 202040 "Summer 2020 (View Only)" (new): 1070 sections, 1076 meetings, 0 extraction failures; 1070 added, 0 changed, 0 unchanged, 0 not seen; 3239 rows written (13.9s)
2026-09-12T16:09:38Z [unf] term 202250 "Summer 2022 (View Only)" (new): 1142 sections, 1391 meetings, 0 extraction failures; 1142 added, 0 changed, 0 unchanged, 0 not seen; 3749 rows written (36.9s)
2026-09-12T16:09:56Z [gsu] term 202301 "Spring Semester 2023 (View Only)" (new): 10038 sections, 11124 meetings, 0 extraction failures; 10038 added, 0 changed, 0 unchanged, 0 not seen; 31766 rows written (99.7s)
2026-09-12T16:10:05Z [msudenver] term 201930 "Spring 2019 (View Only)" (new): 3833 sections, 4147 meetings, 0 extraction failures; 3833 added, 0 changed, 0 unchanged, 0 not seen; 11834 rows written (93.1s)
2026-09-12T16:10:05Z [msudenver] Partial: 24/24 terms (24 new), 61702 sections, 67310 meetings, 222 requests (0 from cache), 196.2 MB, 00:27:02
2026-09-12T16:10:14Z [siu] term 202020 "Spring 2020 (View Only)" (new): 3787 sections, 4222 meetings, 0 extraction failures; 3787 added, 0 changed, 0 unchanged, 0 not seen; 12213 rows written (37.7s)
2026-09-12T16:10:23Z [ucr] term 202210 "Winter 2022 (View Only)" (new): 10251 sections, 10285 meetings, 0 extraction failures; 10251 added, 0 changed, 0 unchanged, 0 not seen; 33237 rows written (94.5s)
2026-09-12T16:10:47Z [gmu] term 202110 "Spring 2021 (View Only)" (new): 6398 sections, 7641 meetings, 0 extraction failures; 6398 added, 0 changed, 0 unchanged, 0 not seen; 20875 rows written (102.4s)
2026-09-12T16:10:52Z [temple] term 202436 "2024 Fall (View Only)" (new): 9302 sections, 11128 meetings, 0 extraction failures; 9302 added, 0 changed, 0 unchanged, 0 not seen; 31155 rows written (188.2s)
2026-09-12T16:10:53Z [siu] term 201960 "Fall 2019 (View Only)" (new): 3881 sections, 4394 meetings, 0 extraction failures; 3881 added, 0 changed, 0 unchanged, 0 not seen; 12620 rows written (39.1s)
2026-09-12T16:11:07Z [temple] term 202426 "2024 Summer II (View Only)" (new): 544 sections, 587 meetings, 0 extraction failures; 544 added, 0 changed, 0 unchanged, 0 not seen; 1681 rows written (14.6s)
2026-09-12T16:11:09Z [siu] term 201940 "Summer 2019 (View Only)" (new): 1375 sections, 1410 meetings, 0 extraction failures; 1375 added, 0 changed, 0 unchanged, 0 not seen; 4331 rows written (15.8s)
2026-09-12T16:11:09Z [siu] Collected: 24/24 terms (24 new), 75299 sections, 83534 meetings, 216 requests (0 from cache), 246.7 MB, 00:13:05
2026-09-12T16:11:24Z [unf] term 202210 "Spring 2022 (View Only)" (new): 2935 sections, 3816 meetings, 0 extraction failures; 2935 added, 0 changed, 0 unchanged, 0 not seen; 9880 rows written (106.1s)
2026-09-12T16:11:45Z [gsu] term 202208 "Fall Semester 2022 (View Only)" (new): 10898 sections, 12157 meetings, 0 extraction failures; 10898 added, 0 changed, 0 unchanged, 0 not seen; 34629 rows written (109.0s)
2026-09-12T16:11:56Z [usf] term 202508 "Fall 2025 (View Only)" (new): 8647 sections, 9269 meetings, 0 extraction failures; 8647 added, 0 changed, 0 unchanged, 0 not seen; 28123 rows written (270.2s)
2026-09-12T16:12:00Z [ucr] term 202140 "Fall 2021 (View Only)" (new): 10467 sections, 10470 meetings, 0 extraction failures; 10467 added, 0 changed, 0 unchanged, 0 not seen; 33034 rows written (96.2s)
2026-09-12T16:12:16Z [ucr] term 202130 "Summer 2021 (View Only)" (new): 1423 sections, 1430 meetings, 0 extraction failures; 1423 added, 0 changed, 0 unchanged, 0 not seen; 4554 rows written (16.1s)
2026-09-12T16:12:27Z [gsu] term 202205 "Summer Semester 2022 (View Only)" (new): 4319 sections, 4694 meetings, 0 extraction failures; 4319 added, 0 changed, 0 unchanged, 0 not seen; 13340 rows written (42.1s)
2026-09-12T16:12:29Z [gmu] term 202070 "Fall 2020 (View Only)" (new): 6389 sections, 7376 meetings, 0 extraction failures; 6389 added, 0 changed, 0 unchanged, 0 not seen; 20571 rows written (101.8s)
2026-09-12T16:12:29Z [temple] term 202420 "2024 Summer I (View Only)" (new): 1847 sections, 2090 meetings, 0 extraction failures; 1847 added, 0 changed, 0 unchanged, 0 not seen; 5857 rows written (82.3s)
2026-09-12T16:13:03Z [gmu] term 202040 "Summer 2020 (View Only)" (new): 1377 sections, 1522 meetings, 0 extraction failures; 1377 added, 0 changed, 0 unchanged, 0 not seen; 4338 rows written (34.8s)
2026-09-12T16:13:14Z [unf] term 202180 "Fall 2021 (View Only)" (new): 3014 sections, 3853 meetings, 0 extraction failures; 3014 added, 0 changed, 0 unchanged, 0 not seen; 10086 rows written (110.0s)
2026-09-12T16:13:46Z [ucr] term 202120 "Spring 2021 (View Only)" (new): 9974 sections, 9929 meetings, 0 extraction failures; 9974 added, 0 changed, 0 unchanged, 0 not seen; 31175 rows written (90.0s)
2026-09-12T16:13:50Z [usf] term 202505 "Summer 2025 (View Only)" (new): 3703 sections, 3793 meetings, 0 extraction failures; 3703 added, 0 changed, 0 unchanged, 0 not seen; 11895 rows written (113.4s)
2026-09-12T16:13:58Z [unf] term 202150 "Summer 2021 (View Only)" (new): 1144 sections, 1411 meetings, 0 extraction failures; 1144 added, 0 changed, 0 unchanged, 0 not seen; 3786 rows written (43.8s)
2026-09-12T16:14:08Z [gsu] term 202201 "Spring Semester 2022 (View Only)" (new): 10270 sections, 11283 meetings, 0 extraction failures; 10270 added, 0 changed, 0 unchanged, 0 not seen; 32379 rows written (101.0s)
2026-09-12T16:14:32Z [gmu] term 202010 "Spring 2020 - COVID-19 (View Only)" (new): 6162 sections, 6535 meetings, 0 extraction failures; 6162 added, 0 changed, 0 unchanged, 0 not seen; 19300 rows written (88.7s)
2026-09-12T16:14:36Z [gmu] term 202000 "Continuing Education 2019/2020 (View Only)" (new): 0 sections, 0 meetings, 0 extraction failures; 0 added, 0 changed, 0 unchanged, 0 not seen; 1 rows written (4.1s)
2026-09-12T16:15:18Z [ucr] term 202110 "Winter 2021 (View Only)" (new): 10093 sections, 10120 meetings, 0 extraction failures; 10093 added, 0 changed, 0 unchanged, 0 not seen; 31474 rows written (92.6s)
2026-09-12T16:15:18Z [ucr] Collected: 24/24 terms (24 new), 198286 sections, 198277 meetings, 470 requests (0 from cache), 544.2 MB, 00:32:16
2026-09-12T16:15:39Z [unf] term 202110 "Spring 2021 (View Only)" (new): 2855 sections, 3720 meetings, 0 extraction failures; 2855 added, 0 changed, 0 unchanged, 0 not seen; 9641 rows written (101.8s)
2026-09-12T16:16:01Z [gmu] term 201970 "Fall 2019 (View Only)" (new): 6195 sections, 6424 meetings, 0 extraction failures; 6195 added, 0 changed, 0 unchanged, 0 not seen; 19073 rows written (84.9s)
2026-09-12T16:16:12Z [gsu] term 202108 "Fall Semester 2021 (View Only)" (new): 11707 sections, 12959 meetings, 0 extraction failures; 11707 added, 0 changed, 0 unchanged, 0 not seen; 37077 rows written (124.2s)
2026-09-12T16:16:30Z [gmu] term 201940 "Summer 2019 (View Only)" (new): 1345 sections, 1518 meetings, 0 extraction failures; 1345 added, 0 changed, 0 unchanged, 0 not seen; 4272 rows written (29.0s)
2026-09-12T16:16:30Z [gmu] Collected: 24/24 terms (24 new), 107817 sections, 122824 meetings, 276 requests (0 from cache), 380.0 MB, 00:32:04
2026-09-12T16:16:55Z [usf] term 202501 "Spring 2025 (View Only)" (new): 6023 sections, 6307 meetings, 0 extraction failures; 6023 added, 0 changed, 0 unchanged, 0 not seen; 19073 rows written (185.0s)
2026-09-12T16:16:57Z [gsu] term 202105 "Summer Semester 2021 (View Only)" (new): 4634 sections, 4992 meetings, 0 extraction failures; 4634 added, 0 changed, 0 unchanged, 0 not seen; 14192 rows written (45.2s)
2026-09-12T16:17:07Z [temple] term 202403 "2024 Spring (View Only)" (new): 9345 sections, 10956 meetings, 0 extraction failures; 9345 added, 0 changed, 0 unchanged, 0 not seen; 30806 rows written (277.7s)
2026-09-12T16:17:40Z [unf] term 202080 "Fall 2020 (View Only)" (new): 3097 sections, 4204 meetings, 0 extraction failures; 3097 added, 0 changed, 0 unchanged, 0 not seen; 10625 rows written (120.2s)
2026-09-12T16:18:15Z [unf] term 202050 "Summer 2020 (View Only)" (new): 1051 sections, 1279 meetings, 0 extraction failures; 1051 added, 0 changed, 0 unchanged, 0 not seen; 3474 rows written (35.6s)
2026-09-12T16:18:40Z [gsu] term 202101 "Spring Semester 2021 (View Only)" (new): 10280 sections, 11330 meetings, 0 extraction failures; 10280 added, 0 changed, 0 unchanged, 0 not seen; 32485 rows written (102.9s)
2026-09-12T16:19:41Z [unf] term 202010 "Spring 2020 (View Only)" (new): 2900 sections, 3587 meetings, 0 extraction failures; 2900 added, 0 changed, 0 unchanged, 0 not seen; 9676 rows written (86.1s)
2026-09-12T16:20:29Z [temple] term 202336 "2023 Fall (View Only)" (new): 9260 sections, 11113 meetings, 0 extraction failures; 9260 added, 0 changed, 0 unchanged, 0 not seen; 31076 rows written (201.7s)
2026-09-12T16:20:42Z [temple] term 202326 "2023 Summer II (View Only)" (new): 611 sections, 653 meetings, 0 extraction failures; 611 added, 0 changed, 0 unchanged, 0 not seen; 1872 rows written (13.5s)
2026-09-12T16:20:46Z [gsu] term 202008 "Fall Semester 2020 (View Only)" (new): 12128 sections, 13278 meetings, 0 extraction failures; 12128 added, 0 changed, 0 unchanged, 0 not seen; 38035 rows written (126.3s)
2026-09-12T16:21:27Z [usf] term 202408 "Fall 2024 (View Only)" (new): 8673 sections, 9334 meetings, 0 extraction failures; 8673 added, 0 changed, 0 unchanged, 0 not seen; 28473 rows written (271.7s)
2026-09-12T16:21:30Z [unf] term 201980 "Fall 2019 (View Only)" (new): 3004 sections, 3683 meetings, 0 extraction failures; 3004 added, 0 changed, 0 unchanged, 0 not seen; 10034 rows written (108.2s)
2026-09-12T16:21:31Z [gsu] term 202005 "Summer Semester 2020 (View Only)" (new): 4545 sections, 4843 meetings, 0 extraction failures; 4545 added, 0 changed, 0 unchanged, 0 not seen; 14045 rows written (45.0s)
2026-09-12T16:21:47Z [temple] term 202320 "2023 Summer I (View Only)" (new): 1916 sections, 2130 meetings, 0 extraction failures; 1916 added, 0 changed, 0 unchanged, 0 not seen; 6014 rows written (65.4s)
2026-09-12T16:22:08Z [unf] term 201950 "Summer 2019 (View Only)" (new): 1197 sections, 1527 meetings, 0 extraction failures; 1197 added, 0 changed, 0 unchanged, 0 not seen; 4057 rows written (38.2s)
2026-09-12T16:23:13Z [usf] term 202405 "Summer 2024 (View Only)" (new): 3386 sections, 3509 meetings, 0 extraction failures; 3386 added, 0 changed, 0 unchanged, 0 not seen; 11277 rows written (106.6s)
2026-09-12T16:23:17Z [gsu] term 202001 "Spring Semester 2020 (View Only)" (new): 10947 sections, 12239 meetings, 0 extraction failures; 10947 added, 0 changed, 0 unchanged, 0 not seen; 34976 rows written (105.8s)
2026-09-12T16:23:41Z [unf] term 201910 "Spring 2019 (View Only)" (new): 2645 sections, 3266 meetings, 0 extraction failures; 2645 added, 0 changed, 0 unchanged, 0 not seen; 8910 rows written (93.3s)
2026-09-12T16:23:41Z [unf] Collected: 24/24 terms (24 new), 56941 sections, 72018 meetings, 177 requests (0 from cache), 219.5 MB, 00:32:02
2026-09-12T16:25:29Z [gsu] term 201908 "Fall Semester 2019 (View Only)" (new): 12696 sections, 14049 meetings, 0 extraction failures; 12696 added, 0 changed, 0 unchanged, 0 not seen; 39988 rows written (132.2s)
2026-09-12T16:25:56Z [temple] term 202303 "2023 Spring (View Only)" (new): 9693 sections, 11420 meetings, 0 extraction failures; 9693 added, 0 changed, 0 unchanged, 0 not seen; 32237 rows written (248.6s)
2026-09-12T16:26:16Z [gsu] term 201905 "Summer Semester 2019 (View Only)" (new): 4867 sections, 5229 meetings, 0 extraction failures; 4867 added, 0 changed, 0 unchanged, 0 not seen; 15064 rows written (46.8s)
2026-09-12T16:27:35Z [usf] term 202401 "Spring 2024 (View Only)" (new): 8447 sections, 9115 meetings, 0 extraction failures; 8447 added, 0 changed, 0 unchanged, 0 not seen; 27519 rows written (261.7s)
2026-09-12T16:28:02Z [gsu] term 201901 "Spring Semester 2019 (View Only)" (new): 10767 sections, 11909 meetings, 0 extraction failures; 10767 added, 0 changed, 0 unchanged, 0 not seen; 33833 rows written (106.3s)
2026-09-12T16:28:02Z [gsu] Collected: 24/24 terms (24 new), 208399 sections, 229208 meetings, 478 requests (0 from cache), 945.7 MB, 00:35:24
2026-09-12T16:29:52Z [temple] term 202236 "2022 Fall (View Only)" (new): 9679 sections, 11718 meetings, 0 extraction failures; 9679 added, 0 changed, 0 unchanged, 0 not seen; 32649 rows written (236.2s)
2026-09-12T16:30:08Z [temple] term 202226 "2022 Summer II (View Only)" (new): 724 sections, 786 meetings, 0 extraction failures; 724 added, 0 changed, 0 unchanged, 0 not seen; 2234 rows written (16.1s)
2026-09-12T16:30:53Z [temple] term 202220 "2022 Summer I (View Only)" (new): 1934 sections, 2209 meetings, 0 extraction failures; 1934 added, 0 changed, 0 unchanged, 0 not seen; 6152 rows written (44.3s)
2026-09-12T16:32:01Z [usf] term 202308 "Fall 2023 (View Only)" (new): 8612 sections, 9302 meetings, 0 extraction failures; 8612 added, 0 changed, 0 unchanged, 0 not seen; 28119 rows written (265.5s)
2026-09-12T16:33:51Z [usf] term 202305 "Summer 2023 (View Only)" (new): 3655 sections, 3814 meetings, 0 extraction failures; 3655 added, 0 changed, 0 unchanged, 0 not seen; 11858 rows written (110.6s)
2026-09-12T16:35:18Z [temple] term 202203 "2022 Spring (View Only)" (new): 10039 sections, 11817 meetings, 0 extraction failures; 10039 added, 0 changed, 0 unchanged, 0 not seen; 33404 rows written (265.3s)
2026-09-12T16:38:45Z [usf] term 202301 "Spring 2023 (View Only)" (new): 9527 sections, 10236 meetings, 0 extraction failures; 9527 added, 0 changed, 0 unchanged, 0 not seen; 30431 rows written (294.2s)
2026-09-12T16:39:37Z [temple] term 202136 "2021 Fall (View Only)" (new): 10119 sections, 12762 meetings, 0 extraction failures; 10119 added, 0 changed, 0 unchanged, 0 not seen; 34774 rows written (258.8s)
2026-09-12T16:39:55Z [temple] term 202126 "2021 Summer II (View Only)" (new): 844 sections, 926 meetings, 0 extraction failures; 844 added, 0 changed, 0 unchanged, 0 not seen; 2645 rows written (18.5s)
2026-09-12T16:41:00Z [temple] term 202120 "2021 Summer I (View Only)" (new): 1953 sections, 2140 meetings, 0 extraction failures; 1953 added, 0 changed, 0 unchanged, 0 not seen; 6165 rows written (64.6s)
2026-09-12T16:43:37Z [usf] term 202208 "Fall 2022 (View Only)" (new): 9582 sections, 10463 meetings, 0 extraction failures; 9582 added, 0 changed, 0 unchanged, 0 not seen; 30586 rows written (291.8s)
2026-09-12T16:45:06Z [temple] term 202103 "2021 Spring (View Only)" (new): 10076 sections, 12794 meetings, 0 extraction failures; 10076 added, 0 changed, 0 unchanged, 0 not seen; 34579 rows written (245.8s)
2026-09-12T16:45:06Z [temple] Collected: 24/24 terms (24 new), 129345 sections, 154501 meetings, 324 requests (0 from cache), 428.7 MB, 00:57:47
2026-09-12T16:45:48Z [usf] term 202205 "Summer 2022 (View Only)" (new): 4559 sections, 4686 meetings, 0 extraction failures; 4559 added, 0 changed, 0 unchanged, 0 not seen; 13974 rows written (130.7s)
2026-09-12T16:50:37Z [usf] term 202201 "Spring 2022 (View Only)" (new): 9497 sections, 10301 meetings, 0 extraction failures; 9497 added, 0 changed, 0 unchanged, 0 not seen; 30153 rows written (289.0s)
2026-09-12T16:55:34Z [usf] term 202108 "Fall 2021 (View Only)" (new): 9703 sections, 10629 meetings, 0 extraction failures; 9703 added, 0 changed, 0 unchanged, 0 not seen; 30972 rows written (297.5s)
2026-09-12T16:57:50Z [usf] term 202105 "Summer 2021 (View Only)" (new): 4732 sections, 4837 meetings, 0 extraction failures; 4732 added, 0 changed, 0 unchanged, 0 not seen; 14388 rows written (135.4s)
2026-09-12T17:03:02Z [usf] term 202101 "Spring 2021 (View Only)" (new): 10174 sections, 10990 meetings, 0 extraction failures; 10174 added, 0 changed, 0 unchanged, 0 not seen; 32233 rows written (311.8s)
2026-09-12T17:06:52Z [usf] term 202008 "Fall 2020 (View Only)" (new): 7733 sections, 8167 meetings, 0 extraction failures; 7733 added, 0 changed, 0 unchanged, 0 not seen; 23944 rows written (230.9s)
2026-09-12T17:08:42Z [usf] term 202005 "Summer 2020 (View Only)" (new): 3912 sections, 3908 meetings, 0 extraction failures; 3912 added, 0 changed, 0 unchanged, 0 not seen; 11624 rows written (110.0s)
2026-09-12T17:08:42Z [usf] Collected: 24/24 terms (24 new), 152991 sections, 162980 meetings, 384 requests (0 from cache), 420.0 MB, 01:16:59
2026-09-12T17:08:42Z Run finished in 01:28:39; results in reports/run-20260912T154003Z.json
2026-09-12T17:08:42Z school         status      terms  sections  meetings  requests       MB      time  reason
2026-09-12T17:08:42Z eku            NotIdentified     0/0         0         0        17      0.6  00:01:08  not identified from the homepage: the well-known banner9 host banner.eku.edu exists, but its robots.txt refused the probe: the probe was not sent or failed: robots.txt (https://banner.eku.edu/robots.txt) could not be read (Cannot determine the frame size or a corrupted frame was received.); RFC 9309 treats that as disallow-all, so the request was not sent
2026-09-12T17:08:42Z uiuc           Failed        0/5         0         0         7      0.0  00:00:12  stopped after 5 terms failed in a row; last: term/search redirected (HTTP 302), so class search needs a sign-in; only public data is collected
2026-09-12T17:08:42Z sunyempire     NotIdentified     0/0         0         0        24      0.5  00:00:15  not identified from the homepage: a banner9 entry point https://banner.esc.edu/StudentRegistrationSsb/ was found on https://www.sunyempire.edu/academics/classes-and-registration/index.html, but it wasn't confirmed: the probe was not sent or failed: robots.txt (https://banner.esc.edu/robots.txt) disallows /StudentRegistrationSsb/ssb/classSearch/getTerms?searchTerm=&offset=1&max=100 for DueGooderBot, so the request was not sent
2026-09-12T17:08:42Z oakland        NotIdentified     0/0         0         0        21      0.5  00:00:18  not identified from the homepage: a banner9 entry point https://bstreg.oakland.edu/StudentRegistrationSsb/ was found on https://www.oakland.edu/registrar/registration/regschedule/, but it wasn't confirmed: the probe was not sent or failed: robots.txt (https://bstreg.oakland.edu/robots.txt) disallows /StudentRegistrationSsb/ssb/classSearch/getTerms?searchTerm=&offset=1&max=100 for DueGooderBot, so the request was not sent
2026-09-12T17:08:42Z uindy          NotIdentified     0/0         0         0        30      2.0  00:03:02  not identified from the homepage: a banner9 entry point https://banner.uindy.edu/StudentRegistrationSsb/ was found on https://uindy.edu/registrar/course-schedules, but it wasn't confirmed: the probe was not sent or failed: robots.txt (https://banner.uindy.edu/robots.txt) could not be read (The response ended prematurely. (ResponseEnded)); RFC 9309 treats that as disallow-all, so the request was not sent
2026-09-12T17:08:42Z wvu            NotIdentified     0/0         0         0        12      0.0  00:00:02  not identified from the homepage: no connector recognized the site after 1 pages and 10 probes
2026-09-12T17:08:42Z kccd           NotIdentified     0/0         0         0        14      0.1  00:00:42  not identified from the homepage: the well-known banner9 host reg-prod.ec.kccd.edu exists, but its robots.txt refused the probe: the probe was not sent or failed: robots.txt (https://reg-prod.ec.kccd.edu/robots.txt) could not be read (HTTP 503); RFC 9309 treats that as disallow-all, so the request was not sent
2026-09-12T17:08:42Z starkstate     Collected   24/24     26164     29027       116     92.1  00:07:04  
2026-09-12T17:08:42Z oakton         NotIdentified     0/0         0         0        17      0.2  00:01:24  not identified from the homepage: a banner9 entry point https://banner.oakton.edu/StudentRegistrationSsb/ was found on https://www.oakton.edu/, but it wasn't confirmed: the probe was not sent or failed: robots.txt (https://banner.oakton.edu/robots.txt) could not be read (HTTP 503); RFC 9309 treats that as disallow-all, so the request was not sent
2026-09-12T17:08:42Z lehigh         NotIdentified     0/0         0         0        18      0.2  00:00:48  not identified from the homepage: the well-known banner9 host reg-prod.ec.lehigh.edu exists, but its robots.txt refused the probe: the probe was not sent or failed: robots.txt (https://reg-prod.ec.lehigh.edu/robots.txt) could not be read (HTTP 503); RFC 9309 treats that as disallow-all, so the request was not sent
2026-09-12T17:08:42Z odu            NotIdentified     0/0         0         0        15      0.8  00:00:44  not identified from the homepage: the well-known banner9 host reg-prod.ec.odu.edu exists, but its robots.txt refused the probe: the probe was not sent or failed: robots.txt (https://reg-prod.ec.odu.edu/robots.txt) could not be read (HTTP 503); RFC 9309 treats that as disallow-all, so the request was not sent
2026-09-12T17:08:42Z ctstate        NotIdentified     0/0         0         0        24      1.1  00:01:01  not identified from the homepage: a banner9 entry point https://reg-prod.ec.ct.edu/StudentRegistrationSsb/ was found on https://ctstate.edu/admissions-registration/one-stop-enrollment-center, but it wasn't confirmed: the probe was not sent or failed: robots.txt (https://reg-prod.ec.ct.edu/robots.txt) could not be read (HTTP 503); RFC 9309 treats that as disallow-all, so the request was not sent
2026-09-12T17:08:42Z tric           NotIdentified     0/0         0         0        13      0.1  00:00:02  not identified from the homepage: a banner9 entry point https://banstup.tri-c.edu/StudentRegistrationSsb/ was found on https://www.tri-c.edu/, but it wasn't confirmed: the probe was not sent or failed: robots.txt (https://banstup.tri-c.edu/robots.txt) disallows /StudentRegistrationSsb/ssb/classSearch/getTerms?searchTerm=&offset=1&max=100 for DueGooderBot, so the request was not sent
2026-09-12T17:08:42Z blinn          Collected     9/9      5004      5821        37     14.9  00:04:15  
2026-09-12T17:08:42Z ullafayette    NotIdentified     0/0         0         0        25      0.6  00:01:39  not identified from the homepage: a banner9 entry point https://reg-prod.ec.louisiana.edu/StudentRegistrationSsb/ was found on https://louisiana.edu/registrar/registration/schedule-classes, but it wasn't confirmed: the probe was not sent or failed: robots.txt (https://reg-prod.ec.louisiana.edu/robots.txt) could not be read (HTTP 503); RFC 9309 treats that as disallow-all, so the request was not sent
2026-09-12T17:08:42Z aum            NotIdentified     0/0         0         0        21      3.6  00:03:02  not identified from the homepage: a banner9 entry point https://ssb9.aum.edu/StudentRegistrationSsb/ was found on https://www.aum.edu/, but it wasn't confirmed: the probe was not sent or failed: robots.txt (https://ssb9.aum.edu/robots.txt) could not be read (The response ended prematurely. (ResponseEnded)); RFC 9309 treats that as disallow-all, so the request was not sent
2026-09-12T17:08:42Z ucmerced       NotIdentified     0/0         0         0        16      0.0  00:01:45  not identified from the homepage: the well-known banner9 host reg-prod.ec.ucmerced.edu exists, but its robots.txt refused the probe: the probe was not sent or failed: robots.txt (https://reg-prod.ec.ucmerced.edu/robots.txt) could not be read (HTTP 503); RFC 9309 treats that as disallow-all, so the request was not sent
2026-09-12T17:08:42Z uidaho         Collected   24/24     59456     63197       190    164.1  00:15:03  
2026-09-12T17:08:42Z samford        Collected     3/3      5076      5031        24     16.4  00:01:25  
2026-09-12T17:08:42Z msudenver      Partial     24/24     61702     67310       222    196.2  00:27:02  
2026-09-12T17:08:42Z okstate        Collected   24/24    161796    245255       384    556.1  00:24:29  
2026-09-12T17:08:42Z ou             Collected   24/24    106215    130837       293    503.7  00:18:57  
2026-09-12T17:08:42Z cofc           Collected   24/24     54597     58362       173    158.3  00:08:29  
2026-09-12T17:08:42Z neu            Collected   24/24     51540     58181       176    160.2  00:13:28  
2026-09-12T17:08:42Z ucr            Collected   24/24    198286    198277       470    544.2  00:32:16  
2026-09-12T17:08:42Z fhda           Collected   24/24     27597     40634       125    104.4  00:08:55  
2026-09-12T17:08:42Z montgomery     Collected     8/8     16745     18774        59     57.9  00:05:22  
2026-09-12T17:08:42Z gmu            Collected   24/24    107817    122824       276    380.0  00:32:04  
2026-09-12T17:08:42Z temple         Collected   24/24    129345    154501       324    428.7  00:57:47  
2026-09-12T17:08:42Z ccsf           Collected   24/24     18557     27458        99     59.7  00:03:58  
2026-09-12T17:08:42Z uncc           NotIdentified     0/0         0         0        27      1.2  00:00:27  not identified from the homepage: a banner9 entry point https://selfservice.uncc.edu/StudentRegistrationSsb/ was found on https://registrar.charlotte.edu/commonly-requested-information/schedule-classes/, but it wasn't confirmed: GET https://selfservice.uncc.edu/StudentRegistrationSsb/ssb/classSearch/getTerms?searchTerm=&offset=1&max=100 returned HTTP 500 without Banner term JSON
2026-09-12T17:08:42Z uncw           Collected   24/24     64964     77922       197    213.1  00:12:11  
2026-09-12T17:08:42Z unf            Collected   24/24     56941     72018       177    219.5  00:32:02  
2026-09-12T17:08:42Z usf            Collected   24/24    152991    162980       384    420.0  01:16:59  
2026-09-12T17:08:42Z gsu            Collected   24/24    208399    229208       478    945.7  00:35:24  
2026-09-12T17:08:42Z sju            Collected   24/24     23448     25117       113     77.1  00:04:47  
2026-09-12T17:08:42Z siu            Collected   24/24     75299     83534       216    246.7  00:13:05  
2026-09-12T17:08:42Z utrgv          Failed        0/0         0         0         2      0.0  00:00:02  getTerms returned HTTP 302 without Banner term JSON
2026-09-12T17:08:42Z clpccd         Collected   12/12     19867     28850        70     86.8  00:05:27  
2026-09-12T17:08:42Z cocc           Collected   11/11      4549      7210        47     17.2  00:01:43  
2026-09-12T17:08:42Z ufv            Collected   11/11      5345     12003        46     24.2  00:02:18  
2026-09-12T17:08:42Z louisville     NotIdentified     0/0         0         0        21      1.2  00:00:14  not identified from the homepage: no connector recognized the site; its pages point to workday, peoplesoft
2026-09-12T17:08:42Z mizzou         NotIdentified     0/0         0         0        13      0.1  00:00:05  not identified from the homepage: no connector recognized the site after 2 pages and 10 probes
2026-09-12T17:08:42Z nau            NotIdentified     0/0         0         0        12      0.2  00:00:02  not identified from the homepage: no connector recognized the site after 1 pages and 10 probes
2026-09-12T17:08:42Z lsu            NotIdentified     0/0         0         0        23      1.0  00:00:19  not identified from the homepage: no connector recognized the site after 10 pages and 10 probes
2026-09-12T17:08:42Z dallascollege  NotIdentified     0/0         0         0        21      0.7  00:00:20  not identified from the homepage: no connector recognized the site; its pages point to workday
2026-09-12T17:08:42Z bellarmine     NotIdentified     0/0         0         0        19      0.1  00:00:15  not identified from the homepage: no connector recognized the site after 6 pages and 10 probes
2026-09-12T17:08:42Z swccd          NotIdentified     0/0         0         0        22      0.7  00:00:19  not identified from the homepage: no connector recognized the site; its pages point to colleague
2026-09-12T17:08:42Z kishwaukee     NotIdentified     0/0         0         0        19      0.4  00:01:14  not identified from the homepage: no connector recognized the site; its pages point to colleague
2026-09-12T17:08:42Z Schools: 23 collected, 1 partial, 2 failed. Sections: 1641700. Meetings: 1924331. Requests: 5149. Body MB: 5703.2.
2026-09-12T17:08:42Z Report: reports/run-20260912T154003Z.md
