2026-09-12T03:32:15Z run-20260912T033215Z: 41 schools from config/schools.yaml; cache Record; 2s between requests per host; up to 12 hosts at once
2026-09-12T03:32:15Z [uiuc] started (banner9, https://banner.apps.uillinois.edu/StudentRegistrationSSB/)
2026-09-12T03:32:15Z [eku] started (banner9, https://registrationss.eku.edu/StudentRegistrationSsb/)
2026-09-12T03:32:15Z [starkstate] started (banner9, https://selfservice-registration.starkstate.edu/StudentRegistrationSsb/)
2026-09-12T03:32:15Z [kccd] started (banner9, https://reg-prod.ec.kccd.edu/StudentRegistrationSsb/)
2026-09-12T03:32:15Z [wvu] started (banner9, https://starss.wvu.edu/StudentRegistrationSsb/)
2026-09-12T03:32:15Z [lehigh] started (banner9, https://reg-prod.ec.lehigh.edu/StudentRegistrationSsb/)
2026-09-12T03:32:15Z [ctstate] started (banner9, https://reg-prod.ec.ct.edu/StudentRegistrationSsb/)
2026-09-12T03:32:15Z [oakland] started (banner9, https://bstreg.oakland.edu/StudentRegistrationSsb/)
2026-09-12T03:32:15Z [oakton] started (banner9, https://banner.oakton.edu/StudentRegistrationSsb/)
2026-09-12T03:32:15Z [sunyempire] started (banner9, https://banner.esc.edu/StudentRegistrationSsb/)
2026-09-12T03:32:15Z [odu] started (banner9, https://reg-prod.ec.odu.edu/StudentRegistrationSsb/)
2026-09-12T03:32:15Z [uindy] started (banner9, https://banner.uindy.edu/StudentRegistrationSsb/)
2026-09-12T03:32:16Z [sunyempire] Failed: 0/0 terms, 0 sections, 0 meetings, 1 requests (0 from cache), 0.0 MB, 00:00:00; robots.txt (https://banner.esc.edu/robots.txt) disallows /StudentRegistrationSsb/ssb/classSearch/getTerms?searchTerm=&offset=1&max=100 for DueGooderBot, so the request was not sent
2026-09-12T03:32:16Z [wvu] Failed: 0/0 terms, 0 sections, 0 meetings, 1 requests (0 from cache), 0.0 MB, 00:00:00; robots.txt (https://starss.wvu.edu/robots.txt) could not be read (HTTP 500); RFC 9309 treats that as disallow-all, so the request was not sent
2026-09-12T03:32:16Z [eku] Failed: 0/0 terms, 0 sections, 0 meetings, 1 requests (0 from cache), 0.0 MB, 00:00:00; robots.txt (https://registrationss.eku.edu/robots.txt) disallows /StudentRegistrationSsb/ssb/classSearch/getTerms?searchTerm=&offset=1&max=100 for DueGooderBot, so the request was not sent
2026-09-12T03:32:16Z [oakland] Failed: 0/0 terms, 0 sections, 0 meetings, 1 requests (0 from cache), 0.0 MB, 00:00:00; robots.txt (https://bstreg.oakland.edu/robots.txt) disallows /StudentRegistrationSsb/ssb/classSearch/getTerms?searchTerm=&offset=1&max=100 for DueGooderBot, so the request was not sent
2026-09-12T03:32:16Z [tric] started (banner9, https://banstup.tri-c.edu/StudentRegistrationSsb/)
2026-09-12T03:32:16Z [blinn] started (banner9, https://ban9reg.blinn.edu/StudentRegistrationSsb/)
2026-09-12T03:32:16Z [ullafayette] started (banner9, https://reg-prod.ec.louisiana.edu/StudentRegistrationSsb/)
2026-09-12T03:32:16Z [aum] started (banner9, https://ssb9.aum.edu/StudentRegistrationSsb/)
2026-09-12T03:32:16Z [tric] Failed: 0/0 terms, 0 sections, 0 meetings, 1 requests (0 from cache), 0.0 MB, 00:00:00; robots.txt (https://banstup.tri-c.edu/robots.txt) disallows /StudentRegistrationSsb/ssb/classSearch/getTerms?searchTerm=&offset=1&max=100 for DueGooderBot, so the request was not sent
2026-09-12T03:32:16Z [ucmerced] started (banner9, https://reg-prod.ec.ucmerced.edu/StudentRegistrationSsb/)
2026-09-12T03:32:18Z [uiuc] 87 terms listed, collecting 24
2026-09-12T03:32:18Z [starkstate] 87 terms listed, collecting 24
2026-09-12T03:32:19Z [blinn] 9 terms listed, collecting 9
2026-09-12T03:32:20Z [uiuc] term 120268 "Fall 2026 - Urbana-Champaign" FAILED: term/search redirected (HTTP 302), so class search needs a sign-in; only public data is collected [https://banner.apps.uillinois.edu/StudentRegistrationSSB/ssb/term/search?mode=search&mepCode=1UIUC]
2026-09-12T03:32:22Z [uiuc] term 120265 "Summer 2026 - Urbana-Champaign" FAILED: term/search redirected (HTTP 302), so class search needs a sign-in; only public data is collected [https://banner.apps.uillinois.edu/StudentRegistrationSSB/ssb/term/search?mode=search&mepCode=1UIUC]
2026-09-12T03:32:24Z [uiuc] term 120261 "Spring 2026 - Urbana-Champaign" FAILED: term/search redirected (HTTP 302), so class search needs a sign-in; only public data is collected [https://banner.apps.uillinois.edu/StudentRegistrationSSB/ssb/term/search?mode=search&mepCode=1UIUC]
2026-09-12T03:32:25Z [blinn] term 502710 "QTR 1 2026-2027-Cont Ed ONLY": 11 sections, 14 meetings, 0 extraction failures, 37 rows written (6.1s)
2026-09-12T03:32:26Z [uiuc] term 120260 "Winter 2025-2026 Urbana-Chmpgn" FAILED: term/search redirected (HTTP 302), so class search needs a sign-in; only public data is collected [https://banner.apps.uillinois.edu/StudentRegistrationSSB/ssb/term/search?mode=search&mepCode=1UIUC]
2026-09-12T03:32:28Z [uiuc] term 120258 "Fall 2025 - Urbana-Champaign" FAILED: term/search redirected (HTTP 302), so class search needs a sign-in; only public data is collected [https://banner.apps.uillinois.edu/StudentRegistrationSSB/ssb/term/search?mode=search&mepCode=1UIUC]
2026-09-12T03:32:28Z [uiuc] Failed: 0/5 terms, 0 sections, 0 meetings, 7 requests (0 from cache), 0.0 MB, 00:00:12; stopped after 5 terms failed in a row; last: term/search redirected (HTTP 302), so class search needs a sign-in; only public data is collected
2026-09-12T03:32:28Z [uidaho] started (banner9, https://banner.uidaho.edu/StudentRegistrationSsb/)
2026-09-12T03:32:30Z [uidaho] 48 terms listed, collecting 24
2026-09-12T03:32:32Z [blinn] term 502640 "QTR 4 2025-2026-Cont Ed ONLY (View Only)": 32 sections, 32 meetings, 0 extraction failures, 97 rows written (6.8s)
2026-09-12T03:32:41Z [blinn] term 502610 "QTR 1 2025-2026-Cont Ed ONLY (View Only)": 34 sections, 34 meetings, 0 extraction failures, 101 rows written (9.3s)
2026-09-12T03:32:44Z [starkstate] term 202720 "Fall 2026": 1818 sections, 2030 meetings, 0 extraction failures, 5934 rows written (26.2s)
2026-09-12T03:32:51Z [starkstate] term 202710 "Summer 2026 (View Only)": 359 sections, 376 meetings, 0 extraction failures, 1182 rows written (6.8s)
2026-09-12T03:32:56Z [lehigh] Failed: 0/0 terms, 0 sections, 0 meetings, 3 requests (0 from cache), 0.0 MB, 00:00:40; robots.txt (https://reg-prod.ec.lehigh.edu/robots.txt) could not be read (HTTP 503); RFC 9309 treats that as disallow-all, so the request was not sent
2026-09-12T03:32:56Z [samford] started (banner9, https://ssb.samford.edu/StudentRegistrationSsb/)
2026-09-12T03:32:56Z [odu] Failed: 0/0 terms, 0 sections, 0 meetings, 3 requests (0 from cache), 0.0 MB, 00:00:40; robots.txt (https://reg-prod.ec.odu.edu/robots.txt) could not be read (HTTP 503); RFC 9309 treats that as disallow-all, so the request was not sent
2026-09-12T03:32:56Z [msudenver] started (banner9, https://ssb.msudenver.edu/StudentRegistrationSsb/)
2026-09-12T03:32:56Z [ctstate] Failed: 0/0 terms, 0 sections, 0 meetings, 3 requests (0 from cache), 0.0 MB, 00:00:40; robots.txt (https://reg-prod.ec.ct.edu/robots.txt) could not be read (HTTP 503); RFC 9309 treats that as disallow-all, so the request was not sent
2026-09-12T03:32:56Z [okstate] started (banner9, https://studentregistrationssb.okstate.edu/StudentRegistrationSsb/)
2026-09-12T03:32:56Z [oakton] Failed: 0/0 terms, 0 sections, 0 meetings, 3 requests (0 from cache), 0.0 MB, 00:00:40; robots.txt (https://banner.oakton.edu/robots.txt) could not be read (HTTP 503); RFC 9309 treats that as disallow-all, so the request was not sent
2026-09-12T03:32:56Z [ou] started (banner9, https://sis.ou.edu/StudentRegistrationSsb/)
2026-09-12T03:32:56Z [ullafayette] Failed: 0/0 terms, 0 sections, 0 meetings, 3 requests (0 from cache), 0.0 MB, 00:00:40; robots.txt (https://reg-prod.ec.louisiana.edu/robots.txt) could not be read (HTTP 503); RFC 9309 treats that as disallow-all, so the request was not sent
2026-09-12T03:32:56Z [cofc] started (banner9, https://ssb.cofc.edu/StudentRegistrationSsb/)
2026-09-12T03:32:56Z [kccd] Failed: 0/0 terms, 0 sections, 0 meetings, 3 requests (0 from cache), 0.0 MB, 00:00:40; robots.txt (https://reg-prod.ec.kccd.edu/robots.txt) could not be read (HTTP 503); RFC 9309 treats that as disallow-all, so the request was not sent
2026-09-12T03:32:56Z [neu] started (banner9, https://nubanner.neu.edu/StudentRegistrationSsb/)
2026-09-12T03:32:57Z [ucmerced] Failed: 0/0 terms, 0 sections, 0 meetings, 3 requests (0 from cache), 0.0 MB, 00:00:40; robots.txt (https://reg-prod.ec.ucmerced.edu/robots.txt) could not be read (HTTP 503); RFC 9309 treats that as disallow-all, so the request was not sent
2026-09-12T03:32:57Z [ucr] started (banner9, https://registrationssb.ucr.edu/StudentRegistrationSsb/)
2026-09-12T03:32:57Z [aum] Failed: 0/0 terms, 0 sections, 0 meetings, 3 requests (0 from cache), 0.0 MB, 00:00:41; robots.txt (https://ssb9.aum.edu/robots.txt) could not be read (The response ended prematurely. (ResponseEnded)); RFC 9309 treats that as disallow-all, so the request was not sent
2026-09-12T03:32:57Z [fhda] started (banner9, https://reg.oci.fhda.edu/StudentRegistrationSsb/)
2026-09-12T03:32:58Z [uindy] Failed: 0/0 terms, 0 sections, 0 meetings, 3 requests (0 from cache), 0.0 MB, 00:00:42; robots.txt (https://banner.uindy.edu/robots.txt) could not be read (The response ended prematurely. (ResponseEnded)); RFC 9309 treats that as disallow-all, so the request was not sent
2026-09-12T03:32:58Z [montgomery] started (banner9, https://b9pubstu.glb.montgomerycollege.edu/StudentRegistrationSsb/)
2026-09-12T03:32:58Z [samford] 3 terms listed, collecting 3
2026-09-12T03:32:58Z [msudenver] 72 terms listed, collecting 24
2026-09-12T03:32:58Z [okstate] 31 terms listed, collecting 24
2026-09-12T03:32:58Z [cofc] 28 terms listed, collecting 24
2026-09-12T03:33:00Z [montgomery] 8 terms listed, collecting 8
2026-09-12T03:33:01Z [ucr] 183 terms listed, collecting 24
2026-09-12T03:33:02Z [fhda] 136 terms listed, collecting 24
2026-09-12T03:33:02Z [neu] 269 terms listed, collecting 24
2026-09-12T03:33:04Z [ou] 138 terms listed, collecting 24
2026-09-12T03:33:09Z [ou] term 202660 "Long Term Liberal Studies 2026": 0 sections, 0 meetings, 0 extraction failures, 1 rows written (6.0s)
2026-09-12T03:33:13Z [starkstate] term 202640 "Spring 2026 (View Only)": 1723 sections, 1892 meetings, 0 extraction failures, 5706 rows written (21.7s)
2026-09-12T03:33:16Z [uidaho] term 202620 "Spring 2027 (View Only)": 3544 sections, 3852 meetings, 0 extraction failures, 10506 rows written (45.9s)
2026-09-12T03:33:20Z [montgomery] term 202830 "Spring 2028 (View Only)": 3292 sections, 3637 meetings, 0 extraction failures, 6946 rows written (19.6s)
2026-09-12T03:33:26Z [cofc] term 202710 "2026 Fall": 3317 sections, 3445 meetings, 0 extraction failures, 10381 rows written (27.3s)
2026-09-12T03:33:26Z [montgomery] term 202824 "Winter 2028 (View Only)": 180 sections, 188 meetings, 0 extraction failures, 369 rows written (6.0s)
2026-09-12T03:33:30Z [samford] term 202670 "Fall 2026 24-AUG-2026 - 10-DEC-2026": 2364 sections, 2405 meetings, 0 extraction failures, 7917 rows written (32.1s)
2026-09-12T03:33:31Z [fhda] term 202742 "2027 Spring De Anza (View Only)": 1511 sections, 2308 meetings, 0 extraction failures, 5222 rows written (29.4s)
2026-09-12T03:33:34Z [cofc] term 202630 "2026 Summer (View Only)": 716 sections, 740 meetings, 0 extraction failures, 2182 rows written (8.4s)
2026-09-12T03:33:37Z [starkstate] term 202620 "Fall 2025 (View Only)": 1750 sections, 1938 meetings, 0 extraction failures, 5893 rows written (24.1s)
2026-09-12T03:33:39Z [samford] term 202650 "Summer 2026 04-MAY-2026 - 07-AUG-2026 (View Only)": 496 sections, 447 meetings, 0 extraction failures, 1649 rows written (8.6s)
2026-09-12T03:33:44Z [starkstate] term 202610 "Summer 2025 (View Only)": 364 sections, 384 meetings, 0 extraction failures, 1192 rows written (7.6s)
2026-09-12T03:33:46Z [fhda] term 202741 "2027 Spring Foothill (View Only)": 1034 sections, 1545 meetings, 0 extraction failures, 3695 rows written (14.8s)
2026-09-12T03:33:48Z [montgomery] term 202820 "Fall 2027 (View Only)": 3588 sections, 3920 meetings, 0 extraction failures, 7520 rows written (22.2s)
2026-09-12T03:34:01Z [cofc] term 202620 "2026 Spring (View Only)": 3158 sections, 3281 meetings, 0 extraction failures, 9798 rows written (26.8s)
2026-09-12T03:34:05Z [okstate] term 202660 "Fall 2026": 8492 sections, 10490 meetings, 0 extraction failures, 28296 rows written (67.2s)
2026-09-12T03:34:08Z [samford] term 202620 "Spring 2026 12-JAN-2026 - 30-APR-2026 (View Only)": 2217 sections, 2180 meetings, 0 extraction failures, 7309 rows written (29.5s)
2026-09-12T03:34:08Z [samford] Collected: 3/3 terms, 5077 sections, 5032 meetings, 19 requests (0 from cache), 16.3 MB, 00:01:12
2026-09-12T03:34:08Z [gmu] started (banner9, https://ssbstureg.gmu.edu/StudentRegistrationSsb/)
2026-09-12T03:34:09Z [starkstate] term 202540 "Spring 2025 (View Only)": 1789 sections, 1946 meetings, 0 extraction failures, 5780 rows written (24.4s)
2026-09-12T03:34:10Z [montgomery] term 202730 "Spring 2027 (View Only)": 3297 sections, 3636 meetings, 0 extraction failures, 8153 rows written (21.9s)
2026-09-12T03:34:12Z [gmu] 113 terms listed, collecting 24
2026-09-12T03:34:15Z [fhda] term 202732 "2027 Winter De Anza (View Only)": 1552 sections, 2366 meetings, 0 extraction failures, 5336 rows written (29.0s)
2026-09-12T03:34:15Z [montgomery] term 202724 "Winter 2027 (View Only)": 180 sections, 188 meetings, 0 extraction failures, 460 rows written (5.3s)
2026-09-12T03:34:17Z [uidaho] term 202610 "Fall 2026": 4012 sections, 4317 meetings, 0 extraction failures, 13167 rows written (61.5s)
2026-09-12T03:34:26Z [msudenver] term 202650 "Fall 2026": 3482 sections, 3834 meetings, 0 extraction failures, 10830 rows written (88.1s)
2026-09-12T03:34:29Z [ucr] term 202640 "Fall 2026": 11240 sections, 11240 meetings, 0 extraction failures, 32969 rows written (88.4s)
2026-09-12T03:34:30Z [okstate] term 202640 "Summer 2026 (View Only)": 3471 sections, 3706 meetings, 0 extraction failures, 10713 rows written (24.9s)
2026-09-12T03:34:31Z [cofc] term 202610 "2025 Fall (View Only)": 3173 sections, 3274 meetings, 0 extraction failures, 9849 rows written (30.3s)
2026-09-12T03:34:32Z [fhda] term 202731 "2027 Winter Foothill (View Only)": 1147 sections, 1693 meetings, 0 extraction failures, 4067 rows written (16.8s)
2026-09-12T03:34:32Z [uidaho] term 202600 "Summer 2026 (View Only)": 899 sections, 916 meetings, 0 extraction failures, 2766 rows written (14.4s)
2026-09-12T03:34:35Z [starkstate] term 202520 "Fall 2024 (View Only)": 1936 sections, 2133 meetings, 0 extraction failures, 6223 rows written (26.7s)
2026-09-12T03:34:39Z [cofc] term 202530 "2025 Summer (View Only)": 689 sections, 741 meetings, 0 extraction failures, 2123 rows written (7.7s)
2026-09-12T03:34:43Z [starkstate] term 202510 "Summer 2024 (View Only)": 353 sections, 375 meetings, 0 extraction failures, 1150 rows written (7.4s)
2026-09-12T03:34:46Z [msudenver] term 202640 "Summer 2026 (View Only)": 671 sections, 722 meetings, 0 extraction failures, 2071 rows written (19.5s)
2026-09-12T03:34:48Z [neu] term 202710 "Fall 2026 Semester": 9644 sections, 10216 meetings, 0 extraction failures, 19861 rows written (105.4s)
2026-09-12T03:34:49Z [ucr] term 202630 "Summer 2026 (View Only)": 1657 sections, 1679 meetings, 0 extraction failures, 5907 rows written (19.9s)
2026-09-12T03:34:51Z [fhda] term 202722 "2026 Fall De Anza": 1672 sections, 2520 meetings, 0 extraction failures, 5871 rows written (19.2s)
2026-09-12T03:34:52Z [neu] term 202655 "Summer 2026 CPS Quarter (View Only)": 132 sections, 163 meetings, 0 extraction failures, 296 rows written (4.2s)
2026-09-12T03:34:54Z [montgomery] term 202720 "Fall 2026": 4558 sections, 5254 meetings, 0 extraction failures, 15264 rows written (38.4s)
2026-09-12T03:35:02Z [montgomery] term 202710 "Summer II 2026 (View Only)": 878 sections, 1039 meetings, 0 extraction failures, 2855 rows written (8.0s)
2026-09-12T03:35:05Z [starkstate] term 202440 "Spring 2024 (View Only)": 1725 sections, 1916 meetings, 0 extraction failures, 5647 rows written (21.9s)
2026-09-12T03:35:05Z [cofc] term 202520 "2025 Spring (View Only)": 3114 sections, 3212 meetings, 0 extraction failures, 9632 rows written (26.6s)
2026-09-12T03:35:06Z [fhda] term 202721 "2026 Fall Foothill": 1128 sections, 1675 meetings, 0 extraction failures, 4037 rows written (15.6s)
2026-09-12T03:35:13Z [ou] term 202610 "Fall 2026": 12256 sections, 15377 meetings, 0 extraction failures, 39424 rows written (123.3s)
2026-09-12T03:35:13Z [montgomery] term 202640 "Summer I 2026 (View Only)": 772 sections, 912 meetings, 0 extraction failures, 2619 rows written (11.4s)
2026-09-12T03:35:13Z [montgomery] Collected: 8/8 terms, 16745 sections, 18774 meetings, 56 requests (0 from cache), 57.8 MB, 00:02:15
2026-09-12T03:35:13Z [temple] started (banner9, https://prd-xereg.temple.edu/StudentRegistrationSsb/)
2026-09-12T03:35:15Z [temple] 63 terms listed, collecting 24
2026-09-12T03:35:17Z [fhda] term 202712 "2026 Summer De Anza": 593 sections, 817 meetings, 0 extraction failures, 2004 rows written (10.2s)
2026-09-12T03:35:17Z [ou] term 202560 "Long Term Liberal Studies 2025 (View Only)": 1 sections, 1 meetings, 0 extraction failures, 4 rows written (4.1s)
2026-09-12T03:35:27Z [uidaho] term 202520 "Spring 2026 (View Only)": 3837 sections, 4138 meetings, 0 extraction failures, 12561 rows written (55.2s)
2026-09-12T03:35:28Z [fhda] term 202711 "2026 Summer Foothill": 509 sections, 734 meetings, 0 extraction failures, 1814 rows written (11.1s)
2026-09-12T03:35:29Z [starkstate] term 202420 "Fall 2023 (View Only)": 1857 sections, 2059 meetings, 0 extraction failures, 6130 rows written (24.0s)
2026-09-12T03:35:32Z [cofc] term 202510 "2024 Fall (View Only)": 3198 sections, 3347 meetings, 0 extraction failures, 9906 rows written (26.3s)
2026-09-12T03:35:32Z [uidaho] term 202515 "Winter Intersession 2025 (View Only)": 10 sections, 10 meetings, 0 extraction failures, 31 rows written (5.0s)
2026-09-12T03:35:36Z [starkstate] term 202410 "Summer 2023 (View Only)": 349 sections, 373 meetings, 0 extraction failures, 1107 rows written (7.3s)
2026-09-12T03:35:40Z [cofc] term 202430 "2024 Summer (View Only)": 670 sections, 716 meetings, 0 extraction failures, 2069 rows written (8.5s)
2026-09-12T03:35:42Z [starkstate] term 202345 "Continuing Educ. Spring 2023 (View Only)": 0 sections, 0 meetings, 0 extraction failures, 1 rows written (5.9s)
2026-09-12T03:35:48Z [okstate] term 202620 "Spring 2026 (View Only)": 8427 sections, 12964 meetings, 0 extraction failures, 30744 rows written (77.5s)
2026-09-12T03:35:48Z [neu] term 202650 "Summer 2026 Semester (View Only)": 3503 sections, 3564 meetings, 0 extraction failures, 7068 rows written (56.4s)
2026-09-12T03:35:49Z [fhda] term 202642 "2026 Spring De Anza (View Only)": 1524 sections, 2259 meetings, 0 extraction failures, 5336 rows written (21.3s)
2026-09-12T03:35:51Z [blinn] term 202710 "Fall 2026": 2241 sections, 2599 meetings, 0 extraction failures, 7147 rows written (189.7s)
2026-09-12T03:35:54Z [gmu] term 202670 "Fall 2026": 6735 sections, 7558 meetings, 0 extraction failures, 21377 rows written (101.9s)
2026-09-12T03:35:58Z [neu] term 202635 "Spring 2026 CPS Quarter (View Only)": 549 sections, 580 meetings, 0 extraction failures, 1130 rows written (9.4s)
2026-09-12T03:35:58Z [blinn] term 202640 "Summer II 2026 (View Only)": 173 sections, 187 meetings, 0 extraction failures, 534 rows written (7.9s)
2026-09-12T03:36:05Z [fhda] term 202641 "2026 Spring Foothill (View Only)": 1042 sections, 1553 meetings, 0 extraction failures, 3788 rows written (15.5s)
2026-09-12T03:36:06Z [cofc] term 202420 "2024 Spring (View Only)": 3210 sections, 3192 meetings, 0 extraction failures, 9592 rows written (25.8s)
2026-09-12T03:36:07Z [starkstate] term 202340 "Spring 2023 (View Only)": 1798 sections, 1978 meetings, 0 extraction failures, 5797 rows written (24.8s)
2026-09-12T03:36:09Z [ou] term 202530 "Summer 2026 (View Only)": 2727 sections, 2968 meetings, 0 extraction failures, 8295 rows written (52.0s)
2026-09-12T03:36:10Z [msudenver] term 202630 "Spring 2026 (View Only)": 3370 sections, 3729 meetings, 0 extraction failures, 10529 rows written (84.0s)
2026-09-12T03:36:11Z [blinn] term 202630 "Summer I 2026 (View Only)": 330 sections, 413 meetings, 0 extraction failures, 1087 rows written (12.4s)
2026-09-12T03:36:17Z [blinn] term 202625 "May Minimester 2026 (View Only)": 41 sections, 41 meetings, 0 extraction failures, 124 rows written (5.9s)
2026-09-12T03:36:23Z [fhda] term 202632 "2026 Winter De Anza (View Only)": 1602 sections, 2343 meetings, 0 extraction failures, 5580 rows written (18.8s)
2026-09-12T03:36:24Z [gmu] term 202640 "Summer 2026 (View Only)": 1481 sections, 1703 meetings, 0 extraction failures, 4711 rows written (30.0s)
2026-09-12T03:36:27Z [ucr] term 202620 "Spring 2026 (View Only)": 10613 sections, 10614 meetings, 0 extraction failures, 34519 rows written (98.1s)
2026-09-12T03:36:31Z [uidaho] term 202510 "Fall 2025 (View Only)": 3927 sections, 4220 meetings, 0 extraction failures, 12836 rows written (58.6s)
2026-09-12T03:36:31Z [cofc] term 202410 "2023 Fall (View Only)": 3161 sections, 3190 meetings, 0 extraction failures, 9530 rows written (25.3s)
2026-09-12T03:36:32Z [starkstate] term 202320 "Fall 2022 (View Only)": 1869 sections, 2114 meetings, 0 extraction failures, 6134 rows written (25.2s)
2026-09-12T03:36:38Z [fhda] term 202631 "2026 Winter Foothill (View Only)": 1162 sections, 1701 meetings, 0 extraction failures, 4158 rows written (14.9s)
2026-09-12T03:36:39Z [starkstate] term 202310 "Summer 2022 (View Only)": 354 sections, 384 meetings, 0 extraction failures, 1168 rows written (7.2s)
2026-09-12T03:36:40Z [cofc] term 202330 "2023 Summer (View Only)": 710 sections, 715 meetings, 0 extraction failures, 2096 rows written (8.2s)
2026-09-12T03:36:44Z [uidaho] term 202500 "Summer 2025 (View Only)": 902 sections, 926 meetings, 0 extraction failures, 2763 rows written (13.2s)
2026-09-12T03:36:45Z [starkstate] term 202245 "Continuing Educ. Spring 2022 (View Only)": 0 sections, 0 meetings, 0 extraction failures, 1 rows written (5.9s)
2026-09-12T03:36:58Z [fhda] term 202622 "2025 Fall De Anza (View Only)": 1717 sections, 2511 meetings, 0 extraction failures, 5966 rows written (19.8s)
2026-09-12T03:37:04Z [cofc] term 202320 "2023 Spring (View Only)": 2958 sections, 3150 meetings, 0 extraction failures, 9195 rows written (24.0s)
2026-09-12T03:37:05Z [msudenver] term 202550 "Fall 2025 (View Only)" FAILED: searchResults did not report success [https://ssb.msudenver.edu/StudentRegistrationSsb/ssb/searchResults/searchResults?txt_term=202550&startDatepicker=&endDatepicker=&uniqueSessionId=dgf40e7d33f1e3&pageOffset=2000&pageMaxSize=500&sortColumn=subjectDescription&sortDirection=asc]
2026-09-12T03:37:10Z [okstate] term 202560 "Fall 2025 (View Only)": 8680 sections, 13603 meetings, 0 extraction failures, 31838 rows written (81.9s)
2026-09-12T03:37:10Z [starkstate] term 202240 "Spring 2022 (View Only)": 1805 sections, 2034 meetings, 0 extraction failures, 5808 rows written (25.1s)
2026-09-12T03:37:13Z [fhda] term 202621 "2025 Fall Foothill (View Only)": 1117 sections, 1644 meetings, 0 extraction failures, 4018 rows written (14.9s)
2026-09-12T03:37:22Z [blinn] term 202620 "Spring 2026 (View Only)": 2062 sections, 2421 meetings, 0 extraction failures, 6638 rows written (64.8s)
2026-09-12T03:37:23Z [fhda] term 202612 "2025 Summer De Anza (View Only)": 648 sections, 902 meetings, 0 extraction failures, 2199 rows written (10.5s)
2026-09-12T03:37:26Z [msudenver] term 202540 "Summer 2025 (View Only)": 680 sections, 742 meetings, 0 extraction failures, 2128 rows written (20.6s)
2026-09-12T03:37:28Z [blinn] term 202615 "Winter Minimester 2025-2026 (View Only)": 80 sections, 80 meetings, 0 extraction failures, 241 rows written (6.2s)
2026-09-12T03:37:28Z [blinn] Collected: 9/9 terms, 5004 sections, 5821 meetings, 37 requests (0 from cache), 14.9 MB, 00:05:11
2026-09-12T03:37:28Z [ccsf] started (banner9, https://ssb1.ccsf.edu:8105/StudentRegistrationSsb/)
2026-09-12T03:37:30Z [cofc] term 202310 "2022 Fall (View Only)": 3045 sections, 3271 meetings, 0 extraction failures, 9455 rows written (26.3s)
2026-09-12T03:37:32Z [ccsf] 146 terms listed, collecting 24
2026-09-12T03:37:33Z [okstate] term 202540 "Summer 2025 (View Only)": 3580 sections, 3771 meetings, 0 extraction failures, 11008 rows written (23.1s)
2026-09-12T03:37:33Z [fhda] term 202611 "2025 Summer Foothill (View Only)": 510 sections, 708 meetings, 0 extraction failures, 1797 rows written (10.2s)
2026-09-12T03:37:34Z [starkstate] term 202220 "Fall 2021 (View Only)": 1905 sections, 2193 meetings, 0 extraction failures, 6215 rows written (24.2s)
2026-09-12T03:37:38Z [ccsf] term 202671 "Fall 2026 Noncredit": 268 sections, 416 meetings, 0 extraction failures, 966 rows written (6.1s)
2026-09-12T03:37:39Z [cofc] term 202230 "2022 Summer (View Only)": 646 sections, 727 meetings, 0 extraction failures, 2042 rows written (9.0s)
2026-09-12T03:37:43Z [uidaho] term 202420 "Spring 2025 (View Only)": 4103 sections, 4393 meetings, 0 extraction failures, 13353 rows written (59.3s)
2026-09-12T03:37:43Z [starkstate] term 202210 "Summer 2021 (View Only)": 393 sections, 412 meetings, 0 extraction failures, 1260 rows written (8.8s)
2026-09-12T03:37:45Z [neu] term 202630 "Spring 2026 Semester (View Only)": 7012 sections, 8128 meetings, 0 extraction failures, 15141 rows written (107.7s)
2026-09-12T03:37:48Z [uidaho] term 202415 "Winter Intersession 2024 (View Only)": 9 sections, 9 meetings, 0 extraction failures, 29 rows written (4.9s)
2026-09-12T03:37:54Z [fhda] term 202542 "2025 Spring De Anza (View Only)": 1531 sections, 2281 meetings, 0 extraction failures, 5358 rows written (20.7s)
2026-09-12T03:37:55Z [ccsf] term 202670 "Fall 2026": 1818 sections, 2766 meetings, 0 extraction failures, 6555 rows written (16.7s)
2026-09-12T03:37:59Z [ou] term 202520 "Spring 2026 (View Only)": 11942 sections, 14743 meetings, 0 extraction failures, 38245 rows written (110.1s)
2026-09-12T03:37:59Z [neu] term 202625 "Winter 2026 CPS Quarter (View Only)": 654 sections, 691 meetings, 0 extraction failures, 1346 rows written (13.6s)
2026-09-12T03:38:00Z [ccsf] term 202651 "Summer 2026 Noncredit (View Only)": 127 sections, 223 meetings, 0 extraction failures, 483 rows written (5.4s)
2026-09-12T03:38:04Z [cofc] term 202220 "2022 Spring (View Only)": 2893 sections, 3159 meetings, 0 extraction failures, 9127 rows written (24.7s)
2026-09-12T03:38:05Z [starkstate] term 202140 "Spring 2021 (View Only)": 1788 sections, 1984 meetings, 0 extraction failures, 5788 rows written (21.8s)
2026-09-12T03:38:07Z [gmu] term 202610 "Spring 2026 (View Only)": 6601 sections, 7657 meetings, 0 extraction failures, 21291 rows written (102.6s)
2026-09-12T03:38:07Z [ccsf] term 202650 "Summer 2026 (View Only)": 293 sections, 393 meetings, 0 extraction failures, 1005 rows written (6.8s)
2026-09-12T03:38:10Z [fhda] term 202541 "2025 Spring Foothill (View Only)": 1032 sections, 1470 meetings, 0 extraction failures, 3667 rows written (15.6s)
2026-09-12T03:38:10Z [starkstate] term 202125 "Continuing Educ. Fall 2020 (View Only)": 0 sections, 0 meetings, 0 extraction failures, 1 rows written (5.5s)
2026-09-12T03:38:12Z [neu] term 202615 "Fall 2025 CPS Quarter (View Only)": 782 sections, 909 meetings, 0 extraction failures, 1692 rows written (12.4s)
2026-09-12T03:38:12Z [ccsf] term 202631 "Spring 2026 Noncredit (View Only)": 347 sections, 541 meetings, 0 extraction failures, 1263 rows written (5.5s)
2026-09-12T03:38:29Z [ccsf] term 202630 "Spring 2026 (View Only)": 1886 sections, 2908 meetings, 0 extraction failures, 6839 rows written (16.4s)
2026-09-12T03:38:29Z [cofc] term 202210 "2021 Fall (View Only)": 2995 sections, 3303 meetings, 0 extraction failures, 9527 rows written (25.7s)
2026-09-12T03:38:34Z [ucr] term 202610 "Winter 2026 (View Only)": 11237 sections, 11254 meetings, 0 extraction failures, 46151 rows written (126.8s)
2026-09-12T03:38:35Z [fhda] term 202532 "2025 Winter De Anza (View Only)": 1591 sections, 2378 meetings, 0 extraction failures, 5574 rows written (24.8s)
2026-09-12T03:38:35Z [ccsf] term 202571 "Fall 2025 Noncredit (View Only)": 282 sections, 435 meetings, 0 extraction failures, 1031 rows written (6.1s)
2026-09-12T03:38:36Z [starkstate] term 202120 "Fall 2020 (View Only)": 1858 sections, 2109 meetings, 0 extraction failures, 6101 rows written (25.2s)
2026-09-12T03:38:38Z [cofc] term 202130 "2021 Summer (View Only)": 675 sections, 810 meetings, 0 extraction failures, 2177 rows written (9.0s)
2026-09-12T03:38:41Z [starkstate] term 202115 "Continuing Educ. Summer 2020 (View Only)": 0 sections, 0 meetings, 0 extraction failures, 1 rows written (5.5s)
2026-09-12T03:38:46Z [uidaho] term 202410 "Fall 2024 (View Only)": 4209 sections, 4488 meetings, 0 extraction failures, 13639 rows written (57.8s)
2026-09-12T03:38:47Z [msudenver] term 202530 "Spring 2025 (View Only)": 3318 sections, 3601 meetings, 0 extraction failures, 10287 rows written (81.4s)
2026-09-12T03:38:48Z [fhda] term 202531 "2025 Winter Foothill (View Only)": 1132 sections, 1643 meetings, 0 extraction failures, 4045 rows written (13.9s)
2026-09-12T03:38:49Z [starkstate] term 202110 "Summer 2020 (View Only)": 371 sections, 397 meetings, 0 extraction failures, 1175 rows written (7.9s)
2026-09-12T03:38:49Z [starkstate] Collected: 24/24 terms, 26164 sections, 29027 meetings, 113 requests (0 from cache), 91.8 MB, 00:06:33
2026-09-12T03:38:49Z [uncc] started (banner9, https://selfservice.uncc.edu/StudentRegistrationSsb/)
2026-09-12T03:38:51Z [uncc] 74 terms listed, collecting 24
2026-09-12T03:38:52Z [okstate] term 202520 "Spring 2025 (View Only)": 8454 sections, 13146 meetings, 0 extraction failures, 31023 rows written (78.9s)
2026-09-12T03:38:52Z [ccsf] term 202570 "Fall 2025 (View Only)": 1801 sections, 2738 meetings, 0 extraction failures, 6512 rows written (17.3s)
2026-09-12T03:38:56Z [ccsf] term 202551 "Summer 2025 Noncredit (View Only)": 144 sections, 225 meetings, 0 extraction failures, 515 rows written (4.1s)
2026-09-12T03:39:02Z [uidaho] term 202400 "Summer 2024 (View Only)": 1109 sections, 1114 meetings, 0 extraction failures, 3356 rows written (15.8s)
2026-09-12T03:39:02Z [ccsf] term 202550 "Summer 2025 (View Only)": 288 sections, 376 meetings, 0 extraction failures, 980 rows written (6.0s)
2026-09-12T03:39:05Z [cofc] term 202120 "2021 Spring (View Only)": 2837 sections, 3623 meetings, 0 extraction failures, 9460 rows written (26.9s)
2026-09-12T03:39:08Z [ccsf] term 202531 "Spring 2025 Noncredit (View Only)": 284 sections, 464 meetings, 0 extraction failures, 1055 rows written (6.0s)
2026-09-12T03:39:11Z [fhda] term 202522 "2024 Fall De Anza (View Only)": 1694 sections, 2529 meetings, 0 extraction failures, 5934 rows written (22.1s)
2026-09-12T03:39:25Z [temple] term 202636 "2026 Fall": 9058 sections, 10847 meetings, 0 extraction failures, 30359 rows written (249.9s)
2026-09-12T03:39:26Z [ccsf] term 202530 "Spring 2025 (View Only)": 1824 sections, 2777 meetings, 0 extraction failures, 6600 rows written (17.5s)
2026-09-12T03:39:26Z [fhda] term 202521 "2024 Fall Foothill (View Only)": 1047 sections, 1507 meetings, 0 extraction failures, 3740 rows written (15.4s)
2026-09-12T03:39:30Z [ccsf] term 202471 "Fall 2024 Noncredit (View Only)": 294 sections, 514 meetings, 0 extraction failures, 1130 rows written (4.2s)
2026-09-12T03:39:32Z [cofc] term 202110 "2020 Fall (View Only)": 2877 sections, 3309 meetings, 0 extraction failures, 9299 rows written (26.2s)
2026-09-12T03:39:39Z [fhda] term 202512 "2024 Summer De Anza (View Only)": 645 sections, 899 meetings, 0 extraction failures, 2192 rows written (12.8s)
2026-09-12T03:39:40Z [cofc] term 202030 "2020 Summer (View Only)": 590 sections, 649 meetings, 0 extraction failures, 1831 rows written (8.8s)
2026-09-12T03:39:45Z [ccsf] term 202470 "Fall 2024 (View Only)": 1793 sections, 2630 meetings, 0 extraction failures, 6375 rows written (15.4s)
2026-09-12T03:39:47Z [gmu] term 202570 "Fall 2025 (View Only)": 6696 sections, 7654 meetings, 0 extraction failures, 21398 rows written (100.7s)
2026-09-12T03:39:48Z [fhda] term 202511 "2024 Summer Foothill (View Only)": 457 sections, 648 meetings, 0 extraction failures, 1629 rows written (8.7s)
2026-09-12T03:39:48Z [fhda] Collected: 24/24 terms, 27597 sections, 40634 meetings, 125 requests (0 from cache), 104.4 MB, 00:06:50
2026-09-12T03:39:48Z [uncw] started (banner9, https://registration.uncw.edu/StudentRegistrationSsb/)
2026-09-12T03:39:50Z [uncw] 64 terms listed, collecting 24
2026-09-12T03:39:52Z [ou] term 202510 "Fall 2025 (View Only)": 12170 sections, 15268 meetings, 0 extraction failures, 39361 rows written (113.5s)
2026-09-12T03:39:52Z [ccsf] term 202451 "Summer 2024 Noncredit (View Only)": 137 sections, 201 meetings, 0 extraction failures, 480 rows written (7.2s)
2026-09-12T03:39:58Z [neu] term 202610 "Fall 2025 Semester (View Only)": 7430 sections, 8876 meetings, 0 extraction failures, 16307 rows written (106.4s)
2026-09-12T03:39:58Z [ou] term 202460 "Long Term Liberal Studies 2024 (View Only)": 1 sections, 1 meetings, 0 extraction failures, 4 rows written (5.6s)
2026-09-12T03:39:58Z [ccsf] term 202450 "Summer 2024 (View Only)": 302 sections, 390 meetings, 0 extraction failures, 1021 rows written (5.6s)
2026-09-12T03:39:59Z [uidaho] term 202320 "Spring 2024 (View Only)": 4205 sections, 4450 meetings, 0 extraction failures, 13497 rows written (57.7s)
2026-09-12T03:40:02Z [temple] term 202626 "2026 Summer II": 453 sections, 498 meetings, 0 extraction failures, 1410 rows written (36.6s)
2026-09-12T03:40:02Z [ou] term 202450 "Self-Paced 2024-2025 (View Only)": 0 sections, 0 meetings, 0 extraction failures, 1 rows written (4.5s)
2026-09-12T03:40:03Z [ccsf] term 202431 "Spring 2024 Noncredit (View Only)": 255 sections, 417 meetings, 0 extraction failures, 943 rows written (4.8s)
2026-09-12T03:40:03Z [uidaho] term 202315 "Winter Intersession 2023 (View Only)": 17 sections, 17 meetings, 0 extraction failures, 58 rows written (4.1s)
2026-09-12T03:40:08Z [cofc] term 202020 "2020 Spring (View Only)": 3105 sections, 3331 meetings, 0 extraction failures, 9723 rows written (27.2s)
2026-09-12T03:40:11Z [msudenver] term 202450 "Fall 2024 (View Only)": 3397 sections, 3614 meetings, 0 extraction failures, 10423 rows written (83.8s)
2026-09-12T03:40:15Z [ucr] term 202540 "Fall 2025 (View Only)": 11173 sections, 11174 meetings, 0 extraction failures, 36438 rows written (100.7s)
2026-09-12T03:40:18Z [okstate] term 202460 "Fall 2024 (View Only)": 8775 sections, 14078 meetings, 0 extraction failures, 32553 rows written (86.0s)
2026-09-12T03:40:18Z [gmu] term 202540 "Summer 2025 (View Only)": 1470 sections, 1696 meetings, 0 extraction failures, 4668 rows written (30.6s)
2026-09-12T03:40:18Z [neu] term 202560 "Summer 2 2025 Semester (View Only)": 660 sections, 744 meetings, 0 extraction failures, 1405 rows written (20.2s)
2026-09-12T03:40:19Z [ccsf] term 202430 "Spring 2024 (View Only)": 1840 sections, 2712 meetings, 0 extraction failures, 6569 rows written (15.7s)
2026-09-12T03:40:22Z [uncw] term 202720 "Spring 2027": 3066 sections, 3884 meetings, 0 extraction failures, 9913 rows written (31.5s)
2026-09-12T03:40:24Z [ccsf] term 202371 "Fall 2023 Noncredit (View Only)": 286 sections, 449 meetings, 0 extraction failures, 1038 rows written (5.2s)
2026-09-12T03:40:24Z [neu] term 202555 "Summer 2025 CPS Quarter (View Only)": 185 sections, 203 meetings, 0 extraction failures, 389 rows written (6.1s)
2026-09-12T03:40:28Z [ou] term 202430 "Summer 2025 (View Only)": 2595 sections, 2821 meetings, 0 extraction failures, 7957 rows written (25.9s)
2026-09-12T03:40:30Z [msudenver] term 202440 "Summer 2024 (View Only)": 679 sections, 718 meetings, 0 extraction failures, 2090 rows written (19.6s)
2026-09-12T03:40:31Z [neu] term 202554 "Summer 2025 CPS Semester (View Only)": 217 sections, 217 meetings, 0 extraction failures, 435 rows written (7.2s)
2026-09-12T03:40:33Z [ucr] term 202530 "Summer 2025 (View Only)": 1603 sections, 1607 meetings, 0 extraction failures, 5619 rows written (18.3s)
2026-09-12T03:40:34Z [cofc] term 202010 "2019 Fall (View Only)": 3011 sections, 3138 meetings, 0 extraction failures, 9366 rows written (26.2s)
2026-09-12T03:40:37Z [neu] term 202552 "Summer 2025 Law Semester (View Only)": 87 sections, 108 meetings, 0 extraction failures, 196 rows written (6.0s)
2026-09-12T03:40:39Z [ccsf] term 202370 "Fall 2023 (View Only)": 1811 sections, 2473 meetings, 0 extraction failures, 6251 rows written (14.8s)
2026-09-12T03:40:40Z [okstate] term 202440 "Summer 2024 (View Only)": 3435 sections, 3627 meetings, 0 extraction failures, 10675 rows written (22.0s)
2026-09-12T03:40:41Z [uncc] term 202680 "Fall 2026": 5603 sections, 6527 meetings, 0 extraction failures, 18064 rows written (109.7s)
2026-09-12T03:40:41Z [temple] term 202620 "2026 Summer I": 1861 sections, 2164 meetings, 0 extraction failures, 5963 rows written (39.9s)
2026-09-12T03:40:42Z [cofc] term 201930 "2019 Summer (View Only)": 678 sections, 742 meetings, 0 extraction failures, 2121 rows written (8.7s)
2026-09-12T03:40:44Z [ccsf] term 202351 "Summer 2023 Noncredit (View Only)": 132 sections, 226 meetings, 0 extraction failures, 496 rows written (5.6s)
2026-09-12T03:40:50Z [ccsf] term 202350 "Summer 2023 (View Only)": 293 sections, 354 meetings, 0 extraction failures, 965 rows written (6.0s)
2026-09-12T03:40:56Z [ccsf] term 202331 "Spring 2023 Noncredit (View Only)": 249 sections, 350 meetings, 0 extraction failures, 858 rows written (6.0s)
2026-09-12T03:40:58Z [neu] term 202550 "Summer Full 2025 Semester (View Only)": 1782 sections, 1832 meetings, 0 extraction failures, 3615 rows written (20.9s)
2026-09-12T03:41:02Z [uidaho] term 202310 "Fall 2023 (View Only)": 4241 sections, 4550 meetings, 0 extraction failures, 13736 rows written (59.0s)
2026-09-12T03:41:07Z [uncw] term 202710 "Fall 2026": 3777 sections, 4650 meetings, 0 extraction failures, 12413 rows written (45.6s)
2026-09-12T03:41:08Z [uncc] term 202660 "Summer 2026 (View Only)": 1666 sections, 1727 meetings, 0 extraction failures, 5019 rows written (26.6s)
2026-09-12T03:41:08Z [cofc] term 201920 "2019 Spring (View Only)": 3171 sections, 3297 meetings, 0 extraction failures, 9848 rows written (25.9s)
2026-09-12T03:41:08Z [cofc] Collected: 24/24 terms, 54597 sections, 58362 meetings, 173 requests (0 from cache), 158.3 MB, 00:08:12
2026-09-12T03:41:08Z [unf] started (banner9, https://banregister.unf.edu/StudentRegistrationSsb/)
2026-09-12T03:41:11Z [unf] 78 terms listed, collecting 24
2026-09-12T03:41:11Z [ccsf] term 202330 "Spring 2023 (View Only)": 1803 sections, 2480 meetings, 0 extraction failures, 6223 rows written (14.8s)
2026-09-12T03:41:11Z [ccsf] Collected: 24/24 terms, 18557 sections, 27458 meetings, 99 requests (0 from cache), 59.7 MB, 00:03:43
2026-09-12T03:41:11Z [usf] started (banner9, https://studentssb9.it.usf.edu/StudentRegistrationSsb/)
2026-09-12T03:41:13Z [usf] 89 terms listed, collecting 24
2026-09-12T03:41:18Z [neu] term 202540 "Summer 1 2025 Semester (View Only)": 954 sections, 1126 meetings, 0 extraction failures, 2081 rows written (19.4s)
2026-09-12T03:41:18Z [uncw] term 202660 "Summer 2026 (View Only)": 939 sections, 1067 meetings, 0 extraction failures, 2979 rows written (10.9s)
2026-09-12T03:41:18Z [uidaho] term 202300 "Summer 2023 (View Only)": 1151 sections, 1167 meetings, 0 extraction failures, 3514 rows written (16.1s)
2026-09-12T03:41:19Z [usf] term 202805 "Summer 2028 (View Only)": 0 sections, 0 meetings, 0 extraction failures, 1 rows written (5.8s)
2026-09-12T03:41:25Z [usf] term 202801 "Spring 2028 (View Only)": 0 sections, 0 meetings, 0 extraction failures, 1 rows written (6.0s)
2026-09-12T03:41:33Z [neu] term 202535 "Spring 2025 CPS Quarter (View Only)": 731 sections, 827 meetings, 0 extraction failures, 1559 rows written (15.1s)
2026-09-12T03:41:42Z [neu] term 202534 "Spring 2025 CPS Semester (View Only)": 339 sections, 370 meetings, 0 extraction failures, 710 rows written (9.5s)
2026-09-12T03:41:48Z [neu] term 202532 "Spring 2025 Law Semester (View Only)": 185 sections, 200 meetings, 0 extraction failures, 386 rows written (6.0s)
2026-09-12T03:41:53Z [msudenver] term 202430 "Spring 2024 (View Only)": 3339 sections, 3577 meetings, 0 extraction failures, 10416 rows written (82.8s)
2026-09-12T03:41:58Z [okstate] term 202420 "Spring 2024 (View Only)": 8406 sections, 13201 meetings, 0 extraction failures, 30804 rows written (78.6s)
2026-09-12T03:42:01Z [ou] term 202420 "Spring 2025 (View Only)": 11785 sections, 14584 meetings, 0 extraction failures, 37770 rows written (92.8s)
2026-09-12T03:42:03Z [gmu] term 202510 "Spring 2025 (View Only)": 6463 sections, 7527 meetings, 0 extraction failures, 20801 rows written (104.7s)
2026-09-12T03:42:04Z [uncw] term 202620 "Spring 2026 (View Only)": 3718 sections, 4526 meetings, 0 extraction failures, 12212 rows written (45.7s)
2026-09-12T03:42:16Z [ucr] term 202520 "Spring 2025 (View Only)": 10418 sections, 10397 meetings, 0 extraction failures, 34086 rows written (102.9s)
2026-09-12T03:42:17Z [uidaho] term 202220 "Spring 2023 (View Only)": 4303 sections, 4534 meetings, 0 extraction failures, 13915 rows written (58.8s)
2026-09-12T03:42:22Z [uidaho] term 202215 "Winter Intersession 2022 (View Only)": 4 sections, 4 meetings, 0 extraction failures, 15 rows written (4.9s)
2026-09-12T03:42:40Z [usf] term 202705 "Summer 2027 (View Only)": 3556 sections, 3646 meetings, 0 extraction failures, 7221 rows written (74.7s)
2026-09-12T03:42:44Z [uncw] term 202610 "Fall 2025 (View Only)": 3752 sections, 4559 meetings, 0 extraction failures, 12309 rows written (40.7s)
2026-09-12T03:42:48Z [unf] term 202680 "Fall 2026": 3232 sections, 4215 meetings, 0 extraction failures, 11046 rows written (97.7s)
2026-09-12T03:42:50Z [uncc] term 202610 "Spring 2026 (View Only)": 5543 sections, 6291 meetings, 0 extraction failures, 17610 rows written (102.1s)
2026-09-12T03:42:55Z [uncw] term 202560 "Summer 2025 (View Only)": 947 sections, 1016 meetings, 0 extraction failures, 2939 rows written (10.4s)
2026-09-12T03:43:15Z [msudenver] term 202350 "Fall 2023 (View Only)": 3428 sections, 3596 meetings, 0 extraction failures, 10475 rows written (81.4s)
2026-09-12T03:43:21Z [uidaho] term 202210 "Fall 2022 (View Only)": 4282 sections, 4566 meetings, 0 extraction failures, 13904 rows written (59.2s)
2026-09-12T03:43:23Z [neu] term 202530 "Spring 2025 Semester (View Only)": 6699 sections, 7828 meetings, 0 extraction failures, 14528 rows written (94.4s)
2026-09-12T03:43:25Z [msudenver] term 202340 "Summer 2023 (View Only)" FAILED: searchResults did not report success [https://ssb.msudenver.edu/StudentRegistrationSsb/ssb/searchResults/searchResults?txt_term=202340&startDatepicker=&endDatepicker=&uniqueSessionId=dg8c2fb1fcbcaa&pageOffset=0&pageMaxSize=500&sortColumn=subjectDescription&sortDirection=asc]
2026-09-12T03:43:25Z [okstate] term 202360 "Fall 2023 (View Only)": 8734 sections, 14544 meetings, 0 extraction failures, 33101 rows written (87.0s)
2026-09-12T03:43:30Z [unf] term 202650 "Summer 2026 (View Only)": 1256 sections, 1529 meetings, 0 extraction failures, 4281 rows written (42.0s)
2026-09-12T03:43:35Z [uncw] term 202520 "Spring 2025 (View Only)": 3606 sections, 4260 meetings, 0 extraction failures, 11690 rows written (40.3s)
2026-09-12T03:43:35Z [neu] term 202525 "Winter 2025 CPS Quarter (View Only)": 922 sections, 1029 meetings, 0 extraction failures, 1952 rows written (12.7s)
2026-09-12T03:43:37Z [uidaho] term 202200 "Summer 2022 (View Only)": 1144 sections, 1148 meetings, 0 extraction failures, 3476 rows written (16.0s)
2026-09-12T03:43:46Z [okstate] term 202340 "Summer 2023 (View Only)": 3243 sections, 3431 meetings, 0 extraction failures, 10070 rows written (20.5s)
2026-09-12T03:43:50Z [gmu] term 202470 "Fall 2024 (View Only)": 6525 sections, 7423 meetings, 0 extraction failures, 20853 rows written (107.7s)
2026-09-12T03:43:53Z [ucr] term 202510 "Winter 2025 (View Only)": 11034 sections, 11042 meetings, 0 extraction failures, 36092 rows written (97.2s)
2026-09-12T03:43:53Z [neu] term 202515 "Fall 2024 CPS Quarter (View Only)": 936 sections, 1046 meetings, 0 extraction failures, 1983 rows written (18.0s)
2026-09-12T03:44:01Z [neu] term 202514 "Fall 2024 CPS Semester (View Only)": 333 sections, 364 meetings, 0 extraction failures, 698 rows written (7.6s)
2026-09-12T03:44:07Z [neu] term 202512 "Fall 2024 Law Semester (View Only)": 199 sections, 224 meetings, 0 extraction failures, 424 rows written (6.0s)
2026-09-12T03:44:09Z [uncw] term 202510 "Fall 2024 (View Only)": 3681 sections, 4440 meetings, 0 extraction failures, 12032 rows written (34.3s)
2026-09-12T03:44:16Z [gmu] term 202440 "Summer 2024 (View Only)": 1379 sections, 1615 meetings, 0 extraction failures, 4390 rows written (25.3s)
2026-09-12T03:44:18Z [temple] term 202603 "2026 Spring": 9117 sections, 10755 meetings, 0 extraction failures, 30397 rows written (216.9s)
2026-09-12T03:44:19Z [uncw] term 202460 "Summer 2024 (View Only)": 754 sections, 858 meetings, 0 extraction failures, 2391 rows written (9.4s)
2026-09-12T03:44:34Z [uncc] term 202580 "Fall 2025 (View Only)": 5528 sections, 6433 meetings, 0 extraction failures, 17737 rows written (103.9s)
2026-09-12T03:44:37Z [ou] term 202410 "Fall 2024 (View Only)": 12097 sections, 15106 meetings, 0 extraction failures, 39263 rows written (155.6s)
2026-09-12T03:44:38Z [uidaho] term 202120 "Spring 2022 (View Only)": 4106 sections, 4352 meetings, 0 extraction failures, 13273 rows written (60.5s)
2026-09-12T03:44:41Z [ou] term 202360 "Long Term Liberal Studies 2023 (View Only)": 0 sections, 0 meetings, 0 extraction failures, 1 rows written (4.1s)
2026-09-12T03:44:42Z [uidaho] term 202115 "Winter Intersession 2021 (View Only)": 4 sections, 4 meetings, 0 extraction failures, 13 rows written (4.1s)
2026-09-12T03:44:47Z [ou] term 202350 "Self-Paced 2023-2024 (View Only)": 1 sections, 1 meetings, 0 extraction failures, 6 rows written (6.0s)
2026-09-12T03:44:48Z [msudenver] term 202330 "Spring 2023 (View Only)": 3335 sections, 3699 meetings, 0 extraction failures, 10370 rows written (83.5s)
2026-09-12T03:44:57Z [uncw] term 202420 "Spring 2024 (View Only)": 3395 sections, 4076 meetings, 0 extraction failures, 11062 rows written (38.1s)
2026-09-12T03:45:04Z [unf] term 202610 "Spring 2026 (View Only)": 3097 sections, 4002 meetings, 0 extraction failures, 10501 rows written (93.6s)
2026-09-12T03:45:07Z [okstate] term 202320 "Spring 2023 (View Only)": 8425 sections, 13646 meetings, 0 extraction failures, 31510 rows written (81.2s)
2026-09-12T03:45:07Z [uncc] term 202560 "Summer 2025 (View Only)": 1999 sections, 2015 meetings, 0 extraction failures, 5830 rows written (33.9s)
2026-09-12T03:45:21Z [ou] term 202330 "Summer 2024 (View Only)": 2547 sections, 2798 meetings, 0 extraction failures, 7847 rows written (33.8s)
2026-09-12T03:45:27Z [ucr] term 202440 "Fall 2024 (View Only)": 10843 sections, 10838 meetings, 0 extraction failures, 35039 rows written (93.4s)
2026-09-12T03:45:27Z [ou] term 202321 "Spring 2024 Advanced Programs (View Only)": 1 sections, 1 meetings, 0 extraction failures, 4 rows written (6.0s)
2026-09-12T03:45:31Z [uncw] term 202410 "Fall 2023 (View Only)": 3638 sections, 4409 meetings, 0 extraction failures, 11854 rows written (33.9s)
2026-09-12T03:45:42Z [uidaho] term 202110 "Fall 2021 (View Only)": 4187 sections, 4502 meetings, 0 extraction failures, 13714 rows written (60.1s)
2026-09-12T03:45:43Z [ucr] term 202430 "Summer 2024 (View Only)": 1384 sections, 1392 meetings, 0 extraction failures, 4925 rows written (16.5s)
2026-09-12T03:45:43Z [uncw] term 202360 "Summer 2023 (View Only)": 950 sections, 1036 meetings, 0 extraction failures, 2953 rows written (12.4s)
2026-09-12T03:45:44Z [neu] term 202510 "Fall 2024 Semester (View Only)": 6948 sections, 8187 meetings, 0 extraction failures, 15136 rows written (97.5s)
2026-09-12T03:45:48Z [gmu] term 202410 "Spring 2024 (View Only)": 6296 sections, 7320 meetings, 0 extraction failures, 20294 rows written (92.1s)
2026-09-12T03:45:53Z [usf] term 202701 "Spring 2027 (View Only)": 8012 sections, 8555 meetings, 0 extraction failures, 19454 rows written (193.1s)
2026-09-12T03:45:55Z [neu] term 202460 "Summer 2 2024 Semester (View Only)": 657 sections, 749 meetings, 0 extraction failures, 1407 rows written (10.3s)
2026-09-12T03:45:55Z [neu] Collected: 24/24 terms, 51540 sections, 58181 meetings, 168 requests (0 from cache), 159.9 MB, 00:12:58
2026-09-12T03:45:55Z [gsu] started (banner9, https://registration.gosolar.gsu.edu/StudentRegistrationSsb/)
2026-09-12T03:45:57Z [gsu] 73 terms listed, collecting 24
2026-09-12T03:45:58Z [uidaho] term 202100 "Summer 2021 (View Only)": 1203 sections, 1214 meetings, 0 extraction failures, 3652 rows written (16.5s)
2026-09-12T03:46:14Z [msudenver] term 202250 "Fall 2022 (View Only)": 3404 sections, 3781 meetings, 0 extraction failures, 10649 rows written (85.3s)
2026-09-12T03:46:25Z [uncw] term 202320 "Spring 2023 (View Only)": 3501 sections, 4132 meetings, 0 extraction failures, 11334 rows written (41.3s)
2026-09-12T03:46:34Z [okstate] term 202260 "Fall 2022 (View Only)": 8644 sections, 14431 meetings, 0 extraction failures, 32932 rows written (87.2s)
2026-09-12T03:46:35Z [msudenver] term 202240 "Summer 2022 (View Only)": 722 sections, 790 meetings, 0 extraction failures, 2254 rows written (21.8s)
2026-09-12T03:46:37Z [unf] term 202580 "Fall 2025 (View Only)": 3106 sections, 3937 meetings, 0 extraction failures, 10474 rows written (93.4s)
2026-09-12T03:46:48Z [uncc] term 202510 "Spring 2025 (View Only)": 5431 sections, 6169 meetings, 0 extraction failures, 17209 rows written (100.9s)
2026-09-12T03:46:55Z [okstate] term 202240 "Summer 2022 (View Only)": 3183 sections, 3324 meetings, 0 extraction failures, 9843 rows written (20.5s)
2026-09-12T03:46:56Z [uidaho] term 202020 "Spring 2021 (View Only)": 4048 sections, 4306 meetings, 0 extraction failures, 13141 rows written (57.9s)
2026-09-12T03:46:56Z [uidaho] Collected: 24/24 terms, 59456 sections, 63197 meetings, 185 requests (0 from cache), 163.6 MB, 00:14:28
2026-09-12T03:46:56Z [sju] started (banner9, https://registration.sju.edu/StudentRegistrationSsb/)
2026-09-12T03:46:58Z [sju] 45 terms listed, collecting 24
2026-09-12T03:47:09Z [uncw] term 202310 "Fall 2022 (View Only)": 3910 sections, 4887 meetings, 0 extraction failures, 12919 rows written (44.6s)
2026-09-12T03:47:14Z [ucr] term 202420 "Spring 2024 (View Only)": 10128 sections, 10094 meetings, 0 extraction failures, 32689 rows written (90.8s)
2026-09-12T03:47:18Z [gmu] term 202370 "Fall 2023 (View Only)": 6413 sections, 7278 meetings, 0 extraction failures, 20545 rows written (89.9s)
2026-09-12T03:47:18Z [sju] term 202640 "Fall 2026": 1884 sections, 2005 meetings, 0 extraction failures, 5916 rows written (19.6s)
2026-09-12T03:47:18Z [unf] term 202550 "Summer 2025 (View Only)": 1237 sections, 1547 meetings, 0 extraction failures, 4225 rows written (41.1s)
2026-09-12T03:47:19Z [uncw] term 202260 "Summer 2022 (View Only)": 928 sections, 1027 meetings, 0 extraction failures, 2892 rows written (10.1s)
2026-09-12T03:47:24Z [sju] term 202620 "Summer 2026 (View Only)": 489 sections, 524 meetings, 0 extraction failures, 1553 rows written (6.1s)
2026-09-12T03:47:42Z [sju] term 202610 "Spring 2026 (View Only)": 1831 sections, 2009 meetings, 0 extraction failures, 5803 rows written (17.6s)
2026-09-12T03:47:42Z [gmu] term 202340 "Summer 2023 (View Only)": 1368 sections, 1619 meetings, 0 extraction failures, 4394 rows written (24.5s)
2026-09-12T03:47:48Z [gsu] term 202608 "Fall Semester 2026": 10606 sections, 11601 meetings, 0 extraction failures, 33211 rows written (111.5s)
2026-09-12T03:47:48Z [sju] term 202600 "Intersession 2026 (View Only)": 19 sections, 19 meetings, 0 extraction failures, 58 rows written (6.7s)
2026-09-12T03:47:52Z [ou] term 202320 "Spring 2024 (View Only)": 11785 sections, 14608 meetings, 0 extraction failures, 37921 rows written (145.5s)
2026-09-12T03:47:56Z [ou] term 202311 "Fall 2023 Advanced Programs (View Only)": 2 sections, 2 meetings, 0 extraction failures, 7 rows written (4.1s)
2026-09-12T03:48:02Z [msudenver] term 202230 "Spring 2022 (View Only)": 3394 sections, 3850 meetings, 0 extraction failures, 10708 rows written (86.3s)
2026-09-12T03:48:03Z [uncw] term 202220 "Spring 2022 (View Only)": 3548 sections, 4473 meetings, 0 extraction failures, 11781 rows written (44.0s)
2026-09-12T03:48:05Z [sju] term 202540 "Fall 2025 (View Only)": 1918 sections, 2045 meetings, 0 extraction failures, 5958 rows written (16.6s)
2026-09-12T03:48:14Z [sju] term 202520 "Summer 2025 (View Only)": 519 sections, 551 meetings, 0 extraction failures, 1655 rows written (9.0s)
2026-09-12T03:48:19Z [temple] term 202536 "2025 Fall": 9257 sections, 11149 meetings, 0 extraction failures, 31135 rows written (240.2s)
2026-09-12T03:48:26Z [gsu] term 202605 "Summer Semester 2026 (View Only)": 3800 sections, 4036 meetings, 0 extraction failures, 11664 rows written (38.0s)
2026-09-12T03:48:29Z [okstate] term 202220 "Spring 2022 (View Only)": 8279 sections, 14797 meetings, 0 extraction failures, 32750 rows written (94.6s)
2026-09-12T03:48:31Z [uncc] term 202480 "Fall 2024 (View Only)": 5463 sections, 6357 meetings, 0 extraction failures, 17488 rows written (102.8s)
2026-09-12T03:48:32Z [sju] term 202510 "Spring 2025 (View Only)": 1903 sections, 2070 meetings, 0 extraction failures, 5963 rows written (17.5s)
2026-09-12T03:48:37Z [sju] term 202500 "Intersession 2025 (View Only)": 17 sections, 18 meetings, 0 extraction failures, 53 rows written (5.0s)
2026-09-12T03:48:45Z [ucr] term 202410 "Winter 2024 (View Only)": 10489 sections, 10498 meetings, 0 extraction failures, 33808 rows written (91.4s)
2026-09-12T03:48:48Z [unf] term 202510 "Spring 2025 (View Only)": 2917 sections, 3770 meetings, 0 extraction failures, 9884 rows written (89.6s)
2026-09-12T03:48:49Z [uncw] term 202210 "Fall 2021 (View Only)": 3707 sections, 4858 meetings, 0 extraction failures, 12440 rows written (45.9s)
2026-09-12T03:48:55Z [temple] term 202526 "2025 Summer II (View Only)": 452 sections, 521 meetings, 0 extraction failures, 1432 rows written (36.3s)
2026-09-12T03:48:57Z [sju] term 202440 "Fall 2024 (View Only)": 2054 sections, 2204 meetings, 0 extraction failures, 6411 rows written (20.6s)
2026-09-12T03:49:01Z [uncc] term 202460 "Summer 2024 (View Only)": 1837 sections, 1878 meetings, 0 extraction failures, 5401 rows written (29.7s)
2026-09-12T03:49:01Z [uncw] term 202160 "Summer 2021 (View Only)": 915 sections, 1036 meetings, 0 extraction failures, 2876 rows written (12.0s)
2026-09-12T03:49:03Z [sju] term 202420 "Summer 2024 (View Only)": 393 sections, 413 meetings, 0 extraction failures, 1244 rows written (6.0s)
2026-09-12T03:49:17Z [gmu] term 202310 "Spring 2023 (View Only)": 6340 sections, 7164 meetings, 0 extraction failures, 20252 rows written (94.5s)
2026-09-12T03:49:20Z [sju] term 202410 "Spring 2024 (View Only)": 1784 sections, 1895 meetings, 0 extraction failures, 5598 rows written (16.9s)
2026-09-12T03:49:26Z [sju] term 202400 "Intersession 2024 (View Only)": 14 sections, 21 meetings, 0 extraction failures, 51 rows written (5.6s)
2026-09-12T03:49:33Z [msudenver] term 202150 "Fall 2021 (View Only)": 3547 sections, 4035 meetings, 0 extraction failures, 11190 rows written (91.1s)
2026-09-12T03:49:41Z [uncw] term 202120 "Spring 2021 (View Only)": 3508 sections, 4041 meetings, 0 extraction failures, 11266 rows written (40.4s)
2026-09-12T03:49:45Z [ou] term 202310 "Fall 2023 (View Only)": 12052 sections, 15191 meetings, 0 extraction failures, 39216 rows written (108.5s)
2026-09-12T03:49:45Z [sju] term 202340 "Fall 2023 (View Only)": 1857 sections, 1990 meetings, 0 extraction failures, 5817 rows written (19.5s)
2026-09-12T03:49:49Z [ou] term 202260 "Long Term Liberal Studies 2022 (View Only)": 2 sections, 2 meetings, 0 extraction failures, 7 rows written (4.1s)
2026-09-12T03:49:50Z [sju] term 202320 "Summer 2023 (View Only)": 411 sections, 432 meetings, 0 extraction failures, 1378 rows written (4.8s)
2026-09-12T03:49:57Z [okstate] term 202160 "Fall 2021 (View Only)": 8581 sections, 14515 meetings, 0 extraction failures, 32998 rows written (87.6s)
2026-09-12T03:49:57Z [msudenver] term 202140 "Summer 2021 (View Only)": 812 sections, 879 meetings, 0 extraction failures, 2516 rows written (24.2s)
2026-09-12T03:49:57Z [ou] term 202250 "Self-Paced 2022-2023 (View Only)": 1 sections, 1 meetings, 0 extraction failures, 6 rows written (8.2s)
2026-09-12T03:50:01Z [ou] term 202231 "Summer 2023 Advanced Programs (View Only)": 24 sections, 24 meetings, 0 extraction failures, 72 rows written (4.1s)
2026-09-12T03:50:05Z [temple] term 202520 "2025 Summer I (View Only)": 1943 sections, 2336 meetings, 0 extraction failures, 6291 rows written (70.1s)
2026-09-12T03:50:06Z [sju] term 202310 "Spring 2023 (View Only)": 1852 sections, 1977 meetings, 0 extraction failures, 5825 rows written (16.3s)
2026-09-12T03:50:14Z [ucr] term 202340 "Fall 2023 (View Only)": 10647 sections, 10644 meetings, 0 extraction failures, 34073 rows written (88.7s)
2026-09-12T03:50:16Z [gsu] term 202601 "Spring Semester 2026 (View Only)": 9916 sections, 10880 meetings, 0 extraction failures, 30992 rows written (109.9s)
2026-09-12T03:50:16Z [sju] term 202300 "Intersession 2023 (View Only)": 13 sections, 14 meetings, 0 extraction failures, 41 rows written (10.1s)
2026-09-12T03:50:17Z [unf] term 202480 "Fall 2024 (View Only)": 2934 sections, 3606 meetings, 0 extraction failures, 9761 rows written (89.2s)
2026-09-12T03:50:18Z [okstate] term 202140 "Summer 2021 (View Only)": 3036 sections, 3206 meetings, 0 extraction failures, 9447 rows written (21.2s)
2026-09-12T03:50:23Z [usf] term 202608 "Fall 2026": 8615 sections, 9228 meetings, 0 extraction failures, 27559 rows written (269.7s)
2026-09-12T03:50:27Z [uncw] term 202110 "Fall 2020 (View Only)": 3951 sections, 4585 meetings, 0 extraction failures, 12660 rows written (45.6s)
2026-09-12T03:50:28Z [ucr] term 202330 "Summer 2023 (View Only)": 1358 sections, 1367 meetings, 0 extraction failures, 4786 rows written (14.4s)
2026-09-12T03:50:29Z [sju] term 202240 "Fall 2022 (View Only)": 1426 sections, 1546 meetings, 0 extraction failures, 4423 rows written (12.7s)
2026-09-12T03:50:34Z [ou] term 202230 "Summer 2023 (View Only)": 2496 sections, 2775 meetings, 0 extraction failures, 7772 rows written (33.1s)
2026-09-12T03:50:35Z [sju] term 202220 "Summer 2022 (View Only)": 333 sections, 369 meetings, 0 extraction failures, 1109 rows written (5.7s)
2026-09-12T03:50:39Z [uncw] term 202060 "Summer 2020 (View Only)": 914 sections, 927 meetings, 0 extraction failures, 2722 rows written (11.6s)
2026-09-12T03:50:39Z [ou] term 202221 "Spring 2023 Advanced Programs (View Only)": 39 sections, 39 meetings, 0 extraction failures, 117 rows written (5.4s)
2026-09-12T03:50:42Z [uncc] term 202410 "Spring 2024 (View Only)": 5431 sections, 6279 meetings, 0 extraction failures, 17299 rows written (101.1s)
2026-09-12T03:50:49Z [gmu] term 202270 "Fall 2022 (View Only)": 6495 sections, 7448 meetings, 0 extraction failures, 20931 rows written (92.3s)
2026-09-12T03:50:50Z [sju] term 202210 "Spring 2022 (View Only)": 1422 sections, 1483 meetings, 0 extraction failures, 4339 rows written (15.4s)
2026-09-12T03:50:55Z [unf] term 202450 "Summer 2024 (View Only)": 1165 sections, 1430 meetings, 0 extraction failures, 3972 rows written (37.3s)
2026-09-12T03:50:56Z [sju] term 202200 "Intersession 2022 (View Only)": 14 sections, 15 meetings, 0 extraction failures, 44 rows written (5.6s)
2026-09-12T03:51:10Z [sju] term 202140 "Fall 2021 (View Only)": 1480 sections, 1567 meetings, 0 extraction failures, 4549 rows written (14.6s)
2026-09-12T03:51:13Z [uncw] term 202020 "Spring 2020 (View Only)": 3455 sections, 4110 meetings, 0 extraction failures, 11214 rows written (33.9s)
2026-09-12T03:51:15Z [gmu] term 202240 "Summer 2022 (View Only)": 1419 sections, 1616 meetings, 0 extraction failures, 4564 rows written (26.5s)
2026-09-12T03:51:16Z [sju] term 202120 "Summer 2021 (View Only)": 356 sections, 384 meetings, 0 extraction failures, 1101 rows written (5.7s)
2026-09-12T03:51:21Z [msudenver] term 202130 "Spring 2021 (View Only)": 3425 sections, 3833 meetings, 0 extraction failures, 10633 rows written (84.5s)
2026-09-12T03:51:30Z [sju] term 202110 "Spring 2021 (View Only)": 1437 sections, 1542 meetings, 0 extraction failures, 4449 rows written (14.2s)
2026-09-12T03:51:36Z [sju] term 202100 "Intersession 2021 (View Only)": 22 sections, 24 meetings, 0 extraction failures, 69 rows written (5.7s)
2026-09-12T03:51:36Z [sju] Collected: 24/24 terms, 23448 sections, 25117 meetings, 108 requests (0 from cache), 76.9 MB, 00:04:39
2026-09-12T03:51:36Z [siu] started (banner9, https://banssb1.siu.edu/StudentRegistrationSsb/)
2026-09-12T03:51:38Z [siu] 53 terms listed, collecting 24
2026-09-12T03:51:41Z [okstate] term 202120 "Spring 2021 (View Only)": 8446 sections, 13803 meetings, 0 extraction failures, 32094 rows written (83.1s)
2026-09-12T03:51:47Z [uncw] term 202010 "Fall 2019 (View Only)": 3529 sections, 4161 meetings, 0 extraction failures, 11400 rows written (34.6s)
2026-09-12T03:52:00Z [ucr] term 202320 "Spring 2023 (View Only)": 9965 sections, 9949 meetings, 0 extraction failures, 31930 rows written (91.3s)
2026-09-12T03:52:00Z [uncw] term 201960 "Summer 2019 (View Only)": 875 sections, 904 meetings, 0 extraction failures, 2635 rows written (12.7s)
2026-09-12T03:52:00Z [uncw] Collected: 24/24 terms, 64964 sections, 77922 meetings, 191 requests (0 from cache), 212.8 MB, 00:12:12
2026-09-12T03:52:00Z [utrgv] started (banner9, https://assist.utrgv.edu/StudentRegistrationSsb/)
2026-09-12T03:52:02Z [utrgv] 55 terms listed, collecting 24
2026-09-12T03:52:08Z [gsu] term 202508 "Fall Semester 2025 (View Only)": 10952 sections, 11943 meetings, 0 extraction failures, 34286 rows written (111.8s)
2026-09-12T03:52:08Z [utrgv] term 202749 "Fall-Spr 2026-27 SOM Y4": 249 sections, 249 meetings, 0 extraction failures, 1039 rows written (6.0s)
2026-09-12T03:52:15Z [usf] term 202605 "Summer 2026 (View Only)": 3593 sections, 3683 meetings, 0 extraction failures, 11250 rows written (111.8s)
2026-09-12T03:52:15Z [utrgv] term 202748 "Fall-Spr 2026-27 SOPM Y4": 10 sections, 10 meetings, 0 extraction failures, 30 rows written (6.3s)
2026-09-12T03:52:17Z [siu] term 202720 "Spring 2027 (View Only)": 3968 sections, 4317 meetings, 0 extraction failures, 10017 rows written (38.2s)
2026-09-12T03:52:20Z [utrgv] term 202739 "Fall-Spr 2026-27 SOM Y3": 60 sections, 60 meetings, 0 extraction failures, 247 rows written (5.4s)
2026-09-12T03:52:21Z [unf] term 202410 "Spring 2024 (View Only)": 2913 sections, 3644 meetings, 0 extraction failures, 9792 rows written (86.2s)
2026-09-12T03:52:25Z [uncc] term 202380 "Fall 2023 (View Only)": 5534 sections, 6385 meetings, 0 extraction failures, 17679 rows written (103.3s)
2026-09-12T03:52:26Z [utrgv] term 202738 "Fall-Spr 2026-27 SOPM Y3": 61 sections, 61 meetings, 0 extraction failures, 184 rows written (6.0s)
2026-09-12T03:52:32Z [utrgv] term 202729 "Fall-Spr 2026-27 SOM Y2": 7 sections, 7 meetings, 0 extraction failures, 31 rows written (6.0s)
2026-09-12T03:52:38Z [utrgv] term 202728 "Fall-Spr 2026-27 SOPM Y2": 11 sections, 11 meetings, 0 extraction failures, 46 rows written (6.0s)
2026-09-12T03:52:41Z [gmu] term 202210 "Spring 2022 (View Only)": 6366 sections, 7233 meetings, 0 extraction failures, 20527 rows written (86.0s)
2026-09-12T03:52:44Z [ou] term 202220 "Spring 2023 (View Only)": 11691 sections, 14526 meetings, 0 extraction failures, 37445 rows written (124.9s)
2026-09-12T03:52:44Z [ou] Collected: 24/24 terms, 106215 sections, 130837 meetings, 282 requests (0 from cache), 503.6 MB, 00:19:48
2026-09-12T03:52:44Z [clpccd] started (banner9, https://banssprod.clpccd.cc.ca.us/StudentRegistrationSsb/)
2026-09-12T03:52:45Z [msudenver] term 202050 "Fall 2020 (View Only)": 3468 sections, 3614 meetings, 0 extraction failures, 10516 rows written (83.7s)
2026-09-12T03:52:47Z [clpccd] 12 terms listed, collecting 12
2026-09-12T03:52:51Z [utrgv] term 202727 "SPRING 2027 MODULE 2 (View Only)": 66 sections, 66 meetings, 0 extraction failures, 196 rows written (13.1s)
2026-09-12T03:52:56Z [gsu] term 202505 "Summer Semester 2025 (View Only)": 4478 sections, 4770 meetings, 0 extraction failures, 13665 rows written (47.4s)
2026-09-12T03:52:56Z [uncc] term 202360 "Summer 2023 (View Only)": 1780 sections, 1861 meetings, 0 extraction failures, 5329 rows written (31.0s)
2026-09-12T03:52:57Z [utrgv] term 202723 "SPRING 2027 MODULE 1 (View Only)": 68 sections, 68 meetings, 0 extraction failures, 199 rows written (6.0s)
2026-09-12T03:52:59Z [siu] term 202660 "Fall 2026": 3694 sections, 4131 meetings, 0 extraction failures, 11719 rows written (42.6s)
2026-09-12T03:53:02Z [okstate] term 202060 "Fall 2020 (View Only)": 8700 sections, 13307 meetings, 0 extraction failures, 32244 rows written (81.4s)
2026-09-12T03:53:04Z [msudenver] term 202040 "Summer 2020 (View Only)": 766 sections, 797 meetings, 0 extraction failures, 2339 rows written (19.0s)
2026-09-12T03:53:15Z [clpccd] term 202602 "Fall 2026": 2362 sections, 3572 meetings, 0 extraction failures, 8386 rows written (28.0s)
2026-09-12T03:53:15Z [siu] term 202640 "Summer 2026 (View Only)": 1014 sections, 1027 meetings, 0 extraction failures, 3058 rows written (15.8s)
2026-09-12T03:53:23Z [okstate] term 202040 "Summer 2020 (View Only)": 3023 sections, 3148 meetings, 0 extraction failures, 9443 rows written (20.8s)
2026-09-12T03:53:27Z [ucr] term 202310 "Winter 2023 (View Only)": 10419 sections, 10435 meetings, 0 extraction failures, 33475 rows written (87.1s)
2026-09-12T03:53:27Z [clpccd] term 202601 "Summer 2026 (View Only)": 747 sections, 973 meetings, 0 extraction failures, 2494 rows written (12.4s)
2026-09-12T03:53:33Z [utrgv] term 202720 "Spring 2027 (View Only)": 5235 sections, 5487 meetings, 0 extraction failures, 14835 rows written (36.2s)
2026-09-12T03:53:38Z [utrgv] term 202719 "Fall-Spr 2026-27 SOM Y1": 9 sections, 9 meetings, 0 extraction failures, 41 rows written (4.4s)
2026-09-12T03:53:44Z [utrgv] term 202718 "Fall-Spr 2026-27 SOPM Y1": 11 sections, 11 meetings, 0 extraction failures, 39 rows written (6.0s)
2026-09-12T03:53:45Z [unf] term 202380 "Fall 2023 (View Only)": 2958 sections, 3618 meetings, 0 extraction failures, 9790 rows written (84.2s)
2026-09-12T03:53:50Z [utrgv] term 202717 "FALL 2026 MODULE 2": 78 sections, 78 meetings, 0 extraction failures, 235 rows written (6.0s)
2026-09-12T03:53:55Z [temple] term 202503 "2025 Spring (View Only)": 9317 sections, 11001 meetings, 0 extraction failures, 31079 rows written (230.4s)
2026-09-12T03:53:56Z [clpccd] term 202505 "Spring 2026 (View Only)": 2325 sections, 3438 meetings, 0 extraction failures, 8259 rows written (29.4s)
2026-09-12T03:53:56Z [utrgv] term 202713 "FALL 2026 MODULE 1": 84 sections, 84 meetings, 0 extraction failures, 253 rows written (6.9s)
2026-09-12T03:54:00Z [siu] term 202620 "Spring 2026 (View Only)": 4152 sections, 4494 meetings, 0 extraction failures, 13057 rows written (45.3s)
2026-09-12T03:54:01Z [clpccd] term 202504 "Winter Intersession 2025-2026 (View Only)": 72 sections, 77 meetings, 0 extraction failures, 222 rows written (4.7s)
2026-09-12T03:54:13Z [gmu] term 202170 "Fall 2021 (View Only)": 6516 sections, 7691 meetings, 0 extraction failures, 21287 rows written (91.2s)
2026-09-12T03:54:21Z [unf] term 202350 "Summer 2023 (View Only)": 1139 sections, 1383 meetings, 0 extraction failures, 3807 rows written (36.1s)
2026-09-12T03:54:32Z [clpccd] term 202502 "Fall 2025 (View Only)": 2479 sections, 3614 meetings, 0 extraction failures, 8701 rows written (30.7s)
2026-09-12T03:54:34Z [uncc] term 202310 "Spring 2023 (View Only)": 5179 sections, 5939 meetings, 0 extraction failures, 16496 rows written (97.5s)
2026-09-12T03:54:37Z [gsu] term 202501 "Spring Semester 2025 (View Only)": 10225 sections, 11314 meetings, 0 extraction failures, 32177 rows written (101.7s)
2026-09-12T03:54:38Z [msudenver] term 202030 "Spring 2020 (View Only)": 3786 sections, 4144 meetings, 0 extraction failures, 11754 rows written (94.3s)
2026-09-12T03:54:39Z [gmu] term 202140 "Summer 2021 (View Only)": 1388 sections, 1606 meetings, 0 extraction failures, 4465 rows written (26.2s)
2026-09-12T03:54:41Z [utrgv] term 202710 "Fall 2026": 5905 sections, 6115 meetings, 0 extraction failures, 18031 rows written (44.6s)
2026-09-12T03:54:43Z [siu] term 202560 "Fall 2025 (View Only)": 4181 sections, 4593 meetings, 0 extraction failures, 13236 rows written (42.2s)
2026-09-12T03:54:47Z [okstate] term 202020 "Spring 2020 (View Only)": 8158 sections, 13496 meetings, 0 extraction failures, 31405 rows written (83.3s)
2026-09-12T03:54:47Z [clpccd] term 202501 "Summer 2025 (View Only)": 781 sections, 1035 meetings, 0 extraction failures, 2614 rows written (15.1s)
2026-09-12T03:54:47Z [utrgv] term 202649 "Fall-Spr 2025-26 SOM Y4 (View Only)": 289 sections, 289 meetings, 0 extraction failures, 1212 rows written (5.9s)
2026-09-12T03:54:51Z [utrgv] term 202648 "Fall-Spr 2025-26 SOPM Y4 (View Only)": 19 sections, 19 meetings, 0 extraction failures, 58 rows written (4.1s)
2026-09-12T03:54:57Z [ucr] term 202240 "Fall 2022 (View Only)": 10510 sections, 10496 meetings, 0 extraction failures, 33640 rows written (89.8s)
2026-09-12T03:54:57Z [utrgv] term 202643 "Summer 2026 Module 2 (View Only)": 71 sections, 71 meetings, 0 extraction failures, 215 rows written (6.0s)
2026-09-12T03:55:02Z [siu] term 202540 "Summer 2025 (View Only)": 1565 sections, 1580 meetings, 0 extraction failures, 4646 rows written (19.5s)
2026-09-12T03:55:06Z [utrgv] term 202640 "Summer II 2026 (View Only)": 710 sections, 710 meetings, 0 extraction failures, 2132 rows written (8.9s)
2026-09-12T03:55:11Z [ucr] term 202230 "Summer 2022 (View Only)": 1395 sections, 1402 meetings, 0 extraction failures, 4847 rows written (14.8s)
2026-09-12T03:55:12Z [utrgv] term 202639 "Fall-Spr 2025-26 SOM Y3 (View Only)": 61 sections, 61 meetings, 0 extraction failures, 260 rows written (5.7s)
2026-09-12T03:55:15Z [clpccd] term 202403 "Spring 2025 (View Only)": 2443 sections, 3610 meetings, 0 extraction failures, 8630 rows written (28.2s)
2026-09-12T03:55:18Z [utrgv] term 202638 "Fall-Spr 2025-26 SOPM Y3 (View Only)": 72 sections, 72 meetings, 0 extraction failures, 217 rows written (6.0s)
2026-09-12T03:55:24Z [utrgv] term 202633 "Summer 2026 Module 1 (View Only)": 82 sections, 82 meetings, 0 extraction failures, 249 rows written (6.0s)
2026-09-12T03:55:36Z [utrgv] term 202630 "Summer I 2026 (View Only)": 1323 sections, 1329 meetings, 0 extraction failures, 4030 rows written (12.7s)
2026-09-12T03:55:42Z [utrgv] term 202629 "Fall-Spr 2025-26 SOM Y2 (View Only)": 9 sections, 9 meetings, 0 extraction failures, 38 rows written (5.4s)
2026-09-12T03:55:45Z [clpccd] term 202402 "Fall 2024 (View Only)": 2486 sections, 3608 meetings, 0 extraction failures, 8714 rows written (29.6s)
2026-09-12T03:55:48Z [siu] term 202520 "Spring 2025 (View Only)": 4136 sections, 4459 meetings, 0 extraction failures, 13074 rows written (45.9s)
2026-09-12T03:55:48Z [utrgv] term 202628 "Fall-Spr 2025-26 SOPM Y2 (View Only)": 11 sections, 11 meetings, 0 extraction failures, 37 rows written (6.1s)
2026-09-12T03:55:48Z [utrgv] Collected: 24/24 terms, 14501 sections, 14969 meetings, 98 requests (0 from cache), 46.3 MB, 00:03:48
2026-09-12T03:55:48Z [cocc] started (banner9, https://reg-prod.cocc.edu/StudentRegistrationSsb/)
2026-09-12T03:55:49Z [unf] term 202310 "Spring 2023 (View Only)": 2901 sections, 3715 meetings, 0 extraction failures, 9731 rows written (88.2s)
2026-09-12T03:55:50Z [cocc] 11 terms listed, collecting 11
2026-09-12T03:55:55Z [clpccd] term 202401 "Summer 2024 (View Only)": 761 sections, 1025 meetings, 0 extraction failures, 2569 rows written (10.4s)
2026-09-12T03:56:01Z [cocc] term 202720 "Spring 2027 (View Only)": 741 sections, 1027 meetings, 0 extraction failures, 2418 rows written (10.2s)
2026-09-12T03:56:10Z [gmu] term 202110 "Spring 2021 (View Only)": 6398 sections, 7641 meetings, 0 extraction failures, 20875 rows written (90.7s)
2026-09-12T03:56:11Z [msudenver] term 201950 "Fall 2019 (View Only)": 3862 sections, 4197 meetings, 0 extraction failures, 11994 rows written (92.4s)
2026-09-12T03:56:14Z [okstate] term 201960 "Fall 2019 (View Only)": 8476 sections, 14255 meetings, 0 extraction failures, 32832 rows written (87.8s)
2026-09-12T03:56:15Z [cocc] term 202710 "Winter 2027 (View Only)": 738 sections, 1035 meetings, 0 extraction failures, 2434 rows written (14.1s)
2026-09-12T03:56:16Z [uncc] term 202280 "Fall 2022 (View Only)": 5215 sections, 5957 meetings, 0 extraction failures, 16670 rows written (102.7s)
2026-09-12T03:56:23Z [cocc] term 202640 "Fall 2026": 715 sections, 988 meetings, 0 extraction failures, 2496 rows written (8.4s)
2026-09-12T03:56:26Z [clpccd] term 202303 "Spring 2024 (View Only)": 2337 sections, 3460 meetings, 0 extraction failures, 8258 rows written (30.8s)
2026-09-12T03:56:29Z [cocc] term 202630 "Summer 2026 (View Only)": 209 sections, 272 meetings, 0 extraction failures, 724 rows written (5.7s)
2026-09-12T03:56:33Z [gsu] term 202408 "Fall Semester 2024 (View Only)": 10904 sections, 12110 meetings, 0 extraction failures, 34423 rows written (116.3s)
2026-09-12T03:56:35Z [siu] term 202460 "Fall 2024 (View Only)": 4276 sections, 4717 meetings, 0 extraction failures, 13612 rows written (46.9s)
2026-09-12T03:56:36Z [okstate] term 201940 "Summer 2019 (View Only)": 2942 sections, 3087 meetings, 0 extraction failures, 9139 rows written (21.4s)
2026-09-12T03:56:36Z [msudenver] term 201940 "Summer 2019 (View Only)": 884 sections, 955 meetings, 0 extraction failures, 2734 rows written (25.2s)
2026-09-12T03:56:39Z [ucr] term 202220 "Spring 2022 (View Only)": 9965 sections, 9921 meetings, 0 extraction failures, 31629 rows written (88.1s)
2026-09-12T03:56:40Z [cocc] term 202620 "Spring 2026 (View Only)": 680 sections, 1237 meetings, 0 extraction failures, 2716 rows written (11.5s)
2026-09-12T03:56:45Z [uncc] term 202260 "Summer 2022 (View Only)": 1528 sections, 1642 meetings, 0 extraction failures, 4652 rows written (28.1s)
2026-09-12T03:56:53Z [usf] term 202601 "Spring 2026 (View Only)": 8650 sections, 9208 meetings, 0 extraction failures, 27980 rows written (278.2s)
2026-09-12T03:56:53Z [cocc] term 202610 "Winter 2026 (View Only)": 734 sections, 1292 meetings, 0 extraction failures, 2849 rows written (12.8s)
2026-09-12T03:56:54Z [clpccd] term 202302 "Fall 2023 (View Only)": 2359 sections, 3475 meetings, 0 extraction failures, 8339 rows written (27.8s)
2026-09-12T03:56:54Z [siu] term 202440 "Summer 2024 (View Only)": 1595 sections, 1605 meetings, 0 extraction failures, 4923 rows written (19.4s)
2026-09-12T03:57:03Z [temple] term 202436 "2024 Fall (View Only)": 9302 sections, 11128 meetings, 0 extraction failures, 31155 rows written (187.5s)
2026-09-12T03:57:03Z [cocc] term 202540 "Fall 2025 (View Only)": 732 sections, 1359 meetings, 0 extraction failures, 2914 rows written (10.3s)
2026-09-12T03:57:03Z [clpccd] term 202301 "Summer 2023 (View Only)": 715 sections, 963 meetings, 0 extraction failures, 2418 rows written (9.7s)
2026-09-12T03:57:03Z [clpccd] Collected: 12/12 terms, 19867 sections, 28850 meetings, 70 requests (0 from cache), 86.9 MB, 00:04:19
2026-09-12T03:57:03Z [ufv] started (banner9, https://apps.ban.ufv.ca/StudentRegistrationSsb/)
2026-09-12T03:57:06Z [ufv] 11 terms listed, collecting 11
2026-09-12T03:57:08Z [cocc] term 102820 "Spring 2028 (View Only)": 0 sections, 0 meetings, 0 extraction failures, 1 rows written (5.2s)
2026-09-12T03:57:12Z [ufv] term 202701 "Winter 2027": 75 sections, 370 meetings, 0 extraction failures, 527 rows written (5.8s)
2026-09-12T03:57:15Z [gsu] term 202405 "Summer Semester 2024 (View Only)": 4313 sections, 4615 meetings, 0 extraction failures, 13171 rows written (41.7s)
2026-09-12T03:57:15Z [cocc] term 102810 "Winter 2028 (View Only)": 0 sections, 0 meetings, 0 extraction failures, 1 rows written (6.7s)
2026-09-12T03:57:21Z [cocc] term 102740 "Fall 2027 (View Only)": 0 sections, 0 meetings, 0 extraction failures, 1 rows written (5.3s)
2026-09-12T03:57:22Z [unf] term 202280 "Fall 2022 (View Only)": 3102 sections, 3885 meetings, 0 extraction failures, 10256 rows written (92.5s)
2026-09-12T03:57:27Z [cocc] term 102730 "Summer 2027 (View Only)": 0 sections, 0 meetings, 0 extraction failures, 1 rows written (6.0s)
2026-09-12T03:57:27Z [cocc] Collected: 11/11 terms, 4549 sections, 7210 meetings, 41 requests (0 from cache), 17.1 MB, 00:01:38
2026-09-12T03:57:34Z [temple] term 202426 "2024 Summer II (View Only)": 544 sections, 587 meetings, 0 extraction failures, 1681 rows written (31.3s)
2026-09-12T03:57:35Z [ufv] term 202609 "Fall 2026": 1378 sections, 2985 meetings, 0 extraction failures, 5948 rows written (23.7s)
2026-09-12T03:57:38Z [siu] term 202420 "Spring 2024 (View Only)": 4140 sections, 4517 meetings, 0 extraction failures, 13076 rows written (44.1s)
2026-09-12T03:57:41Z [ufv] term 202608 "Continuing Ed Sep-Dec 2026": 2 sections, 2 meetings, 0 extraction failures, 7 rows written (5.4s)
2026-09-12T03:57:43Z [gmu] term 202070 "Fall 2020 (View Only)": 6389 sections, 7376 meetings, 0 extraction failures, 20571 rows written (93.5s)
2026-09-12T03:57:47Z [ufv] term 202607 "Trades 2026-2027": 59 sections, 82 meetings, 0 extraction failures, 188 rows written (6.0s)
2026-09-12T03:57:57Z [okstate] term 201920 "Spring 2019 (View Only)": 8206 sections, 13679 meetings, 0 extraction failures, 31517 rows written (81.8s)
2026-09-12T03:57:57Z [okstate] Collected: 24/24 terms, 161796 sections, 245255 meetings, 384 requests (0 from cache), 556.1 MB, 00:25:01
2026-09-12T03:57:58Z [ufv] term 202605 "Summer 2026 (View Only)": 450 sections, 693 meetings, 0 extraction failures, 1619 rows written (11.0s)
2026-09-12T03:57:59Z [unf] term 202250 "Summer 2022 (View Only)": 1142 sections, 1391 meetings, 0 extraction failures, 3749 rows written (37.2s)
2026-09-12T03:58:02Z [ufv] term 202604 "Continuing Ed May-Aug 2026 (View Only)": 10 sections, 11 meetings, 0 extraction failures, 34 rows written (4.1s)
2026-09-12T03:58:05Z [msudenver] term 201930 "Spring 2019 (View Only)": 3833 sections, 4147 meetings, 0 extraction failures, 11834 rows written (89.3s)
2026-09-12T03:58:05Z [msudenver] Partial: 22/24 terms, 57602 sections, 62854 meetings, 179 requests (0 from cache), 188.7 MB, 00:25:09
2026-09-12T03:58:09Z [ucr] term 202210 "Winter 2022 (View Only)": 10251 sections, 10285 meetings, 0 extraction failures, 33237 rows written (89.2s)
2026-09-12T03:58:09Z [gmu] term 202040 "Summer 2020 (View Only)": 1377 sections, 1522 meetings, 0 extraction failures, 4338 rows written (26.1s)
2026-09-12T03:58:12Z [temple] term 202420 "2024 Summer I (View Only)": 1847 sections, 2090 meetings, 0 extraction failures, 5857 rows written (37.4s)
2026-09-12T03:58:19Z [uncc] term 202210 "Spring 2022 (View Only)": 5010 sections, 5571 meetings, 0 extraction failures, 15963 rows written (94.7s)
2026-09-12T03:58:27Z [siu] term 202360 "Fall 2023 (View Only)": 4197 sections, 4650 meetings, 0 extraction failures, 13432 rows written (48.9s)
2026-09-12T03:58:28Z [ufv] term 202601 "Winter 2026 (View Only)": 1438 sections, 3128 meetings, 0 extraction failures, 6235 rows written (26.0s)
2026-09-12T03:58:33Z [ufv] term 202600 "Continuing Ed Jan-Apr 2026 (View Only)": 143 sections, 236 meetings, 0 extraction failures, 509 rows written (4.7s)
2026-09-12T03:58:47Z [siu] term 202340 "Summer 2023 (View Only)": 1503 sections, 1515 meetings, 0 extraction failures, 4694 rows written (20.1s)
2026-09-12T03:58:58Z [gsu] term 202401 "Spring Semester 2024 (View Only)": 10044 sections, 11240 meetings, 0 extraction failures, 31877 rows written (102.7s)
2026-09-12T03:59:09Z [ufv] term 202509 "Fall 2025 (View Only)": 1606 sections, 4168 meetings, 0 extraction failures, 7596 rows written (36.3s)
2026-09-12T03:59:14Z [ufv] term 202508 "Continuing Ed Sep-Dec 2025 (View Only)": 115 sections, 231 meetings, 0 extraction failures, 450 rows written (5.3s)
2026-09-12T03:59:20Z [ufv] term 202507 "Trades 2025-2026 (View Only)": 69 sections, 97 meetings, 0 extraction failures, 247 rows written (6.0s)
2026-09-12T03:59:20Z [ufv] Collected: 11/11 terms, 5345 sections, 12003 meetings, 42 requests (0 from cache), 24.0 MB, 00:02:16
2026-09-12T03:59:27Z [gmu] term 202010 "Spring 2020 - COVID-19 (View Only)": 6162 sections, 6535 meetings, 0 extraction failures, 19300 rows written (77.9s)
2026-09-12T03:59:30Z [unf] term 202210 "Spring 2022 (View Only)": 2935 sections, 3816 meetings, 0 extraction failures, 9880 rows written (90.9s)
2026-09-12T03:59:31Z [gmu] term 202000 "Continuing Education 2019/2020 (View Only)": 0 sections, 0 meetings, 0 extraction failures, 1 rows written (4.1s)
2026-09-12T03:59:34Z [ucr] term 202140 "Fall 2021 (View Only)": 10467 sections, 10470 meetings, 0 extraction failures, 33034 rows written (85.9s)
2026-09-12T03:59:36Z [siu] term 202320 "Spring 2023 (View Only)": 4097 sections, 4537 meetings, 0 extraction failures, 13089 rows written (48.3s)
2026-09-12T03:59:48Z [ucr] term 202130 "Summer 2021 (View Only)": 1423 sections, 1430 meetings, 0 extraction failures, 4554 rows written (13.8s)
2026-09-12T03:59:56Z [uncc] term 202180 "Fall 2021 (View Only)": 5131 sections, 5790 meetings, 0 extraction failures, 16520 rows written (96.5s)
2026-09-12T04:00:19Z [uncc] term 202160 "Summer 2021 (View Only)": 1465 sections, 1525 meetings, 0 extraction failures, 4490 rows written (23.7s)
2026-09-12T04:00:21Z [siu] term 202260 "Fall 2022 (View Only)": 4010 sections, 4503 meetings, 0 extraction failures, 12971 rows written (45.3s)
2026-09-12T04:00:39Z [siu] term 202240 "Summer 2022 (View Only)": 1386 sections, 1397 meetings, 0 extraction failures, 4287 rows written (17.7s)
2026-09-12T04:00:53Z [gmu] term 201970 "Fall 2019 (View Only)": 6195 sections, 6424 meetings, 0 extraction failures, 19073 rows written (81.9s)
2026-09-12T04:01:00Z [gsu] term 202308 "Fall Semester 2023 (View Only)": 10828 sections, 12046 meetings, 0 extraction failures, 34297 rows written (121.9s)
2026-09-12T04:01:05Z [unf] term 202180 "Fall 2021 (View Only)": 3014 sections, 3853 meetings, 0 extraction failures, 10086 rows written (94.8s)
2026-09-12T04:01:16Z [gmu] term 201940 "Summer 2019 (View Only)": 1345 sections, 1518 meetings, 0 extraction failures, 4272 rows written (23.0s)
2026-09-12T04:01:16Z [gmu] Collected: 24/24 terms, 107817 sections, 122824 meetings, 276 requests (0 from cache), 380.1 MB, 00:27:07
2026-09-12T04:01:24Z [ucr] term 202120 "Spring 2021 (View Only)": 9974 sections, 9929 meetings, 0 extraction failures, 31175 rows written (95.7s)
2026-09-12T04:01:27Z [siu] term 202220 "Spring 2022 (View Only)": 4022 sections, 4497 meetings, 0 extraction failures, 12923 rows written (48.5s)
2026-09-12T04:01:32Z [usf] term 202508 "Fall 2025 (View Only)": 8647 sections, 9269 meetings, 0 extraction failures, 28123 rows written (279.6s)
2026-09-12T04:01:43Z [gsu] term 202305 "Summer Semester 2023 (View Only)": 4237 sections, 4567 meetings, 0 extraction failures, 13043 rows written (42.7s)
2026-09-12T04:01:43Z [unf] term 202150 "Summer 2021 (View Only)": 1144 sections, 1411 meetings, 0 extraction failures, 3786 rows written (38.3s)
2026-09-12T04:01:53Z [uncc] term 202110 "Spring 2021 (View Only)": 5139 sections, 5915 meetings, 0 extraction failures, 16582 rows written (93.7s)
2026-09-12T04:02:09Z [siu] term 202160 "Fall 2021 (View Only)": 3670 sections, 4166 meetings, 0 extraction failures, 11995 rows written (41.9s)
2026-09-12T04:02:27Z [siu] term 202140 "Summer 2021 (View Only)": 1386 sections, 1408 meetings, 0 extraction failures, 4306 rows written (17.4s)
2026-09-12T04:03:03Z [ucr] term 202110 "Winter 2021 (View Only)": 10093 sections, 10120 meetings, 0 extraction failures, 31474 rows written (99.2s)
2026-09-12T04:03:03Z [ucr] Collected: 24/24 terms, 198286 sections, 198277 meetings, 458 requests (0 from cache), 544.2 MB, 00:30:06
2026-09-12T04:03:10Z [unf] term 202110 "Spring 2021 (View Only)": 2855 sections, 3720 meetings, 0 extraction failures, 9641 rows written (87.4s)
2026-09-12T04:03:12Z [siu] term 202120 "Spring 2021 (View Only)": 4079 sections, 5155 meetings, 0 extraction failures, 13744 rows written (45.7s)
2026-09-12T04:03:26Z [temple] term 202403 "2024 Spring (View Only)": 9345 sections, 10956 meetings, 0 extraction failures, 30806 rows written (314.2s)
2026-09-12T04:03:29Z [gsu] term 202301 "Spring Semester 2023 (View Only)": 10038 sections, 11124 meetings, 0 extraction failures, 31766 rows written (106.1s)
2026-09-12T04:03:30Z [usf] term 202505 "Summer 2025 (View Only)": 3703 sections, 3793 meetings, 0 extraction failures, 11895 rows written (117.2s)
2026-09-12T04:03:48Z [uncc] term 202080 "Fall 2020 (View Only)": 5915 sections, 7153 meetings, 0 extraction failures, 19452 rows written (115.1s)
2026-09-12T04:03:55Z [siu] term 202060 "Fall 2020 (View Only)": 4115 sections, 5164 meetings, 0 extraction failures, 13881 rows written (42.9s)
2026-09-12T04:04:09Z [siu] term 202040 "Summer 2020 (View Only)": 1070 sections, 1076 meetings, 0 extraction failures, 3239 rows written (14.1s)
2026-09-12T04:04:12Z [uncc] term 202060 "Summer 2020 (View Only)": 1382 sections, 1394 meetings, 0 extraction failures, 4205 rows written (23.4s)
2026-09-12T04:04:48Z [unf] term 202080 "Fall 2020 (View Only)": 3097 sections, 4204 meetings, 0 extraction failures, 10625 rows written (97.6s)
2026-09-12T04:04:51Z [siu] term 202020 "Spring 2020 (View Only)": 3787 sections, 4222 meetings, 0 extraction failures, 12213 rows written (42.1s)
2026-09-12T04:05:21Z [gsu] term 202208 "Fall Semester 2022 (View Only)": 10898 sections, 12157 meetings, 0 extraction failures, 34629 rows written (112.9s)
2026-09-12T04:05:23Z [unf] term 202050 "Summer 2020 (View Only)": 1051 sections, 1279 meetings, 0 extraction failures, 3474 rows written (34.8s)
2026-09-12T04:05:40Z [siu] term 201960 "Fall 2019 (View Only)": 3881 sections, 4394 meetings, 0 extraction failures, 12620 rows written (48.6s)
2026-09-12T04:05:43Z [uncc] term 202010 "Spring 2020 (View Only)": 5129 sections, 5545 meetings, 0 extraction failures, 16125 rows written (90.9s)
2026-09-12T04:05:59Z [siu] term 201940 "Summer 2019 (View Only)": 1375 sections, 1410 meetings, 0 extraction failures, 4331 rows written (19.4s)
2026-09-12T04:05:59Z [siu] Collected: 24/24 terms, 75299 sections, 83534 meetings, 216 requests (0 from cache), 246.7 MB, 00:14:23
2026-09-12T04:06:04Z [gsu] term 202205 "Summer Semester 2022 (View Only)": 4319 sections, 4694 meetings, 0 extraction failures, 13340 rows written (42.1s)
2026-09-12T04:06:39Z [usf] term 202501 "Spring 2025 (View Only)": 6023 sections, 6307 meetings, 0 extraction failures, 19073 rows written (189.0s)
2026-09-12T04:06:47Z [unf] term 202010 "Spring 2020 (View Only)": 2900 sections, 3587 meetings, 0 extraction failures, 9676 rows written (84.3s)
2026-09-12T04:07:17Z [uncc] term 201980 "Fall 2019 (View Only)": 5253 sections, 5639 meetings, 0 extraction failures, 16525 rows written (94.9s)
2026-09-12T04:07:30Z [uncc] term 201970 "Second Summer 2019 (View Only)": 636 sections, 644 meetings, 0 extraction failures, 1864 rows written (12.4s)
2026-09-12T04:07:51Z [gsu] term 202201 "Spring Semester 2022 (View Only)": 10270 sections, 11283 meetings, 0 extraction failures, 32379 rows written (107.1s)
2026-09-12T04:07:51Z [uncc] term 201950 "First Summer 2019 (View Only)": 889 sections, 895 meetings, 0 extraction failures, 2627 rows written (21.1s)
2026-09-12T04:07:51Z [uncc] Collected: 24/24 terms, 93686 sections, 105531 meetings, 250 requests (0 from cache), 279.8 MB, 00:29:01
2026-09-12T04:08:11Z [temple] term 202336 "2023 Fall (View Only)": 9260 sections, 11113 meetings, 0 extraction failures, 31076 rows written (285.4s)
2026-09-12T04:08:18Z [unf] term 201980 "Fall 2019 (View Only)": 3004 sections, 3683 meetings, 0 extraction failures, 10034 rows written (90.7s)
2026-09-12T04:08:28Z [temple] term 202326 "2023 Summer II (View Only)": 611 sections, 653 meetings, 0 extraction failures, 1872 rows written (16.4s)
2026-09-12T04:08:57Z [unf] term 201950 "Summer 2019 (View Only)": 1197 sections, 1527 meetings, 0 extraction failures, 4057 rows written (39.0s)
2026-09-12T04:09:08Z [temple] term 202320 "2023 Summer I (View Only)": 1916 sections, 2130 meetings, 0 extraction failures, 6014 rows written (40.3s)
2026-09-12T04:09:56Z [gsu] term 202108 "Fall Semester 2021 (View Only)": 11707 sections, 12959 meetings, 0 extraction failures, 37077 rows written (125.0s)
2026-09-12T04:10:16Z [unf] term 201910 "Spring 2019 (View Only)": 2645 sections, 3266 meetings, 0 extraction failures, 8910 rows written (79.2s)
2026-09-12T04:10:16Z [unf] Collected: 24/24 terms, 56941 sections, 72018 meetings, 177 requests (0 from cache), 219.5 MB, 00:29:07
2026-09-12T04:10:43Z [gsu] term 202105 "Summer Semester 2021 (View Only)": 4634 sections, 4992 meetings, 0 extraction failures, 14192 rows written (46.9s)
2026-09-12T04:11:18Z [usf] term 202408 "Fall 2024 (View Only)": 8673 sections, 9334 meetings, 0 extraction failures, 28473 rows written (279.1s)
2026-09-12T04:12:30Z [gsu] term 202101 "Spring Semester 2021 (View Only)": 10280 sections, 11330 meetings, 0 extraction failures, 32485 rows written (107.6s)
2026-09-12T04:13:09Z [usf] term 202405 "Summer 2024 (View Only)": 3386 sections, 3509 meetings, 0 extraction failures, 11277 rows written (110.8s)
2026-09-12T04:13:20Z [temple] term 202303 "2023 Spring (View Only)": 9693 sections, 11420 meetings, 0 extraction failures, 32237 rows written (252.1s)
2026-09-12T04:14:35Z [gsu] term 202008 "Fall Semester 2020 (View Only)": 12128 sections, 13278 meetings, 0 extraction failures, 38035 rows written (124.9s)
2026-09-12T04:15:22Z [gsu] term 202005 "Summer Semester 2020 (View Only)": 4545 sections, 4843 meetings, 0 extraction failures, 14045 rows written (46.9s)
2026-09-12T04:17:07Z [temple] term 202236 "2022 Fall (View Only)": 9679 sections, 11718 meetings, 0 extraction failures, 32649 rows written (226.7s)
2026-09-12T04:17:10Z [gsu] term 202001 "Spring Semester 2020 (View Only)": 10947 sections, 12239 meetings, 0 extraction failures, 34976 rows written (108.3s)
2026-09-12T04:17:24Z [temple] term 202226 "2022 Summer II (View Only)": 724 sections, 786 meetings, 0 extraction failures, 2234 rows written (17.1s)
2026-09-12T04:17:41Z [usf] term 202401 "Spring 2024 (View Only)": 8447 sections, 9115 meetings, 0 extraction failures, 27519 rows written (272.2s)
2026-09-12T04:18:07Z [temple] term 202220 "2022 Summer I (View Only)": 1934 sections, 2209 meetings, 0 extraction failures, 6152 rows written (43.0s)
2026-09-12T04:19:23Z [gsu] term 201908 "Fall Semester 2019 (View Only)": 12696 sections, 14049 meetings, 0 extraction failures, 39988 rows written (132.4s)
2026-09-12T04:20:09Z [gsu] term 201905 "Summer Semester 2019 (View Only)": 4867 sections, 5229 meetings, 0 extraction failures, 15064 rows written (46.8s)
2026-09-12T04:21:54Z [gsu] term 201901 "Spring Semester 2019 (View Only)": 10767 sections, 11909 meetings, 0 extraction failures, 33833 rows written (104.4s)
2026-09-12T04:21:54Z [gsu] Collected: 24/24 terms, 208399 sections, 229208 meetings, 478 requests (0 from cache), 945.7 MB, 00:35:59
2026-09-12T04:22:11Z [usf] term 202308 "Fall 2023 (View Only)": 8612 sections, 9302 meetings, 0 extraction failures, 28119 rows written (270.3s)
2026-09-12T04:23:45Z [temple] term 202203 "2022 Spring (View Only)": 10039 sections, 11817 meetings, 0 extraction failures, 33404 rows written (338.5s)
2026-09-12T04:24:06Z [usf] term 202305 "Summer 2023 (View Only)": 3655 sections, 3814 meetings, 0 extraction failures, 11858 rows written (115.0s)
2026-09-12T04:28:03Z [temple] term 202136 "2021 Fall (View Only)": 10119 sections, 12762 meetings, 0 extraction failures, 34774 rows written (258.0s)
2026-09-12T04:28:39Z [temple] term 202126 "2021 Summer II (View Only)": 844 sections, 926 meetings, 0 extraction failures, 2645 rows written (35.4s)
2026-09-12T04:29:11Z [usf] term 202301 "Spring 2023 (View Only)": 9527 sections, 10236 meetings, 0 extraction failures, 30431 rows written (304.9s)
2026-09-12T04:29:18Z [temple] term 202120 "2021 Summer I (View Only)": 1953 sections, 2140 meetings, 0 extraction failures, 6165 rows written (39.5s)
2026-09-12T04:34:11Z [usf] term 202208 "Fall 2022 (View Only)": 9582 sections, 10463 meetings, 0 extraction failures, 30586 rows written (299.9s)
2026-09-12T04:35:09Z [temple] term 202103 "2021 Spring (View Only)": 10076 sections, 12794 meetings, 0 extraction failures, 34579 rows written (350.9s)
2026-09-12T04:35:09Z [temple] Collected: 24/24 terms, 129344 sections, 154500 meetings, 320 requests (0 from cache), 428.5 MB, 00:59:56
2026-09-12T04:36:30Z [usf] term 202205 "Summer 2022 (View Only)": 4559 sections, 4686 meetings, 0 extraction failures, 13974 rows written (139.6s)
2026-09-12T04:41:31Z [usf] term 202201 "Spring 2022 (View Only)": 9497 sections, 10301 meetings, 0 extraction failures, 30153 rows written (300.3s)
2026-09-12T04:46:35Z [usf] term 202108 "Fall 2021 (View Only)": 9703 sections, 10629 meetings, 0 extraction failures, 30972 rows written (304.5s)
2026-09-12T04:48:55Z [usf] term 202105 "Summer 2021 (View Only)": 4732 sections, 4837 meetings, 0 extraction failures, 14388 rows written (139.8s)
2026-09-12T04:54:16Z [usf] term 202101 "Spring 2021 (View Only)": 10174 sections, 10990 meetings, 0 extraction failures, 32233 rows written (321.0s)
2026-09-12T04:58:16Z [usf] term 202008 "Fall 2020 (View Only)": 7733 sections, 8167 meetings, 0 extraction failures, 23944 rows written (240.0s)
2026-09-12T05:00:10Z [usf] term 202005 "Summer 2020 (View Only)": 3912 sections, 3908 meetings, 0 extraction failures, 11624 rows written (114.3s)
2026-09-12T05:00:10Z [usf] Collected: 24/24 terms, 152991 sections, 162980 meetings, 372 requests (0 from cache), 419.3 MB, 01:18:59
2026-09-12T05:00:10Z Run finished in 01:27:54; results in reports/run-20260912T033215Z.json
2026-09-12T05:00:10Z school         status      terms  sections  meetings  requests       MB      time  reason
2026-09-12T05:00:10Z eku            Failed        0/0         0         0         1      0.0  00:00:00  robots.txt (https://registrationss.eku.edu/robots.txt) disallows /StudentRegistrationSsb/ssb/classSearch/getTerms?searchTerm=&offset=1&max=100 for DueGooderBot, so the request was not sent
2026-09-12T05:00:10Z uiuc           Failed        0/5         0         0         7      0.0  00:00:12  stopped after 5 terms failed in a row; last: term/search redirected (HTTP 302), so class search needs a sign-in; only public data is collected
2026-09-12T05:00:10Z sunyempire     Failed        0/0         0         0         1      0.0  00:00:00  robots.txt (https://banner.esc.edu/robots.txt) disallows /StudentRegistrationSsb/ssb/classSearch/getTerms?searchTerm=&offset=1&max=100 for DueGooderBot, so the request was not sent
2026-09-12T05:00:10Z oakland        Failed        0/0         0         0         1      0.0  00:00:00  robots.txt (https://bstreg.oakland.edu/robots.txt) disallows /StudentRegistrationSsb/ssb/classSearch/getTerms?searchTerm=&offset=1&max=100 for DueGooderBot, so the request was not sent
2026-09-12T05:00:10Z uindy          Failed        0/0         0         0         3      0.0  00:00:42  robots.txt (https://banner.uindy.edu/robots.txt) could not be read (The response ended prematurely. (ResponseEnded)); RFC 9309 treats that as disallow-all, so the request was not sent
2026-09-12T05:00:10Z wvu            Failed        0/0         0         0         1      0.0  00:00:00  robots.txt (https://starss.wvu.edu/robots.txt) could not be read (HTTP 500); RFC 9309 treats that as disallow-all, so the request was not sent
2026-09-12T05:00:10Z kccd           Failed        0/0         0         0         3      0.0  00:00:40  robots.txt (https://reg-prod.ec.kccd.edu/robots.txt) could not be read (HTTP 503); RFC 9309 treats that as disallow-all, so the request was not sent
2026-09-12T05:00:10Z starkstate     Collected   24/24     26164     29027       113     91.8  00:06:33  
2026-09-12T05:00:10Z oakton         Failed        0/0         0         0         3      0.0  00:00:40  robots.txt (https://banner.oakton.edu/robots.txt) could not be read (HTTP 503); RFC 9309 treats that as disallow-all, so the request was not sent
2026-09-12T05:00:10Z lehigh         Failed        0/0         0         0         3      0.0  00:00:40  robots.txt (https://reg-prod.ec.lehigh.edu/robots.txt) could not be read (HTTP 503); RFC 9309 treats that as disallow-all, so the request was not sent
2026-09-12T05:00:10Z odu            Failed        0/0         0         0         3      0.0  00:00:40  robots.txt (https://reg-prod.ec.odu.edu/robots.txt) could not be read (HTTP 503); RFC 9309 treats that as disallow-all, so the request was not sent
2026-09-12T05:00:10Z ctstate        Failed        0/0         0         0         3      0.0  00:00:40  robots.txt (https://reg-prod.ec.ct.edu/robots.txt) could not be read (HTTP 503); RFC 9309 treats that as disallow-all, so the request was not sent
2026-09-12T05:00:10Z tric           Failed        0/0         0         0         1      0.0  00:00:00  robots.txt (https://banstup.tri-c.edu/robots.txt) disallows /StudentRegistrationSsb/ssb/classSearch/getTerms?searchTerm=&offset=1&max=100 for DueGooderBot, so the request was not sent
2026-09-12T05:00:10Z blinn          Collected     9/9      5004      5821        37     14.9  00:05:11  
2026-09-12T05:00:10Z ullafayette    Failed        0/0         0         0         3      0.0  00:00:40  robots.txt (https://reg-prod.ec.louisiana.edu/robots.txt) could not be read (HTTP 503); RFC 9309 treats that as disallow-all, so the request was not sent
2026-09-12T05:00:10Z aum            Failed        0/0         0         0         3      0.0  00:00:41  robots.txt (https://ssb9.aum.edu/robots.txt) could not be read (The response ended prematurely. (ResponseEnded)); RFC 9309 treats that as disallow-all, so the request was not sent
2026-09-12T05:00:10Z ucmerced       Failed        0/0         0         0         3      0.0  00:00:40  robots.txt (https://reg-prod.ec.ucmerced.edu/robots.txt) could not be read (HTTP 503); RFC 9309 treats that as disallow-all, so the request was not sent
2026-09-12T05:00:10Z uidaho         Collected   24/24     59456     63197       185    163.6  00:14:28  
2026-09-12T05:00:10Z samford        Collected     3/3      5077      5032        19     16.3  00:01:12  
2026-09-12T05:00:10Z msudenver      Partial     22/24     57602     62854       179    188.7  00:25:09  
2026-09-12T05:00:10Z okstate        Collected   24/24    161796    245255       384    556.1  00:25:01  
2026-09-12T05:00:10Z ou             Collected   24/24    106215    130837       282    503.6  00:19:48  
2026-09-12T05:00:10Z cofc           Collected   24/24     54597     58362       173    158.3  00:08:12  
2026-09-12T05:00:10Z neu            Collected   24/24     51540     58181       168    159.9  00:12:58  
2026-09-12T05:00:10Z ucr            Collected   24/24    198286    198277       458    544.2  00:30:06  
2026-09-12T05:00:10Z fhda           Collected   24/24     27597     40634       125    104.4  00:06:50  
2026-09-12T05:00:10Z montgomery     Collected     8/8     16745     18774        56     57.8  00:02:15  
2026-09-12T05:00:10Z gmu            Collected   24/24    107817    122824       276    380.1  00:27:07  
2026-09-12T05:00:10Z temple         Collected   24/24    129344    154500       320    428.5  00:59:56  
2026-09-12T05:00:10Z ccsf           Collected   24/24     18557     27458        99     59.7  00:03:43  
2026-09-12T05:00:10Z uncc           Collected   24/24     93686    105531       250    279.8  00:29:01  
2026-09-12T05:00:10Z uncw           Collected   24/24     64964     77922       191    212.8  00:12:12  
2026-09-12T05:00:10Z unf            Collected   24/24     56941     72018       177    219.5  00:29:07  
2026-09-12T05:00:10Z usf            Collected   24/24    152991    162980       372    419.3  01:18:59  
2026-09-12T05:00:10Z gsu            Collected   24/24    208399    229208       478    945.7  00:35:59  
2026-09-12T05:00:10Z sju            Collected   24/24     23448     25117       108     76.9  00:04:39  
2026-09-12T05:00:10Z siu            Collected   24/24     75299     83534       216    246.7  00:14:23  
2026-09-12T05:00:10Z utrgv          Collected   24/24     14501     14969        98     46.3  00:03:48  
2026-09-12T05:00:10Z clpccd         Collected   12/12     19867     28850        70     86.9  00:04:19  
2026-09-12T05:00:10Z cocc           Collected   11/11      4549      7210        41     17.1  00:01:38  
2026-09-12T05:00:10Z ufv            Collected   11/11      5345     12003        42     24.0  00:02:16  
2026-09-12T05:00:10Z Schools: 25 collected, 1 partial, 15 failed. Sections: 1745787. Meetings: 2040375. Requests: 4956. Body MB: 6002.9.
